
*** ChampSim Multicore Out-of-Order Simulator ***

Warmup Instructions: 100000
Simulation Instructions: 1000000
Number of CPUs: 1
LLC sets: 2048
LLC ways: 16
Off-chip DRAM Size: 4096 MB Channels: 1 Width: 64-bit Data Rate: 3200 MT/s

CPU 0 runs dpc3_traces/619.lbm_s-2676B.champsimtrace.xz
CPU 0 Bimodal branch predictor

Warmup complete CPU 0 instructions: 100002 cycles: 34137 (Simulation time: 0 hr 0 min 0 sec) 

Finished CPU 0 instructions: 1000000 cycles: 6952417 cumulative IPC: 0.143835 (Simulation time: 0 hr 0 min 3 sec) 

ChampSim completed all CPUs

Region of Interest Statistics

CPU 0 cumulative IPC: 0.143835 instructions: 1000000 cycles: 6952417
L1D TOTAL     ACCESS:     247082  HIT:     186015  MISS:      61067
L1D LOAD      ACCESS:      78349  HIT:      69097  MISS:       9252
L1D RFO       ACCESS:     168733  HIT:     116918  MISS:      51815
L1D PREFETCH  ACCESS:          0  HIT:          0  MISS:          0
L1D WRITEBACK ACCESS:          0  HIT:          0  MISS:          0
L1D PREFETCH  REQUESTED:          0  ISSUED:          0  USEFUL:          0  USELESS:          0
L1D AVERAGE MISS LATENCY: 1212.96 cycles
L1I TOTAL     ACCESS:     155975  HIT:     155975  MISS:          0
L1I LOAD      ACCESS:     155975  HIT:     155975  MISS:          0
L1I RFO       ACCESS:          0  HIT:          0  MISS:          0
L1I PREFETCH  ACCESS:          0  HIT:          0  MISS:          0
L1I WRITEBACK ACCESS:          0  HIT:          0  MISS:          0
L1I PREFETCH  REQUESTED:          0  ISSUED:          0  USEFUL:          0  USELESS:          0
L1I AVERAGE MISS LATENCY: -nan cycles
L2CTotal RQ stalls: 0
L2CTotal WQ stalls: 0
L2CTotal MSHR stalls: 0
L2C TOTAL     ACCESS:     112878  HIT:      71399  MISS:      41479
L2C LOAD      ACCESS:       9252  HIT:          0  MISS:       9252
L2C RFO       ACCESS:      51814  HIT:      19587  MISS:      32227
L2C PREFETCH  ACCESS:          0  HIT:          0  MISS:          0
L2C WRITEBACK ACCESS:      51812  HIT:      51812  MISS:          0
L2C PREFETCH  REQUESTED:          0  ISSUED:          0  USEFUL:          0  USELESS:          0
L2C AVERAGE MISS LATENCY: 1761.67 cycles
LLCTotal RQ stalls: 0
LLCTotal WQ stalls: 0
LLCTotal MSHR stalls: 0
LLCDeadblocks evicted: 8469
LLCBypassed writes by mockingjay: 0
LLC TOTAL     ACCESS:      73927  HIT:      36886  MISS:      37041
LLC LOAD      ACCESS:       9252  HIT:          0  MISS:       9252
LLC RFO       ACCESS:      32212  HIT:       4423  MISS:      27789
LLC PREFETCH  ACCESS:          0  HIT:          0  MISS:          0
LLC WRITEBACK ACCESS:      32463  HIT:      32463  MISS:          0
LLC PREFETCH  REQUESTED:          0  ISSUED:          0  USEFUL:          0  USELESS:          0
LLC AVERAGE LLC MISS LATENCY: 148.714 cycles
LLC AVERAGE LLC REFILL LATENCY: 148.714 cycles
LLC AVERAGE DIRTY WRITEBACK LATENCY: -
LLC AVERAGE EVICTION LATENCY: 0 cycles
LLC AVERAGE REPLACEMENT LATENCY: 0 cycles
LLC AVERAGE INVALIDATION LATENCY: 0 cycles
LLC TOTAL EVICTIONS: 7403
LLC DIRTY EVICTIONS: 7403
LLC CLEAN EVICTIONS: 0
LLC DIRTY VICTIM PERCENTAGE: 100%
LLC TOTAL DIRTY WRITEBACKS: 7403
LLC MEMORY STALL CYCLES: 0
LLC AVERAGE WQ OCCUPANCY: 7.98855 cycles
LLC AVERAGE DIRTY LINE LIFETIME: 5.26733e+06 cycles
LLC AVERAGE MISS LATENCY: 1938.83 cycles
Major fault: 0 Minor fault: 690

-------------------------------------------------------------

-------------------------------------------------------------

-------------------------------------------------------------

-------------------------------------------------------------
Coefficient of intra set write Variation is -->  0.329721
========== CPU STORE COUNT ==========
Line 0xe8035e418780 : 1 stores
Line 0xe8035e458280 : 1 stores
Line 0xe8035e435cc0 : 1 stores
Line 0xe8035e4581c0 : 1 stores
Line 0xe8035e436d40 : 1 stores
Line 0xe8035e435d40 : 1 stores
Line 0xe8035e456980 : 1 stores
Line 0xe8035e455980 : 1 stores
Line 0xe8035e458200 : 1 stores
Line 0xe8035e436c40 : 1 stores
Line 0xe8035e435c40 : 1 stores
Line 0xe8035e458100 : 1 stores
Line 0xe8035e436b80 : 1 stores
Line 0xe8035e4568c0 : 1 stores
Line 0xe8035e4558c0 : 1 stores
Line 0xe8035e418640 : 1 stores
Line 0xe8035e458140 : 2 stores
Line 0xe8035e435b80 : 1 stores
Line 0xe8035e458080 : 1 stores
Line 0xe8035e436c00 : 2 stores
Line 0xe8035e435c00 : 2 stores
Line 0xe8035e456840 : 1 stores
Line 0xe8035e455840 : 1 stores
Line 0xe8035e4580c0 : 2 stores
Line 0xe8035e436b00 : 1 stores
Line 0xe8035e435b00 : 1 stores
Line 0xe8035e454fc0 : 1 stores
Line 0xe8035e436a40 : 1 stores
Line 0xe8035e456780 : 1 stores
Line 0xe8035e455780 : 1 stores
Line 0xe8035e458000 : 2 stores
Line 0xe8035e418500 : 1 stores
Line 0xe8035e435a40 : 1 stores
Line 0xe8035e454f40 : 1 stores
Line 0xe8035e436ac0 : 2 stores
Line 0xe8035e435ac0 : 2 stores
Line 0xe8035e456700 : 1 stores
Line 0xe8035e455700 : 1 stores
Line 0xe8035e454f80 : 2 stores
Line 0xe8035e4369c0 : 1 stores
Line 0xe8035e4359c0 : 1 stores
Line 0xe8035e454e80 : 1 stores
Line 0xe8035e436900 : 1 stores
Line 0xe8035e456640 : 1 stores
Line 0xe8035e455640 : 1 stores
Line 0xe8035e4183c0 : 1 stores
Line 0xe8035e454ec0 : 2 stores
Line 0xe8035e435900 : 1 stores
Line 0xe8035e454e00 : 1 stores
Line 0xe8035e436980 : 2 stores
Line 0xe8035e435980 : 2 stores
Line 0xe8035e4565c0 : 1 stores
Line 0xe8035e4555c0 : 1 stores
Line 0xe8035e454e40 : 2 stores
Line 0xe8035e436880 : 1 stores
Line 0xe8035e435880 : 1 stores
Line 0xe8035e454d40 : 1 stores
Line 0xe8035e4367c0 : 1 stores
Line 0xe8035e456500 : 1 stores
Line 0xe8035e455500 : 1 stores
Line 0xe8035e418280 : 1 stores
Line 0xe8035e454d80 : 2 stores
Line 0xe8035e4357c0 : 1 stores
Line 0xe8035e454cc0 : 1 stores
Line 0xe8035e436840 : 2 stores
Line 0xe8035e435840 : 2 stores
Line 0xe8035e456480 : 1 stores
Line 0xe8035e455480 : 1 stores
Line 0xe8035e454d00 : 2 stores
Line 0xe8035e436740 : 1 stores
Line 0xe8035e435740 : 1 stores
Line 0xe8035e454c00 : 1 stores
Line 0xe8035e436680 : 1 stores
Line 0xe8035e4563c0 : 1 stores
Line 0xe8035e4553c0 : 1 stores
Line 0xe8035e418140 : 1 stores
Line 0xe8035e454c40 : 2 stores
Line 0xe8035e435680 : 1 stores
Line 0xe8035e454b80 : 1 stores
Line 0xe8035e436700 : 2 stores
Line 0xe8035e435700 : 2 stores
Line 0xe8035e456340 : 1 stores
Line 0xe8035e455340 : 1 stores
Line 0xe8035e454bc0 : 2 stores
Line 0xe8035e436600 : 1 stores
Line 0xe8035e435600 : 1 stores
Line 0xe8035e454ac0 : 1 stores
Line 0xe8035e436540 : 1 stores
Line 0xe8035e456280 : 1 stores
Line 0xe8035e455280 : 1 stores
Line 0xe8035e418000 : 1 stores
Line 0xe8035e454b00 : 2 stores
Line 0xe8035e435540 : 1 stores
Line 0xe8035e454a40 : 1 stores
Line 0xe8035e4365c0 : 2 stores
Line 0xe8035e4355c0 : 2 stores
Line 0xe8035e456200 : 1 stores
Line 0xe8035e455200 : 1 stores
Line 0xe8035e454a80 : 2 stores
Line 0xe8035e4364c0 : 1 stores
Line 0xe8035e4354c0 : 1 stores
Line 0xe8035e454980 : 1 stores
Line 0xe8035e436400 : 1 stores
Line 0xe8035e456140 : 1 stores
Line 0xe8035e455140 : 1 stores
Line 0xe8035e414ec0 : 1 stores
Line 0xe8035e4549c0 : 2 stores
Line 0xe8035e435400 : 1 stores
Line 0xe8035e454900 : 1 stores
Line 0xe8035e436480 : 2 stores
Line 0xe8035e435480 : 2 stores
Line 0xe8035e4560c0 : 1 stores
Line 0xe8035e4550c0 : 1 stores
Line 0xe8035e454940 : 2 stores
Line 0xe8035e436380 : 1 stores
Line 0xe8035e435380 : 1 stores
Line 0xe8035e454840 : 1 stores
Line 0xe8035e4362c0 : 1 stores
Line 0xe8035e456000 : 1 stores
Line 0xe8035e455000 : 1 stores
Line 0xe8035e414d80 : 1 stores
Line 0xe8035e454880 : 2 stores
Line 0xe8035e4352c0 : 1 stores
Line 0xe8035e4547c0 : 1 stores
Line 0xe8035e436340 : 2 stores
Line 0xe8035e435340 : 2 stores
Line 0xe8035e452f80 : 1 stores
Line 0xe8035e451f80 : 1 stores
Line 0xe8035e454800 : 2 stores
Line 0xe8035e436240 : 1 stores
Line 0xe8035e435240 : 1 stores
Line 0xe8035e454700 : 1 stores
Line 0xe8035e436180 : 1 stores
Line 0xe8035e452ec0 : 1 stores
Line 0xe8035e451ec0 : 1 stores
Line 0xe8035e414c40 : 1 stores
Line 0xe8035e454740 : 2 stores
Line 0xe8035e435180 : 1 stores
Line 0xe8035e454680 : 1 stores
Line 0xe8035e436200 : 2 stores
Line 0xe8035e435200 : 2 stores
Line 0xe8035e452e40 : 1 stores
Line 0xe8035e451e40 : 1 stores
Line 0xe8035e4546c0 : 2 stores
Line 0xe8035e436100 : 1 stores
Line 0xe8035e435100 : 1 stores
Line 0xe8035e4545c0 : 1 stores
Line 0xe8035e436040 : 1 stores
Line 0xe8035e452d80 : 1 stores
Line 0xe8035e451d80 : 1 stores
Line 0xe8035e414b00 : 1 stores
Line 0xe8035e454600 : 2 stores
Line 0xe8035e435040 : 1 stores
Line 0xe8035e454540 : 1 stores
Line 0xe8035e4360c0 : 2 stores
Line 0xe8035e4350c0 : 2 stores
Line 0xe8035e452d00 : 1 stores
Line 0xe8035e451d00 : 1 stores
Line 0xe8035e454580 : 2 stores
Line 0xe8035e432fc0 : 1 stores
Line 0xe8035e431fc0 : 1 stores
Line 0xe8035e454480 : 1 stores
Line 0xe8035e432f00 : 1 stores
Line 0xe8035e452c40 : 1 stores
Line 0xe8035e451c40 : 1 stores
Line 0xe8035e4149c0 : 1 stores
Line 0xe8035e4544c0 : 2 stores
Line 0xe8035e431f00 : 1 stores
Line 0xe8035e454400 : 1 stores
Line 0xe8035e432f80 : 2 stores
Line 0xe8035e431f80 : 2 stores
Line 0xe8035e452bc0 : 1 stores
Line 0xe8035e451bc0 : 1 stores
Line 0xe8035e454440 : 2 stores
Line 0xe8035e432e80 : 1 stores
Line 0xe8035e431e80 : 1 stores
Line 0xe8035e454340 : 1 stores
Line 0xe8035e432dc0 : 1 stores
Line 0xe8035e452b00 : 1 stores
Line 0xe8035e451b00 : 1 stores
Line 0xe8035e414880 : 1 stores
Line 0xe8035e454380 : 2 stores
Line 0xe8035e431dc0 : 1 stores
Line 0xe8035e4542c0 : 1 stores
Line 0xe8035e432e40 : 2 stores
Line 0xe8035e431e40 : 2 stores
Line 0xe8035e452a80 : 1 stores
Line 0xe8035e451a80 : 1 stores
Line 0xe8035e454300 : 2 stores
Line 0xe8035e432d40 : 1 stores
Line 0xe8035e431d40 : 1 stores
Line 0xe8035e454200 : 1 stores
Line 0xe8035e432c80 : 1 stores
Line 0xe8035e4529c0 : 1 stores
Line 0xe8035e4519c0 : 1 stores
Line 0xe8035e414740 : 1 stores
Line 0xe8035e454240 : 2 stores
Line 0xe8035e431c80 : 1 stores
Line 0xe8035e454180 : 1 stores
Line 0xe8035e432d00 : 2 stores
Line 0xe8035e431d00 : 2 stores
Line 0xe8035e452940 : 1 stores
Line 0xe8035e451940 : 1 stores
Line 0xe8035e4541c0 : 2 stores
Line 0xe8035e432c00 : 1 stores
Line 0xe8035e431c00 : 1 stores
Line 0xe8035e4540c0 : 1 stores
Line 0xe8035e432b40 : 1 stores
Line 0xe8035e452880 : 1 stores
Line 0xe8035e451880 : 1 stores
Line 0xe8035e414600 : 1 stores
Line 0xe8035e454100 : 2 stores
Line 0xe8035e431b40 : 1 stores
Line 0xe8035e454040 : 1 stores
Line 0xe8035e432bc0 : 2 stores
Line 0xe8035e431bc0 : 2 stores
Line 0xe8035e452800 : 1 stores
Line 0xe8035e451800 : 1 stores
Line 0xe8035e454080 : 2 stores
Line 0xe8035e432ac0 : 1 stores
Line 0xe8035e431ac0 : 1 stores
Line 0xe8035e450f80 : 1 stores
Line 0xe8035e432a00 : 1 stores
Line 0xe8035e452740 : 1 stores
Line 0xe8035e451740 : 1 stores
Line 0xe8035e4144c0 : 1 stores
Line 0xe8035e450fc0 : 2 stores
Line 0xe8035e431a00 : 1 stores
Line 0xe8035e450f00 : 1 stores
Line 0xe8035e432a80 : 2 stores
Line 0xe8035e431a80 : 2 stores
Line 0xe8035e4526c0 : 1 stores
Line 0xe8035e4516c0 : 1 stores
Line 0xe8035e450f40 : 2 stores
Line 0xe8035e432980 : 1 stores
Line 0xe8035e431980 : 1 stores
Line 0xe8035e450e40 : 1 stores
Line 0xe8035e4328c0 : 1 stores
Line 0xe8035e452600 : 1 stores
Line 0xe8035e451600 : 1 stores
Line 0xe8035e414380 : 1 stores
Line 0xe8035e450e80 : 2 stores
Line 0xe8035e4318c0 : 1 stores
Line 0xe8035e450dc0 : 1 stores
Line 0xe8035e432940 : 2 stores
Line 0xe8035e431940 : 2 stores
Line 0xe8035e452580 : 1 stores
Line 0xe8035e451580 : 1 stores
Line 0xe8035e450e00 : 2 stores
Line 0xe8035e432840 : 1 stores
Line 0xe8035e431840 : 1 stores
Line 0xe8035e450d00 : 1 stores
Line 0xe8035e432780 : 1 stores
Line 0xe8035e4524c0 : 1 stores
Line 0xe8035e4514c0 : 1 stores
Line 0xe8035e414240 : 1 stores
Line 0xe8035e450d40 : 2 stores
Line 0xe8035e431780 : 1 stores
Line 0xe8035e450c80 : 1 stores
Line 0xe8035e432800 : 2 stores
Line 0xe8035e431800 : 2 stores
Line 0xe8035e452440 : 1 stores
Line 0xe8035e451440 : 1 stores
Line 0xe8035e450cc0 : 2 stores
Line 0xe8035e432700 : 1 stores
Line 0xe8035e431700 : 1 stores
Line 0xe8035e450bc0 : 1 stores
Line 0xe8035e432640 : 1 stores
Line 0xe8035e452380 : 1 stores
Line 0xe8035e451380 : 1 stores
Line 0xe8035e414100 : 1 stores
Line 0xe8035e450c00 : 2 stores
Line 0xe8035e431640 : 1 stores
Line 0xe8035e450b40 : 1 stores
Line 0xe8035e4326c0 : 2 stores
Line 0xe8035e4316c0 : 2 stores
Line 0xe8035e452300 : 1 stores
Line 0xe8035e451300 : 1 stores
Line 0xe8035e450b80 : 2 stores
Line 0xe8035e4325c0 : 1 stores
Line 0xe8035e4315c0 : 1 stores
Line 0xe8035e450a80 : 1 stores
Line 0xe8035e432500 : 1 stores
Line 0xe8035e452240 : 1 stores
Line 0xe8035e451240 : 1 stores
Line 0xe8035e410fc0 : 1 stores
Line 0xe8035e450ac0 : 2 stores
Line 0xe8035e431500 : 1 stores
Line 0xe8035e450a00 : 1 stores
Line 0xe8035e432580 : 2 stores
Line 0xe8035e431580 : 2 stores
Line 0xe8035e4521c0 : 1 stores
Line 0xe8035e4511c0 : 1 stores
Line 0xe8035e450a40 : 2 stores
Line 0xe8035e432480 : 1 stores
Line 0xe8035e431480 : 1 stores
Line 0xe8035e450940 : 1 stores
Line 0xe8035e4323c0 : 1 stores
Line 0xe8035e452100 : 1 stores
Line 0xe8035e451100 : 1 stores
Line 0xe8035e410e80 : 1 stores
Line 0xe8035e450980 : 2 stores
Line 0xe8035e4313c0 : 1 stores
Line 0xe8035e4508c0 : 1 stores
Line 0xe8035e452080 : 1 stores
Line 0xe8035e451080 : 1 stores
Line 0xe8035e432440 : 2 stores
Line 0xe8035e431440 : 2 stores
Line 0xe8035e450900 : 2 stores
Line 0xe8035e432340 : 1 stores
Line 0xe8035e431340 : 1 stores
Line 0xe8035e450800 : 1 stores
Line 0xe8035e432280 : 1 stores
Line 0xe8035e44efc0 : 1 stores
Line 0xe8035e44dfc0 : 1 stores
Line 0xe8035e410d40 : 1 stores
Line 0xe8035e450840 : 2 stores
Line 0xe8035e431280 : 1 stores
Line 0xe8035e450780 : 1 stores
Line 0xe8035e432300 : 2 stores
Line 0xe8035e431300 : 2 stores
Line 0xe8035e44ef40 : 1 stores
Line 0xe8035e44df40 : 1 stores
Line 0xe8035e4507c0 : 2 stores
Line 0xe8035e432200 : 1 stores
Line 0xe8035e431200 : 1 stores
Line 0xe8035e4506c0 : 1 stores
Line 0xe8035e432140 : 1 stores
Line 0xe8035e44ee80 : 1 stores
Line 0xe8035e44de80 : 1 stores
Line 0xe8035e410c00 : 1 stores
Line 0xe8035e450700 : 2 stores
Line 0xe8035e431140 : 1 stores
Line 0xe8035e450640 : 1 stores
Line 0xe8035e4321c0 : 2 stores
Line 0xe8035e4311c0 : 2 stores
Line 0xe8035e44ee00 : 1 stores
Line 0xe8035e44de00 : 1 stores
Line 0xe8035e450680 : 2 stores
Line 0xe8035e4320c0 : 1 stores
Line 0xe8035e4310c0 : 1 stores
Line 0xe8035e450580 : 1 stores
Line 0xe8035e432000 : 1 stores
Line 0xe8035e44ed40 : 1 stores
Line 0xe8035e44dd40 : 1 stores
Line 0xe8035e410ac0 : 1 stores
Line 0xe8035e4505c0 : 2 stores
Line 0xe8035e431000 : 1 stores
Line 0xe8035e450500 : 1 stores
Line 0xe8035e432080 : 2 stores
Line 0xe8035e431080 : 2 stores
Line 0xe8035e44ecc0 : 1 stores
Line 0xe8035e44dcc0 : 1 stores
Line 0xe8035e450540 : 2 stores
Line 0xe8035e42ef80 : 1 stores
Line 0xe8035e42df80 : 1 stores
Line 0xe8035e450440 : 1 stores
Line 0xe8035e42eec0 : 1 stores
Line 0xe8035e44ec00 : 1 stores
Line 0xe8035e44dc00 : 1 stores
Line 0xe8035e410980 : 1 stores
Line 0xe8035e450480 : 2 stores
Line 0xe8035e42dec0 : 1 stores
Line 0xe8035e4503c0 : 1 stores
Line 0xe8035e42ef40 : 2 stores
Line 0xe8035e42df40 : 2 stores
Line 0xe8035e44eb80 : 1 stores
Line 0xe8035e44db80 : 1 stores
Line 0xe8035e450400 : 2 stores
Line 0xe8035e42ee40 : 1 stores
Line 0xe8035e42de40 : 1 stores
Line 0xe8035e450300 : 1 stores
Line 0xe8035e42ed80 : 1 stores
Line 0xe8035e44eac0 : 1 stores
Line 0xe8035e44dac0 : 1 stores
Line 0xe8035e410840 : 1 stores
Line 0xe8035e450340 : 2 stores
Line 0xe8035e42dd80 : 1 stores
Line 0xe8035e450280 : 1 stores
Line 0xe8035e42ee00 : 2 stores
Line 0xe8035e42de00 : 2 stores
Line 0xe8035e44ea40 : 1 stores
Line 0xe8035e44da40 : 1 stores
Line 0xe8035e4502c0 : 2 stores
Line 0xe8035e42ed00 : 1 stores
Line 0xe8035e42dd00 : 1 stores
Line 0xe8035e4501c0 : 1 stores
Line 0xe8035e42ec40 : 1 stores
Line 0xe8035e44e980 : 1 stores
Line 0xe8035e44d980 : 1 stores
Line 0xe8035e410700 : 1 stores
Line 0xe8035e450200 : 2 stores
Line 0xe8035e42dc40 : 1 stores
Line 0xe8035e450140 : 1 stores
Line 0xe8035e42ecc0 : 2 stores
Line 0xe8035e42dcc0 : 2 stores
Line 0xe8035e44e900 : 1 stores
Line 0xe8035e44d900 : 1 stores
Line 0xe8035e450180 : 2 stores
Line 0xe8035e42ebc0 : 1 stores
Line 0xe8035e42dbc0 : 1 stores
Line 0xe8035e450080 : 1 stores
Line 0xe8035e42eb00 : 1 stores
Line 0xe8035e44e840 : 1 stores
Line 0xe8035e44d840 : 1 stores
Line 0xe8035e4105c0 : 1 stores
Line 0xe8035e4500c0 : 2 stores
Line 0xe8035e42db00 : 1 stores
Line 0xe8035e450000 : 1 stores
Line 0xe8035e42eb80 : 2 stores
Line 0xe8035e42db80 : 2 stores
Line 0xe8035e44e7c0 : 1 stores
Line 0xe8035e44d7c0 : 1 stores
Line 0xe8035e450040 : 2 stores
Line 0xe8035e42ea80 : 1 stores
Line 0xe8035e42da80 : 1 stores
Line 0xe8035e44cf40 : 1 stores
Line 0xe8035e42e9c0 : 1 stores
Line 0xe8035e44e700 : 1 stores
Line 0xe8035e44d700 : 1 stores
Line 0xe8035e410480 : 1 stores
Line 0xe8035e44cf80 : 2 stores
Line 0xe8035e42d9c0 : 1 stores
Line 0xe8035e44cec0 : 1 stores
Line 0xe8035e42ea40 : 2 stores
Line 0xe8035e42da40 : 2 stores
Line 0xe8035e44e680 : 1 stores
Line 0xe8035e44d680 : 1 stores
Line 0xe8035e44cf00 : 2 stores
Line 0xe8035e42e940 : 1 stores
Line 0xe8035e42d940 : 1 stores
Line 0xe8035e44ce00 : 1 stores
Line 0xe8035e42e880 : 1 stores
Line 0xe8035e44e5c0 : 1 stores
Line 0xe8035e44d5c0 : 1 stores
Line 0xe8035e410340 : 1 stores
Line 0xe8035e44ce40 : 2 stores
Line 0xe8035e42d880 : 1 stores
Line 0xe8035e44cd80 : 1 stores
Line 0xe8035e42e900 : 2 stores
Line 0xe8035e42d900 : 2 stores
Line 0xe8035e44e540 : 1 stores
Line 0xe8035e44d540 : 1 stores
Line 0xe8035e44cdc0 : 2 stores
Line 0xe8035e42e800 : 1 stores
Line 0xe8035e42d800 : 1 stores
Line 0xe8035e44ccc0 : 1 stores
Line 0xe8035e42e740 : 1 stores
Line 0xe8035e44e480 : 1 stores
Line 0xe8035e44d480 : 1 stores
Line 0xe8035e410200 : 1 stores
Line 0xe8035e44cd00 : 2 stores
Line 0xe8035e42d740 : 1 stores
Line 0xe8035e44cc40 : 1 stores
Line 0xe8035e42e7c0 : 2 stores
Line 0xe8035e42d7c0 : 2 stores
Line 0xe8035e44e400 : 1 stores
Line 0xe8035e44d400 : 1 stores
Line 0xe8035e44cc80 : 2 stores
Line 0xe8035e42e6c0 : 1 stores
Line 0xe8035e42d6c0 : 1 stores
Line 0xe8035e44cb80 : 1 stores
Line 0xe8035e42e600 : 1 stores
Line 0xe8035e44e340 : 1 stores
Line 0xe8035e44d340 : 1 stores
Line 0xe8035e4100c0 : 1 stores
Line 0xe8035e44cbc0 : 2 stores
Line 0xe8035e42d600 : 1 stores
Line 0xe8035e44cb00 : 1 stores
Line 0xe8035e42e680 : 2 stores
Line 0xe8035e42d680 : 2 stores
Line 0xe8035e44e2c0 : 1 stores
Line 0xe8035e44d2c0 : 1 stores
Line 0xe8035e44cb40 : 2 stores
Line 0xe8035e42e580 : 1 stores
Line 0xe8035e42d580 : 1 stores
Line 0xe8035e44ca40 : 1 stores
Line 0xe8035e42e4c0 : 1 stores
Line 0xe8035e44e200 : 1 stores
Line 0xe8035e44d200 : 1 stores
Line 0xe8035e40cf80 : 1 stores
Line 0xe8035e44ca80 : 2 stores
Line 0xe8035e42d4c0 : 1 stores
Line 0xe8035e44c9c0 : 1 stores
Line 0xe8035e42e540 : 2 stores
Line 0xe8035e42d540 : 2 stores
Line 0xe8035e44e180 : 1 stores
Line 0xe8035e44d180 : 1 stores
Line 0xe8035e44ca00 : 2 stores
Line 0xe8035e42e440 : 1 stores
Line 0xe8035e42d440 : 1 stores
Line 0xe8035e44c900 : 1 stores
Line 0xe8035e42e380 : 1 stores
Line 0xe8035e44e0c0 : 1 stores
Line 0xe8035e44d0c0 : 1 stores
Line 0xe8035e40ce40 : 1 stores
Line 0xe8035e44c940 : 2 stores
Line 0xe8035e42d380 : 1 stores
Line 0xe8035e44c880 : 1 stores
Line 0xe8035e44e040 : 1 stores
Line 0xe8035e44d040 : 1 stores
Line 0xe8035e42e400 : 2 stores
Line 0xe8035e42d400 : 2 stores
Line 0xe8035e44c8c0 : 2 stores
Line 0xe8035e42e300 : 1 stores
Line 0xe8035e42d300 : 1 stores
Line 0xe8035e44c7c0 : 1 stores
Line 0xe8035e42e240 : 1 stores
Line 0xe8035e44af80 : 1 stores
Line 0xe8035e449f80 : 1 stores
Line 0xe8035e40cd00 : 1 stores
Line 0xe8035e44c800 : 2 stores
Line 0xe8035e42d240 : 1 stores
Line 0xe8035e44c740 : 1 stores
Line 0xe8035e42e2c0 : 2 stores
Line 0xe8035e42d2c0 : 2 stores
Line 0xe8035e44af00 : 1 stores
Line 0xe8035e449f00 : 1 stores
Line 0xe8035e44c780 : 2 stores
Line 0xe8035e42e1c0 : 1 stores
Line 0xe8035e42d1c0 : 1 stores
Line 0xe8035e44c680 : 1 stores
Line 0xe8035e42e100 : 1 stores
Line 0xe8035e44ae40 : 1 stores
Line 0xe8035e449e40 : 1 stores
Line 0xe8035e40cbc0 : 1 stores
Line 0xe8035e44c6c0 : 2 stores
Line 0xe8035e42d100 : 1 stores
Line 0xe8035e44c600 : 1 stores
Line 0xe8035e42e180 : 2 stores
Line 0xe8035e42d180 : 2 stores
Line 0xe8035e44adc0 : 1 stores
Line 0xe8035e449dc0 : 1 stores
Line 0xe8035e44c640 : 2 stores
Line 0xe8035e42e080 : 1 stores
Line 0xe8035e42d080 : 1 stores
Line 0xe8035e44c540 : 1 stores
Line 0xe8035e42afc0 : 1 stores
Line 0xe8035e44ad00 : 1 stores
Line 0xe8035e449d00 : 1 stores
Line 0xe8035e40ca80 : 1 stores
Line 0xe8035e44c580 : 2 stores
Line 0xe8035e429fc0 : 1 stores
Line 0xe8035e44c4c0 : 1 stores
Line 0xe8035e42e040 : 2 stores
Line 0xe8035e42d040 : 2 stores
Line 0xe8035e44ac80 : 1 stores
Line 0xe8035e449c80 : 1 stores
Line 0xe8035e44c500 : 2 stores
Line 0xe8035e42af40 : 1 stores
Line 0xe8035e429f40 : 1 stores
Line 0xe8035e44c400 : 1 stores
Line 0xe8035e42ae80 : 1 stores
Line 0xe8035e44abc0 : 1 stores
Line 0xe8035e449bc0 : 1 stores
Line 0xe8035e40c940 : 1 stores
Line 0xe8035e44c440 : 2 stores
Line 0xe8035e429e80 : 1 stores
Line 0xe8035e44c380 : 1 stores
Line 0xe8035e42af00 : 2 stores
Line 0xe8035e429f00 : 2 stores
Line 0xe8035e44ab40 : 1 stores
Line 0xe8035e449b40 : 1 stores
Line 0xe8035e44c3c0 : 2 stores
Line 0xe8035e42ae00 : 1 stores
Line 0xe8035e429e00 : 1 stores
Line 0xe8035e44c2c0 : 1 stores
Line 0xe8035e42ad40 : 1 stores
Line 0xe8035e44aa80 : 1 stores
Line 0xe8035e449a80 : 1 stores
Line 0xe8035e40c800 : 1 stores
Line 0xe8035e44c300 : 2 stores
Line 0xe8035e429d40 : 1 stores
Line 0xe8035e44c240 : 1 stores
Line 0xe8035e42adc0 : 2 stores
Line 0xe8035e429dc0 : 2 stores
Line 0xe8035e44aa00 : 1 stores
Line 0xe8035e449a00 : 1 stores
Line 0xe8035e44c280 : 2 stores
Line 0xe8035e42acc0 : 1 stores
Line 0xe8035e429cc0 : 1 stores
Line 0xe8035e44c180 : 1 stores
Line 0xe8035e42ac00 : 1 stores
Line 0xe8035e44a940 : 1 stores
Line 0xe8035e449940 : 1 stores
Line 0xe8035e40c6c0 : 1 stores
Line 0xe8035e44c1c0 : 2 stores
Line 0xe8035e429c00 : 1 stores
Line 0xe8035e44c100 : 1 stores
Line 0xe8035e42ac80 : 2 stores
Line 0xe8035e429c80 : 2 stores
Line 0xe8035e44a8c0 : 1 stores
Line 0xe8035e4498c0 : 1 stores
Line 0xe8035e44c140 : 2 stores
Line 0xe8035e42ab80 : 1 stores
Line 0xe8035e429b80 : 1 stores
Line 0xe8035e44c040 : 1 stores
Line 0xe8035e42aac0 : 1 stores
Line 0xe8035e44a800 : 1 stores
Line 0xe8035e40c580 : 1 stores
Line 0xe8035e44c080 : 2 stores
Line 0xe8035e429ac0 : 1 stores
Line 0xe8035e448fc0 : 1 stores
Line 0xe8035e42ab40 : 2 stores
Line 0xe8035e429b40 : 2 stores
Line 0xe8035e44a780 : 1 stores
Line 0xe8035e449780 : 1 stores
Line 0xe8035e44c000 : 2 stores
Line 0xe8035e42aa40 : 1 stores
Line 0xe8035e429a40 : 1 stores
Line 0xe8035e448f00 : 1 stores
Line 0xe8035e42a980 : 1 stores
Line 0xe8035e44a6c0 : 1 stores
Line 0xe8035e40c440 : 1 stores
Line 0xe8035e448f40 : 2 stores
Line 0xe8035e429980 : 1 stores
Line 0xe8035e448e80 : 1 stores
Line 0xe8035e42aa00 : 2 stores
Line 0xe8035e429a00 : 2 stores
Line 0xe8035e44a640 : 1 stores
Line 0xe8035e449640 : 1 stores
Line 0xe8035e448ec0 : 2 stores
Line 0xe8035e42a900 : 1 stores
Line 0xe8035e429900 : 1 stores
Line 0xe8035e448dc0 : 1 stores
Line 0xe8035e42a840 : 1 stores
Line 0xe8035e44a580 : 1 stores
Line 0xe8035e40c300 : 1 stores
Line 0xe8035e448e00 : 2 stores
Line 0xe8035e429840 : 1 stores
Line 0xe8035e448d40 : 1 stores
Line 0xe8035e42a8c0 : 2 stores
Line 0xe8035e4298c0 : 2 stores
Line 0xe8035e44a500 : 1 stores
Line 0xe8035e449500 : 1 stores
Line 0xe8035e448d80 : 2 stores
Line 0xe8035e42a7c0 : 1 stores
Line 0xe8035e4297c0 : 1 stores
Line 0xe8035e448c80 : 1 stores
Line 0xe8035e42a700 : 1 stores
Line 0xe8035e44a440 : 1 stores
Line 0xe8035e40c1c0 : 1 stores
Line 0xe8035e448cc0 : 2 stores
Line 0xe8035e429700 : 1 stores
Line 0xe8035e448c00 : 1 stores
Line 0xe8035e42a780 : 2 stores
Line 0xe8035e429780 : 2 stores
Line 0xe8035e44a3c0 : 1 stores
Line 0xe8035e4493c0 : 1 stores
Line 0xe8035e448c40 : 2 stores
Line 0xe8035e42a680 : 1 stores
Line 0xe8035e429680 : 1 stores
Line 0xe8035e448b40 : 1 stores
Line 0xe8035e42a5c0 : 1 stores
Line 0xe8035e44a300 : 1 stores
Line 0xe8035e40c080 : 1 stores
Line 0xe8035e448b80 : 2 stores
Line 0xe8035e4295c0 : 1 stores
Line 0xe8035e448ac0 : 1 stores
Line 0xe8035e42a640 : 2 stores
Line 0xe8035e429640 : 2 stores
Line 0xe8035e44a280 : 1 stores
Line 0xe8035e449280 : 1 stores
Line 0xe8035e448b00 : 2 stores
Line 0xe8035e42a540 : 1 stores
Line 0xe8035e429540 : 1 stores
Line 0xe8035e448a00 : 1 stores
Line 0xe8035e42a480 : 1 stores
Line 0xe8035e44a1c0 : 1 stores
Line 0xe8035e4491c0 : 1 stores
Line 0xe8035e408f40 : 1 stores
Line 0xe8035e448a40 : 2 stores
Line 0xe8035e429480 : 1 stores
Line 0xe8035e448980 : 1 stores
Line 0xe8035e42a500 : 2 stores
Line 0xe8035e429500 : 2 stores
Line 0xe8035e44a140 : 1 stores
Line 0xe8035e449140 : 1 stores
Line 0xe8035e4489c0 : 2 stores
Line 0xe8035e42a400 : 1 stores
Line 0xe8035e429400 : 1 stores
Line 0xe8035e4488c0 : 1 stores
Line 0xe8035e42a340 : 1 stores
Line 0xe8035e44a080 : 1 stores
Line 0xe8035e449080 : 1 stores
Line 0xe8035e408e00 : 1 stores
Line 0xe8035e448900 : 2 stores
Line 0xe8035e429340 : 1 stores
Line 0xe8035e42a3c0 : 2 stores
Line 0xe8035e44a000 : 1 stores
Line 0xe8035e449000 : 1 stores
Line 0xe8035e4293c0 : 2 stores
Line 0xe8035e42a2c0 : 1 stores
Line 0xe8035e4292c0 : 1 stores
Line 0xe8035e42a200 : 1 stores
Line 0xe8035e445f40 : 1 stores
Line 0xe8035e408cc0 : 1 stores
Line 0xe8035e429200 : 1 stores
Line 0xe8035e42a280 : 2 stores
Line 0xe8035e429280 : 2 stores
Line 0xe8035e445ec0 : 1 stores
Line 0xe8035e42a180 : 1 stores
Line 0xe8035e429180 : 1 stores
Line 0xe8035e42a0c0 : 1 stores
Line 0xe8035e445e00 : 1 stores
Line 0xe8035e408b80 : 1 stores
Line 0xe8035e4290c0 : 1 stores
Line 0xe8035e42a140 : 2 stores
Line 0xe8035e429140 : 2 stores
Line 0xe8035e445d80 : 1 stores
Line 0xe8035e42a040 : 1 stores
Line 0xe8035e429040 : 1 stores
Line 0xe8035e425f80 : 1 stores
Line 0xe8035e445cc0 : 1 stores
Line 0xe8035e408a40 : 1 stores
Line 0xe8035e426f80 : 1 stores
Line 0xe8035e429000 : 2 stores
Line 0xe8035e42a000 : 2 stores
Line 0xe8035e445c40 : 1 stores
Line 0xe8035e425f00 : 1 stores
Line 0xe8035e426f00 : 1 stores
Line 0xe8035e425e40 : 1 stores
Line 0xe8035e445b80 : 1 stores
Line 0xe8035e408900 : 1 stores
Line 0xe8035e426e40 : 1 stores
Line 0xe8035e425ec0 : 2 stores
Line 0xe8035e426ec0 : 2 stores
Line 0xe8035e445b00 : 1 stores
Line 0xe8035e425dc0 : 1 stores
Line 0xe8035e426dc0 : 1 stores
Line 0xe8035e425d00 : 1 stores
Line 0xe8035e445a40 : 1 stores
Line 0xe8035e4087c0 : 1 stores
Line 0xe8035e426d00 : 1 stores
Line 0xe8035e425d80 : 2 stores
Line 0xe8035e426d80 : 2 stores
Line 0xe8035e4459c0 : 1 stores
Line 0xe8035e425c80 : 1 stores
Line 0xe8035e426c80 : 1 stores
Line 0xe8035e425bc0 : 1 stores
Line 0xe8035e445900 : 1 stores
Line 0xe8035e408680 : 1 stores
Line 0xe8035e426bc0 : 1 stores
Line 0xe8035e425c40 : 2 stores
Line 0xe8035e426c40 : 2 stores
Line 0xe8035e445880 : 1 stores
Line 0xe8035e446880 : 1 stores
Line 0xe8035e425b40 : 1 stores
Line 0xe8035e426b40 : 1 stores
Line 0xe8035e425a80 : 1 stores
Line 0xe8035e4457c0 : 1 stores
Line 0xe8035e4467c0 : 1 stores
Line 0xe8035e408540 : 1 stores
Line 0xe8035e426a80 : 1 stores
Line 0xe8035e444f80 : 1 stores
Line 0xe8035e425b00 : 2 stores
Line 0xe8035e426b00 : 2 stores
Line 0xe8035e445740 : 1 stores
Line 0xe8035e446740 : 1 stores
Line 0xe8035e444fc0 : 2 stores
Line 0xe8035e425a00 : 1 stores
Line 0xe8035e426a00 : 1 stores
Line 0xe8035e444ec0 : 1 stores
Line 0xe8035e425940 : 1 stores
Line 0xe8035e445680 : 1 stores
Line 0xe8035e446680 : 1 stores
Line 0xe8035e408400 : 1 stores
Line 0xe8035e444f00 : 2 stores
Line 0xe8035e426940 : 1 stores
Line 0xe8035e444e40 : 1 stores
Line 0xe8035e4259c0 : 2 stores
Line 0xe8035e4269c0 : 2 stores
Line 0xe8035e445600 : 1 stores
Line 0xe8035e446600 : 1 stores
Line 0xe8035e444e80 : 2 stores
Line 0xe8035e4258c0 : 1 stores
Line 0xe8035e4268c0 : 1 stores
Line 0xe8035e444d80 : 1 stores
Line 0xe8035e425800 : 1 stores
Line 0xe8035e445540 : 1 stores
Line 0xe8035e446540 : 1 stores
Line 0xe8035e4082c0 : 1 stores
Line 0xe8035e444dc0 : 2 stores
Line 0xe8035e426800 : 1 stores
Line 0xe8035e444d00 : 1 stores
Line 0xe8035e425880 : 2 stores
Line 0xe8035e426880 : 2 stores
Line 0xe8035e4454c0 : 1 stores
Line 0xe8035e4464c0 : 1 stores
Line 0xe8035e444d40 : 2 stores
Line 0xe8035e425780 : 1 stores
Line 0xe8035e426780 : 1 stores
Line 0xe8035e444c40 : 1 stores
Line 0xe8035e4256c0 : 1 stores
Line 0xe8035e445400 : 1 stores
Line 0xe8035e446400 : 1 stores
Line 0xe8035e408180 : 1 stores
Line 0xe8035e444c80 : 2 stores
Line 0xe8035e4266c0 : 1 stores
Line 0xe8035e444bc0 : 1 stores
Line 0xe8035e425740 : 2 stores
Line 0xe8035e426740 : 2 stores
Line 0xe8035e445380 : 1 stores
Line 0xe8035e446380 : 1 stores
Line 0xe8035e444c00 : 2 stores
Line 0xe8035e425640 : 1 stores
Line 0xe8035e426640 : 1 stores
Line 0xe8035e444b00 : 1 stores
Line 0xe8035e425580 : 1 stores
Line 0xe8035e4452c0 : 1 stores
Line 0xe8035e4462c0 : 1 stores
Line 0xe8035e408040 : 1 stores
Line 0xe8035e444b40 : 2 stores
Line 0xe8035e426580 : 1 stores
Line 0xe8035e444a80 : 1 stores
Line 0xe8035e425600 : 2 stores
Line 0xe8035e426600 : 2 stores
Line 0xe8035e445240 : 1 stores
Line 0xe8035e446240 : 1 stores
Line 0xe8035e444ac0 : 2 stores
Line 0xe8035e425500 : 1 stores
Line 0xe8035e426500 : 1 stores
Line 0xe8035e4449c0 : 1 stores
Line 0xe8035e425440 : 1 stores
Line 0xe8035e445180 : 1 stores
Line 0xe8035e446180 : 1 stores
Line 0xe8035e404f00 : 1 stores
Line 0xe8035e444a00 : 2 stores
Line 0xe8035e426440 : 1 stores
Line 0xe8035e444940 : 1 stores
Line 0xe8035e4254c0 : 2 stores
Line 0xe8035e4264c0 : 2 stores
Line 0xe8035e445100 : 1 stores
Line 0xe8035e446100 : 1 stores
Line 0xe8035e444980 : 2 stores
Line 0xe8035e4253c0 : 1 stores
Line 0xe8035e4263c0 : 1 stores
Line 0xe8035e444880 : 1 stores
Line 0xe8035e446040 : 1 stores
Line 0xe8035e445040 : 1 stores
Line 0xe8035e425300 : 1 stores
Line 0xe8035e4448c0 : 2 stores
Line 0xe8035e404dc0 : 1 stores
Line 0xe8035e426300 : 1 stores
Line 0xe8035e444800 : 1 stores
Line 0xe8035e426380 : 2 stores
Line 0xe8035e425380 : 2 stores
Line 0xe8035e441fc0 : 1 stores
Line 0xe8035e442fc0 : 1 stores
Line 0xe8035e444840 : 2 stores
Line 0xe8035e426280 : 1 stores
Line 0xe8035e425280 : 1 stores
Line 0xe8035e444740 : 1 stores
Line 0xe8035e4251c0 : 1 stores
Line 0xe8035e441f00 : 1 stores
Line 0xe8035e442f00 : 1 stores
Line 0xe8035e444780 : 2 stores
Line 0xe8035e404c80 : 1 stores
Line 0xe8035e4261c0 : 1 stores
Line 0xe8035e4446c0 : 1 stores
Line 0xe8035e426240 : 2 stores
Line 0xe8035e425240 : 2 stores
Line 0xe8035e441e80 : 1 stores
Line 0xe8035e442e80 : 1 stores
Line 0xe8035e444700 : 2 stores
Line 0xe8035e426140 : 1 stores
Line 0xe8035e425140 : 1 stores
Line 0xe8035e444600 : 1 stores
Line 0xe8035e425080 : 1 stores
Line 0xe8035e441dc0 : 1 stores
Line 0xe8035e442dc0 : 1 stores
Line 0xe8035e444640 : 2 stores
Line 0xe8035e404b40 : 1 stores
Line 0xe8035e426080 : 1 stores
Line 0xe8035e444580 : 1 stores
Line 0xe8035e425100 : 2 stores
Line 0xe8035e426100 : 2 stores
Line 0xe8035e442d40 : 1 stores
Line 0xe8035e441d40 : 1 stores
Line 0xe8035e4445c0 : 2 stores
Line 0xe8035e425000 : 1 stores
Line 0xe8035e426000 : 1 stores
Line 0xe8035e4444c0 : 1 stores
Line 0xe8035e422f40 : 1 stores
Line 0xe8035e442c80 : 1 stores
Line 0xe8035e441c80 : 1 stores
Line 0xe8035e404a00 : 1 stores
Line 0xe8035e444500 : 2 stores
Line 0xe8035e421f40 : 1 stores
Line 0xe8035e444440 : 1 stores
Line 0xe8035e422fc0 : 2 stores
Line 0xe8035e421fc0 : 2 stores
Line 0xe8035e442c00 : 1 stores
Line 0xe8035e441c00 : 1 stores
Line 0xe8035e444480 : 2 stores
Line 0xe8035e422ec0 : 1 stores
Line 0xe8035e421ec0 : 1 stores
Line 0xe8035e444380 : 1 stores
Line 0xe8035e422e00 : 1 stores
Line 0xe8035e442b40 : 1 stores
Line 0xe8035e441b40 : 1 stores
Line 0xe8035e4048c0 : 1 stores
Line 0xe8035e4443c0 : 2 stores
Line 0xe8035e421e00 : 1 stores
Line 0xe8035e444300 : 1 stores
Line 0xe8035e422e80 : 2 stores
Line 0xe8035e421e80 : 2 stores
Line 0xe8035e442ac0 : 1 stores
Line 0xe8035e441ac0 : 1 stores
Line 0xe8035e444340 : 2 stores
Line 0xe8035e422d80 : 1 stores
Line 0xe8035e421d80 : 1 stores
Line 0xe8035e444240 : 1 stores
Line 0xe8035e422cc0 : 1 stores
Line 0xe8035e442a00 : 1 stores
Line 0xe8035e441a00 : 1 stores
Line 0xe8035e404780 : 1 stores
Line 0xe8035e444280 : 2 stores
Line 0xe8035e421cc0 : 1 stores
Line 0xe8035e4441c0 : 1 stores
Line 0xe8035e422d40 : 2 stores
Line 0xe8035e421d40 : 2 stores
Line 0xe8035e442980 : 1 stores
Line 0xe8035e441980 : 1 stores
Line 0xe8035e444200 : 2 stores
Line 0xe8035e422c40 : 1 stores
Line 0xe8035e421c40 : 1 stores
Line 0xe8035e444100 : 1 stores
Line 0xe8035e422b80 : 1 stores
Line 0xe8035e4428c0 : 1 stores
Line 0xe8035e4418c0 : 1 stores
Line 0xe8035e404640 : 1 stores
Line 0xe8035e444140 : 2 stores
Line 0xe8035e421b80 : 1 stores
Line 0xe8035e444080 : 1 stores
Line 0xe8035e422c00 : 2 stores
Line 0xe8035e421c00 : 2 stores
Line 0xe8035e442840 : 1 stores
Line 0xe8035e441840 : 1 stores
Line 0xe8035e4440c0 : 2 stores
Line 0xe8035e422b00 : 1 stores
Line 0xe8035e421b00 : 1 stores
Line 0xe8035e440fc0 : 1 stores
Line 0xe8035e422a40 : 1 stores
Line 0xe8035e442780 : 1 stores
Line 0xe8035e441780 : 1 stores
Line 0xe8035e404500 : 1 stores
Line 0xe8035e444000 : 2 stores
Line 0xe8035e421a40 : 1 stores
Line 0xe8035e440f40 : 1 stores
Line 0xe8035e422ac0 : 2 stores
Line 0xe8035e421ac0 : 2 stores
Line 0xe8035e442700 : 1 stores
Line 0xe8035e441700 : 1 stores
Line 0xe8035e440f80 : 2 stores
Line 0xe8035e4229c0 : 1 stores
Line 0xe8035e4219c0 : 1 stores
Line 0xe8035e440e80 : 1 stores
Line 0xe8035e422900 : 1 stores
Line 0xe8035e441640 : 1 stores
Line 0xe8035e442640 : 1 stores
Line 0xe8035e440ec0 : 2 stores
Line 0xe8035e4043c0 : 1 stores
Line 0xe8035e421900 : 1 stores
Line 0xe8035e440e00 : 1 stores
Line 0xe8035e421980 : 2 stores
Line 0xe8035e422980 : 2 stores
Line 0xe8035e4415c0 : 1 stores
Line 0xe8035e4425c0 : 1 stores
Line 0xe8035e440e40 : 2 stores
Line 0xe8035e421880 : 1 stores
Line 0xe8035e422880 : 1 stores
Line 0xe8035e440d40 : 1 stores
Line 0xe8035e4227c0 : 1 stores
Line 0xe8035e442500 : 1 stores
Line 0xe8035e441500 : 1 stores
Line 0xe8035e404280 : 1 stores
Line 0xe8035e440d80 : 2 stores
Line 0xe8035e4217c0 : 1 stores
Line 0xe8035e440cc0 : 1 stores
Line 0xe8035e422840 : 2 stores
Line 0xe8035e421840 : 2 stores
Line 0xe8035e442480 : 1 stores
Line 0xe8035e441480 : 1 stores
Line 0xe8035e440d00 : 2 stores
Line 0xe8035e422740 : 1 stores
Line 0xe8035e421740 : 1 stores
Line 0xe8035e440c00 : 1 stores
Line 0xe8035e422680 : 1 stores
Line 0xe8035e4423c0 : 1 stores
Line 0xe8035e4413c0 : 1 stores
Line 0xe8035e404140 : 1 stores
Line 0xe8035e440c40 : 2 stores
Line 0xe8035e421680 : 1 stores
Line 0xe8035e440b80 : 1 stores
Line 0xe8035e422700 : 2 stores
Line 0xe8035e421700 : 2 stores
Line 0xe8035e442340 : 1 stores
Line 0xe8035e441340 : 1 stores
Line 0xe8035e440bc0 : 2 stores
Line 0xe8035e422600 : 1 stores
Line 0xe8035e421600 : 1 stores
Line 0xe8035e440ac0 : 1 stores
Line 0xe8035e422540 : 1 stores
Line 0xe8035e442280 : 1 stores
Line 0xe8035e441280 : 1 stores
Line 0xe8035e404000 : 1 stores
Line 0xe8035e440b00 : 2 stores
Line 0xe8035e421540 : 1 stores
Line 0xe8035e440a40 : 1 stores
Line 0xe8035e4225c0 : 2 stores
Line 0xe8035e4215c0 : 2 stores
Line 0xe8035e442200 : 1 stores
Line 0xe8035e441200 : 1 stores
Line 0xe8035e440a80 : 2 stores
Line 0xe8035e4224c0 : 1 stores
Line 0xe8035e4214c0 : 1 stores
Line 0xe8035e440980 : 1 stores
Line 0xe8035e422400 : 1 stores
Line 0xe8035e442140 : 1 stores
Line 0xe8035e441140 : 1 stores
Line 0xe8035e400ec0 : 1 stores
Line 0xe8035e4409c0 : 2 stores
Line 0xe8035e421400 : 1 stores
Line 0xe8035e440900 : 1 stores
Line 0xe8035e422480 : 2 stores
Line 0xe8035e421480 : 2 stores
Line 0xe8035e4420c0 : 1 stores
Line 0xe8035e4410c0 : 1 stores
Line 0xe8035e440940 : 2 stores
Line 0xe8035e422380 : 1 stores
Line 0xe8035e421380 : 1 stores
Line 0xe8035e440840 : 1 stores
Line 0xe8035e4222c0 : 1 stores
Line 0xe8035e442000 : 1 stores
Line 0xe8035e441000 : 1 stores
Line 0xe8035e400d80 : 1 stores
Line 0xe8035e440880 : 2 stores
Line 0xe8035e4212c0 : 1 stores
Line 0xe8035e4407c0 : 1 stores
Line 0xe8035e422340 : 2 stores
Line 0xe8035e421340 : 2 stores
Line 0xe8035e43ef80 : 1 stores
Line 0xe8035e43df80 : 1 stores
Line 0xe8035e440800 : 2 stores
Line 0xe8035e422240 : 1 stores
Line 0xe8035e421240 : 1 stores
Line 0xe8035e440700 : 1 stores
Line 0xe8035e422180 : 1 stores
Line 0xe8035e43eec0 : 1 stores
Line 0xe8035e43dec0 : 1 stores
Line 0xe8035e400c40 : 1 stores
Line 0xe8035e440740 : 2 stores
Line 0xe8035e421180 : 1 stores
Line 0xe8035e440680 : 1 stores
Line 0xe8035e422200 : 2 stores
Line 0xe8035e421200 : 2 stores
Line 0xe8035e43ee40 : 1 stores
Line 0xe8035e43de40 : 1 stores
Line 0xe8035e4406c0 : 2 stores
Line 0xe8035e422100 : 1 stores
Line 0xe8035e421100 : 1 stores
Line 0xe8035e4405c0 : 1 stores
Line 0xe8035e422040 : 1 stores
Line 0xe8035e43ed80 : 1 stores
Line 0xe8035e43dd80 : 1 stores
Line 0xe8035e400b00 : 1 stores
Line 0xe8035e440600 : 2 stores
Line 0xe8035e421040 : 1 stores
Line 0xe8035e440540 : 1 stores
Line 0xe8035e4220c0 : 2 stores
Line 0xe8035e4210c0 : 2 stores
Line 0xe8035e43ed00 : 1 stores
Line 0xe8035e43dd00 : 1 stores
Line 0xe8035e440580 : 2 stores
Line 0xe8035e41efc0 : 1 stores
Line 0xe8035e41dfc0 : 1 stores
Line 0xe8035e440480 : 1 stores
Line 0xe8035e41ef00 : 1 stores
Line 0xe8035e43ec40 : 1 stores
Line 0xe8035e43dc40 : 1 stores
Line 0xe8035e4009c0 : 1 stores
Line 0xe8035e4404c0 : 2 stores
Line 0xe8035e41df00 : 1 stores
Line 0xe8035e440400 : 1 stores
Line 0xe8035e41ef80 : 2 stores
Line 0xe8035e41df80 : 2 stores
Line 0xe8035e43ebc0 : 1 stores
Line 0xe8035e43dbc0 : 1 stores
Line 0xe8035e440440 : 2 stores
Line 0xe8035e41ee80 : 1 stores
Line 0xe8035e41de80 : 1 stores
Line 0xe8035e440340 : 1 stores
Line 0xe8035e41edc0 : 1 stores
Line 0xe8035e43eb00 : 1 stores
Line 0xe8035e43db00 : 1 stores
Line 0xe8035e400880 : 1 stores
Line 0xe8035e440380 : 2 stores
Line 0xe8035e41ddc0 : 1 stores
Line 0xe8035e4402c0 : 1 stores
Line 0xe8035e41ee40 : 2 stores
Line 0xe8035e41de40 : 2 stores
Line 0xe8035e43ea80 : 1 stores
Line 0xe8035e43da80 : 1 stores
Line 0xe8035e440300 : 2 stores
Line 0xe8035e41ed40 : 1 stores
Line 0xe8035e41dd40 : 1 stores
Line 0xe8035e440200 : 1 stores
Line 0xe8035e41ec80 : 1 stores
Line 0xe8035e43e9c0 : 1 stores
Line 0xe8035e43d9c0 : 1 stores
Line 0xe8035e400740 : 1 stores
Line 0xe8035e440240 : 2 stores
Line 0xe8035e41dc80 : 1 stores
Line 0xe8035e440180 : 1 stores
Line 0xe8035e41ed00 : 2 stores
Line 0xe8035e41dd00 : 2 stores
Line 0xe8035e43e940 : 1 stores
Line 0xe8035e43d940 : 1 stores
Line 0xe8035e4401c0 : 2 stores
Line 0xe8035e41ec00 : 1 stores
Line 0xe8035e41dc00 : 1 stores
Line 0xe8035e4400c0 : 1 stores
Line 0xe8035e41eb40 : 1 stores
Line 0xe8035e43e880 : 1 stores
Line 0xe8035e43d880 : 1 stores
Line 0xe8035e400600 : 1 stores
Line 0xe8035e440100 : 2 stores
Line 0xe8035e41db40 : 1 stores
Line 0xe8035e440040 : 1 stores
Line 0xe8035e41ebc0 : 2 stores
Line 0xe8035e41dbc0 : 2 stores
Line 0xe8035e43e800 : 1 stores
Line 0xe8035e43d800 : 1 stores
Line 0xe8035e440080 : 2 stores
Line 0xe8035e41eac0 : 1 stores
Line 0xe8035e41dac0 : 1 stores
Line 0xe8035e43cf80 : 1 stores
Line 0xe8035e41ea00 : 1 stores
Line 0xe8035e43e740 : 1 stores
Line 0xe8035e43d740 : 1 stores
Line 0xe8035e4004c0 : 1 stores
Line 0xe8035e43cfc0 : 2 stores
Line 0xe8035e41da00 : 1 stores
Line 0xe8035e43cf00 : 1 stores
Line 0xe8035e41ea80 : 2 stores
Line 0xe8035e41da80 : 2 stores
Line 0xe8035e43e6c0 : 1 stores
Line 0xe8035e43d6c0 : 1 stores
Line 0xe8035e43cf40 : 2 stores
Line 0xe8035e41e980 : 1 stores
Line 0xe8035e41d980 : 1 stores
Line 0xe8035e43ce40 : 1 stores
Line 0xe8035e41e8c0 : 1 stores
Line 0xe8035e43e600 : 1 stores
Line 0xe8035e43d600 : 1 stores
Line 0xe8035e400380 : 1 stores
Line 0xe8035e43ce80 : 2 stores
Line 0xe8035e41d8c0 : 1 stores
Line 0xe8035e43cdc0 : 1 stores
Line 0xe8035e41e940 : 2 stores
Line 0xe8035e41d940 : 2 stores
Line 0xe8035e43e580 : 1 stores
Line 0xe8035e43d580 : 1 stores
Line 0xe8035e43ce00 : 2 stores
Line 0xe8035e41e840 : 1 stores
Line 0xe8035e41d840 : 1 stores
Line 0xe8035e43cd00 : 1 stores
Line 0xe8035e41e780 : 1 stores
Line 0xe8035e43e4c0 : 1 stores
Line 0xe8035e43d4c0 : 1 stores
Line 0xe8035e400240 : 1 stores
Line 0xe8035e43cd40 : 2 stores
Line 0xe8035e41d780 : 1 stores
Line 0xe8035e43cc80 : 1 stores
Line 0xe8035e41e800 : 2 stores
Line 0xe8035e41d800 : 2 stores
Line 0xe8035e43e440 : 1 stores
Line 0xe8035e43d440 : 1 stores
Line 0xe8035e43ccc0 : 2 stores
Line 0xe8035e41e700 : 1 stores
Line 0xe8035e41d700 : 1 stores
Line 0xe8035e43cbc0 : 1 stores
Line 0xe8035e41e640 : 1 stores
Line 0xe8035e43e380 : 1 stores
Line 0xe8035e43d380 : 1 stores
Line 0xe8035e400100 : 1 stores
Line 0xe8035e43cc00 : 2 stores
Line 0xe8035e41d640 : 1 stores
Line 0xe8035e43cb40 : 1 stores
Line 0xe8035e41e6c0 : 2 stores
Line 0xe8035e41d6c0 : 2 stores
Line 0xe8035e43e300 : 1 stores
Line 0xe8035e43d300 : 1 stores
Line 0xe8035e43cb80 : 2 stores
Line 0xe8035e41e5c0 : 1 stores
Line 0xe8035e41d5c0 : 1 stores
Line 0xe8035e43ca80 : 1 stores
Line 0xe8035e41e500 : 1 stores
Line 0xe8035e43e240 : 1 stores
Line 0xe8035e43d240 : 1 stores
Line 0xe8035e3fcfc0 : 1 stores
Line 0xe8035e43cac0 : 2 stores
Line 0xe8035e41d500 : 1 stores
Line 0xe8035e43ca00 : 1 stores
Line 0xe8035e41e580 : 2 stores
Line 0xe8035e41d580 : 2 stores
Line 0xe8035e43e1c0 : 1 stores
Line 0xe8035e43d1c0 : 1 stores
Line 0xe8035e43ca40 : 2 stores
Line 0xe8035e41e480 : 1 stores
Line 0xe8035e41d480 : 1 stores
Line 0xe8035e43c940 : 1 stores
Line 0xe8035e41e3c0 : 1 stores
Line 0xe8035e43e100 : 1 stores
Line 0xe8035e43d100 : 1 stores
Line 0xe8035e3fce80 : 1 stores
Line 0xe8035e43c980 : 2 stores
Line 0xe8035e41d3c0 : 1 stores
Line 0xe8035e43c8c0 : 1 stores
Line 0xe8035e41e440 : 2 stores
Line 0xe8035e41d440 : 2 stores
Line 0xe8035e43e080 : 1 stores
Line 0xe8035e43d080 : 1 stores
Line 0xe8035e43c900 : 2 stores
Line 0xe8035e41e340 : 1 stores
Line 0xe8035e41d340 : 1 stores
Line 0xe8035e43c800 : 1 stores
Line 0xe8035e41e280 : 1 stores
Line 0xe8035e43afc0 : 1 stores
Line 0xe8035e439fc0 : 1 stores
Line 0xe8035e3fcd40 : 1 stores
Line 0xe8035e43c840 : 2 stores
Line 0xe8035e41d280 : 1 stores
Line 0xe8035e43c780 : 1 stores
Line 0xe8035e41e300 : 2 stores
Line 0xe8035e41d300 : 2 stores
Line 0xe8035e43af40 : 1 stores
Line 0xe8035e439f40 : 1 stores
Line 0xe8035e43c7c0 : 2 stores
Line 0xe8035e41e200 : 1 stores
Line 0xe8035e41d200 : 1 stores
Line 0xe8035e43c6c0 : 1 stores
Line 0xe8035e41e140 : 1 stores
Line 0xe8035e43ae80 : 1 stores
Line 0xe8035e439e80 : 1 stores
Line 0xe8035e3fcc00 : 1 stores
Line 0xe8035e43c700 : 2 stores
Line 0xe8035e41d140 : 1 stores
Line 0xe8035e43c640 : 1 stores
Line 0xe8035e41e1c0 : 2 stores
Line 0xe8035e41d1c0 : 2 stores
Line 0xe8035e43ae00 : 1 stores
Line 0xe8035e439e00 : 1 stores
Line 0xe8035e43c680 : 2 stores
Line 0xe8035e41e0c0 : 1 stores
Line 0xe8035e41d0c0 : 1 stores
Line 0xe8035e43c580 : 1 stores
Line 0xe8035e41e000 : 1 stores
Line 0xe8035e43ad40 : 1 stores
Line 0xe8035e439d40 : 1 stores
Line 0xe8035e3fcac0 : 1 stores
Line 0xe8035e43c5c0 : 2 stores
Line 0xe8035e41d000 : 1 stores
Line 0xe8035e43c500 : 1 stores
Line 0xe8035e41e080 : 2 stores
Line 0xe8035e41d080 : 2 stores
Line 0xe8035e43acc0 : 1 stores
Line 0xe8035e439cc0 : 1 stores
Line 0xe8035e43c540 : 2 stores
Line 0xe8035e41af80 : 1 stores
Line 0xe8035e419f80 : 1 stores
Line 0xe8035e43c440 : 1 stores
Line 0xe8035e41aec0 : 1 stores
Line 0xe8035e43ac00 : 1 stores
Line 0xe8035e439c00 : 1 stores
Line 0xe8035e3fc980 : 1 stores
Line 0xe8035e43c480 : 2 stores
Line 0xe8035e419ec0 : 1 stores
Line 0xe8035e43c3c0 : 1 stores
Line 0xe8035e41af40 : 2 stores
Line 0xe8035e419f40 : 2 stores
Line 0xe8035e43ab80 : 1 stores
Line 0xe8035e439b80 : 1 stores
Line 0xe8035e43c400 : 2 stores
Line 0xe8035e41ae40 : 1 stores
Line 0xe8035e419e40 : 1 stores
Line 0xe8035e43c300 : 1 stores
Line 0xe8035e41ad80 : 1 stores
Line 0xe8035e43aac0 : 1 stores
Line 0xe8035e439ac0 : 1 stores
Line 0xe8035e3fc840 : 1 stores
Line 0xe8035e43c340 : 2 stores
Line 0xe8035e419d80 : 1 stores
Line 0xe8035e43c280 : 1 stores
Line 0xe8035e41ae00 : 2 stores
Line 0xe8035e419e00 : 2 stores
Line 0xe8035e43aa40 : 1 stores
Line 0xe8035e439a40 : 1 stores
Line 0xe8035e43c2c0 : 2 stores
Line 0xe8035e41ad00 : 1 stores
Line 0xe8035e419d00 : 1 stores
Line 0xe8035e43c1c0 : 1 stores
Line 0xe8035e41ac40 : 1 stores
Line 0xe8035e43a980 : 1 stores
Line 0xe8035e439980 : 1 stores
Line 0xe8035e3fc700 : 1 stores
Line 0xe8035e43c200 : 2 stores
Line 0xe8035e419c40 : 1 stores
Line 0xe8035e43c140 : 1 stores
Line 0xe8035e41acc0 : 2 stores
Line 0xe8035e419cc0 : 2 stores
Line 0xe8035e43a900 : 1 stores
Line 0xe8035e439900 : 1 stores
Line 0xe8035e43c180 : 2 stores
Line 0xe8035e41abc0 : 1 stores
Line 0xe8035e419bc0 : 1 stores
Line 0xe8035e43c080 : 1 stores
Line 0xe8035e41ab00 : 1 stores
Line 0xe8035e43a840 : 1 stores
Line 0xe8035e439840 : 1 stores
Line 0xe8035e3fc5c0 : 1 stores
Line 0xe8035e43c0c0 : 2 stores
Line 0xe8035e419b00 : 1 stores
Line 0xe8035e43c000 : 1 stores
Line 0xe8035e41ab80 : 2 stores
Line 0xe8035e419b80 : 2 stores
Line 0xe8035e43a7c0 : 1 stores
Line 0xe8035e4397c0 : 1 stores
Line 0xe8035e43c040 : 2 stores
Line 0xe8035e41aa80 : 1 stores
Line 0xe8035e419a80 : 1 stores
Line 0xe8035e438f40 : 1 stores
Line 0xe8035e41a9c0 : 1 stores
Line 0xe8035e43a700 : 1 stores
Line 0xe8035e439700 : 1 stores
Line 0xe8035e3fc480 : 1 stores
Line 0xe8035e438f80 : 2 stores
Line 0xe8035e4199c0 : 1 stores
Line 0xe8035e438ec0 : 1 stores
Line 0xe8035e41aa40 : 2 stores
Line 0xe8035e419a40 : 2 stores
Line 0xe8035e43a680 : 1 stores
Line 0xe8035e439680 : 1 stores
Line 0xe8035e438f00 : 2 stores
Line 0xe8035e41a940 : 1 stores
Line 0xe8035e419940 : 1 stores
Line 0xe8035e438e00 : 1 stores
Line 0xe8035e41a880 : 1 stores
Line 0xe8035e4395c0 : 1 stores
Line 0xe8035e43a5c0 : 1 stores
Line 0xe8035e438e40 : 2 stores
Line 0xe8035e3fc340 : 1 stores
Line 0xe8035e419880 : 1 stores
Line 0xe8035e438d80 : 1 stores
Line 0xe8035e419900 : 2 stores
Line 0xe8035e41a900 : 2 stores
Line 0xe8035e439540 : 1 stores
Line 0xe8035e43a540 : 1 stores
Line 0xe8035e438dc0 : 2 stores
Line 0xe8035e419800 : 1 stores
Line 0xe8035e41a800 : 1 stores
Line 0xe8035e438cc0 : 1 stores
Line 0xe8035e41a740 : 1 stores
Line 0xe8035e439480 : 1 stores
Line 0xe8035e43a480 : 1 stores
Line 0xe8035e438d00 : 2 stores
Line 0xe8035e3fc200 : 1 stores
Line 0xe8035e419740 : 1 stores
Line 0xe8035e438c40 : 1 stores
Line 0xe8035e4197c0 : 2 stores
Line 0xe8035e41a7c0 : 2 stores
Line 0xe8035e439400 : 1 stores
Line 0xe8035e43a400 : 1 stores
Line 0xe8035e438c80 : 2 stores
Line 0xe8035e4196c0 : 1 stores
Line 0xe8035e41a6c0 : 1 stores
Line 0xe8035e438b80 : 1 stores
Line 0xe8035e41a600 : 1 stores
Line 0xe8035e439340 : 1 stores
Line 0xe8035e43a340 : 1 stores
Line 0xe8035e438bc0 : 2 stores
Line 0xe8035e3fc0c0 : 1 stores
Line 0xe8035e419600 : 1 stores
Line 0xe8035e438b00 : 1 stores
Line 0xe8035e41a680 : 2 stores
Line 0xe8035e419680 : 2 stores
Line 0xe8035e43a2c0 : 1 stores
Line 0xe8035e4392c0 : 1 stores
Line 0xe8035e438b40 : 2 stores
Line 0xe8035e41a580 : 1 stores
Line 0xe8035e419580 : 1 stores
Line 0xe8035e438a40 : 1 stores
Line 0xe8035e41a4c0 : 1 stores
Line 0xe8035e43a200 : 1 stores
Line 0xe8035e439200 : 1 stores
Line 0xe8035e3f8f80 : 1 stores
Line 0xe8035e438a80 : 2 stores
Line 0xe8035e4194c0 : 1 stores
Line 0xe8035e4389c0 : 1 stores
Line 0xe8035e41a540 : 2 stores
Line 0xe8035e419540 : 2 stores
Line 0xe8035e43a180 : 1 stores
Line 0xe8035e439180 : 1 stores
Line 0xe8035e438a00 : 2 stores
Line 0xe8035e41a440 : 1 stores
Line 0xe8035e419440 : 1 stores
Line 0xe8035e438900 : 1 stores
Line 0xe8035e41a380 : 1 stores
Line 0xe8035e43a0c0 : 1 stores
Line 0xe8035e4390c0 : 1 stores
Line 0xe8035e3f8e40 : 1 stores
Line 0xe8035e438940 : 2 stores
Line 0xe8035e419380 : 1 stores
Line 0xe8035e438880 : 1 stores
Line 0xe8035e43a040 : 1 stores
Line 0xe8035e439040 : 1 stores
Line 0xe8035e41a400 : 2 stores
Line 0xe8035e419400 : 2 stores
Line 0xe8035e4388c0 : 2 stores
Line 0xe8035e41a300 : 1 stores
Line 0xe8035e419300 : 1 stores
Line 0xe8035e4387c0 : 1 stores
Line 0xe8035e41a240 : 1 stores
Line 0xe8035e436f80 : 1 stores
Line 0xe8035e435f80 : 1 stores
Line 0xe8035e3f8d00 : 1 stores
Line 0xe8035e438800 : 2 stores
Line 0xe8035e419240 : 1 stores
Line 0xe8035e438740 : 1 stores
Line 0xe8035e41a2c0 : 2 stores
Line 0xe8035e4192c0 : 2 stores
Line 0xe8035e436f00 : 1 stores
Line 0xe8035e435f00 : 1 stores
Line 0xe8035e438780 : 2 stores
Line 0xe8035e41a1c0 : 1 stores
Line 0xe8035e4191c0 : 1 stores
Line 0xe8035e438680 : 1 stores
Line 0xe8035e41a100 : 1 stores
Line 0xe8035e436e40 : 1 stores
Line 0xe8035e435e40 : 1 stores
Line 0xe8035e3f8bc0 : 1 stores
Line 0xe8035e4386c0 : 2 stores
Line 0xe8035e419100 : 1 stores
Line 0xe8035e438600 : 1 stores
Line 0xe8035e41a180 : 2 stores
Line 0xe8035e419180 : 2 stores
Line 0xe8035e436dc0 : 1 stores
Line 0xe8035e435dc0 : 1 stores
Line 0xe8035e438640 : 2 stores
Line 0xe8035e41a080 : 1 stores
Line 0xe8035e419080 : 1 stores
Line 0xe8035e438540 : 1 stores
Line 0xe8035e416fc0 : 1 stores
Line 0xe8035e436d00 : 2 stores
Line 0xe8035e435d00 : 1 stores
Line 0xe8035e3f8a80 : 1 stores
Line 0xe8035e438580 : 3 stores
Line 0xe8035e415fc0 : 1 stores
Line 0xe8035e4384c0 : 3 stores
Line 0xe8035e41a040 : 2 stores
Line 0xe8035e419040 : 2 stores
Line 0xe8035e436c80 : 2 stores
Line 0xe8035e435c80 : 2 stores
Line 0xe8035e438500 : 2 stores
Line 0xe8035e416f40 : 1 stores
Line 0xe8035e415f40 : 1 stores
Line 0xe8035e438400 : 2 stores
Line 0xe8035e416e80 : 1 stores
Line 0xe8035e436bc0 : 2 stores
Line 0xe8035e435bc0 : 1 stores
Line 0xe8035e3f8940 : 1 stores
Line 0xe8035e438440 : 4 stores
Line 0xe8035e415e80 : 1 stores
Line 0xe8035e438380 : 4 stores
Line 0xe8035e416f00 : 3 stores
Line 0xe8035e415f00 : 2 stores
Line 0xe8035e436b40 : 2 stores
Line 0xe8035e435b40 : 3 stores
Line 0xe8035e4383c0 : 2 stores
Line 0xe8035e416e00 : 1 stores
Line 0xe8035e415e00 : 1 stores
Line 0xe8035e4382c0 : 2 stores
Line 0xe8035e416d40 : 1 stores
Line 0xe8035e436a80 : 2 stores
Line 0xe8035e435a80 : 1 stores
Line 0xe8035e3f8800 : 1 stores
Line 0xe8035e438300 : 4 stores
Line 0xe8035e415d40 : 1 stores
Line 0xe8035e438240 : 4 stores
Line 0xe8035e416dc0 : 3 stores
Line 0xe8035e415dc0 : 2 stores
Line 0xe8035e436a00 : 2 stores
Line 0xe8035e435a00 : 3 stores
Line 0xe8035e438280 : 2 stores
Line 0xe8035e416cc0 : 1 stores
Line 0xe8035e415cc0 : 1 stores
Line 0xe8035e438180 : 2 stores
Line 0xe8035e416c00 : 1 stores
Line 0xe8035e436940 : 2 stores
Line 0xe8035e435940 : 1 stores
Line 0xe8035e3f86c0 : 1 stores
Line 0xe8035e4381c0 : 4 stores
Line 0xe8035e415c00 : 1 stores
Line 0xe8035e438100 : 4 stores
Line 0xe8035e416c80 : 3 stores
Line 0xe8035e415c80 : 2 stores
Line 0xe8035e4368c0 : 2 stores
Line 0xe8035e4358c0 : 3 stores
Line 0xe8035e438140 : 2 stores
Line 0xe8035e416b80 : 1 stores
Line 0xe8035e415b80 : 1 stores
Line 0xe8035e438040 : 2 stores
Line 0xe8035e416ac0 : 1 stores
Line 0xe8035e436800 : 2 stores
Line 0xe8035e435800 : 1 stores
Line 0xe8035e3f8580 : 1 stores
Line 0xe8035e438080 : 4 stores
Line 0xe8035e415ac0 : 1 stores
Line 0xe8035e434fc0 : 4 stores
Line 0xe8035e416b40 : 3 stores
Line 0xe8035e438000 : 2 stores
Line 0xe8035e415b40 : 2 stores
Line 0xe8035e436780 : 2 stores
Line 0xe8035e435780 : 3 stores
Line 0xe8035e416a40 : 1 stores
Line 0xe8035e415a40 : 1 stores
Line 0xe8035e434f00 : 2 stores
Line 0xe8035e416980 : 1 stores
Line 0xe8035e4366c0 : 2 stores
Line 0xe8035e4356c0 : 1 stores
Line 0xe8035e3f8440 : 1 stores
Line 0xe8035e434f40 : 4 stores
Line 0xe8035e415980 : 1 stores
Line 0xe8035e434e80 : 4 stores
Line 0xe8035e416a00 : 3 stores
Line 0xe8035e415a00 : 2 stores
Line 0xe8035e436640 : 2 stores
Line 0xe8035e435640 : 3 stores
Line 0xe8035e434ec0 : 2 stores
Line 0xe8035e416900 : 1 stores
Line 0xe8035e415900 : 1 stores
Line 0xe8035e434dc0 : 2 stores
Line 0xe8035e416840 : 1 stores
Line 0xe8035e436580 : 2 stores
Line 0xe8035e435580 : 1 stores
Line 0xe8035e3f8300 : 1 stores
Line 0xe8035e434e00 : 4 stores
Line 0xe8035e415840 : 1 stores
Line 0xe8035e434d40 : 4 stores
Line 0xe8035e4168c0 : 3 stores
Line 0xe8035e4158c0 : 2 stores
Line 0xe8035e436500 : 2 stores
Line 0xe8035e435500 : 3 stores
Line 0xe8035e434d80 : 2 stores
Line 0xe8035e4167c0 : 1 stores
Line 0xe8035e4157c0 : 1 stores
Line 0xe8035e434c80 : 2 stores
Line 0xe8035e416700 : 1 stores
Line 0xe8035e436440 : 2 stores
Line 0xe8035e435440 : 1 stores
Line 0xe8035e3f81c0 : 1 stores
Line 0xe8035e434cc0 : 4 stores
Line 0xe8035e415700 : 1 stores
Line 0xe8035e434c00 : 4 stores
Line 0xe8035e416780 : 3 stores
Line 0xe8035e415780 : 2 stores
Line 0xe8035e4363c0 : 2 stores
Line 0xe8035e4353c0 : 3 stores
Line 0xe8035e434c40 : 2 stores
Line 0xe8035e416680 : 1 stores
Line 0xe8035e415680 : 1 stores
Line 0xe8035e434b40 : 2 stores
Line 0xe8035e4165c0 : 1 stores
Line 0xe8035e435300 : 1 stores
Line 0xe8035e436300 : 2 stores
Line 0xe8035e434b80 : 4 stores
Line 0xe8035e3f8080 : 1 stores
Line 0xe8035e4155c0 : 1 stores
Line 0xe8035e434ac0 : 4 stores
Line 0xe8035e415640 : 2 stores
Line 0xe8035e416640 : 3 stores
Line 0xe8035e435280 : 3 stores
Line 0xe8035e436280 : 2 stores
Line 0xe8035e434b00 : 2 stores
Line 0xe8035e415540 : 1 stores
Line 0xe8035e416540 : 1 stores
Line 0xe8035e434a00 : 2 stores
Line 0xe8035e416480 : 1 stores
Line 0xe8035e4351c0 : 1 stores
Line 0xe8035e4361c0 : 2 stores
Line 0xe8035e434a40 : 4 stores
Line 0xe8035e3f4f40 : 1 stores
Line 0xe8035e415480 : 1 stores
Line 0xe8035e434980 : 4 stores
Line 0xe8035e415500 : 2 stores
Line 0xe8035e416500 : 3 stores
Line 0xe8035e435140 : 3 stores
Line 0xe8035e436140 : 2 stores
Line 0xe8035e4349c0 : 2 stores
Line 0xe8035e415400 : 1 stores
Line 0xe8035e416400 : 1 stores
Line 0xe8035e4348c0 : 2 stores
Line 0xe8035e416340 : 1 stores
Line 0xe8035e435080 : 1 stores
Line 0xe8035e436080 : 2 stores
Line 0xe8035e434900 : 4 stores
Line 0xe8035e3f4e00 : 1 stores
Line 0xe8035e415340 : 1 stores
Line 0xe8035e434840 : 4 stores
Line 0xe8035e436000 : 2 stores
Line 0xe8035e435000 : 3 stores
Line 0xe8035e4163c0 : 3 stores
Line 0xe8035e4153c0 : 2 stores
Line 0xe8035e434880 : 2 stores
Line 0xe8035e4162c0 : 1 stores
Line 0xe8035e4152c0 : 1 stores
Line 0xe8035e434780 : 2 stores
Line 0xe8035e416200 : 1 stores
Line 0xe8035e432f40 : 2 stores
Line 0xe8035e431f40 : 1 stores
Line 0xe8035e3f4cc0 : 1 stores
Line 0xe8035e4347c0 : 4 stores
Line 0xe8035e415200 : 1 stores
Line 0xe8035e434700 : 4 stores
Line 0xe8035e416280 : 3 stores
Line 0xe8035e415280 : 2 stores
Line 0xe8035e432ec0 : 2 stores
Line 0xe8035e431ec0 : 3 stores
Line 0xe8035e434740 : 2 stores
Line 0xe8035e416180 : 1 stores
Line 0xe8035e415180 : 1 stores
Line 0xe8035e434640 : 2 stores
Line 0xe8035e4160c0 : 1 stores
Line 0xe8035e432e00 : 2 stores
Line 0xe8035e431e00 : 1 stores
Line 0xe8035e3f4b80 : 1 stores
Line 0xe8035e434680 : 4 stores
Line 0xe8035e4150c0 : 1 stores
Line 0xe8035e4345c0 : 4 stores
Line 0xe8035e416140 : 3 stores
Line 0xe8035e415140 : 2 stores
Line 0xe8035e432d80 : 2 stores
Line 0xe8035e431d80 : 3 stores
Line 0xe8035e434600 : 2 stores
Line 0xe8035e416040 : 1 stores
Line 0xe8035e415040 : 1 stores
Line 0xe8035e434500 : 2 stores
Line 0xe8035e412f80 : 1 stores
Line 0xe8035e432cc0 : 2 stores
Line 0xe8035e431cc0 : 1 stores
Line 0xe8035e3f4a40 : 1 stores
Line 0xe8035e434540 : 4 stores
Line 0xe8035e411f80 : 1 stores
Line 0xe8035e434480 : 4 stores
Line 0xe8035e416000 : 3 stores
Line 0xe8035e415000 : 2 stores
Line 0xe8035e432c40 : 2 stores
Line 0xe8035e431c40 : 3 stores
Line 0xe8035e4344c0 : 2 stores
Line 0xe8035e412f00 : 1 stores
Line 0xe8035e411f00 : 1 stores
Line 0xe8035e4343c0 : 2 stores
Line 0xe8035e412e40 : 1 stores
Line 0xe8035e432b80 : 2 stores
Line 0xe8035e431b80 : 1 stores
Line 0xe8035e3f4900 : 1 stores
Line 0xe8035e434400 : 4 stores
Line 0xe8035e411e40 : 1 stores
Line 0xe8035e434340 : 4 stores
Line 0xe8035e412ec0 : 3 stores
Line 0xe8035e411ec0 : 2 stores
Line 0xe8035e432b00 : 2 stores
Line 0xe8035e431b00 : 3 stores
Line 0xe8035e434380 : 2 stores
Line 0xe8035e412dc0 : 1 stores
Line 0xe8035e411dc0 : 1 stores
Line 0xe8035e434280 : 2 stores
Line 0xe8035e412d00 : 1 stores
Line 0xe8035e432a40 : 2 stores
Line 0xe8035e431a40 : 1 stores
Line 0xe8035e3f47c0 : 1 stores
Line 0xe8035e4342c0 : 4 stores
Line 0xe8035e411d00 : 1 stores
Line 0xe8035e434200 : 4 stores
Line 0xe8035e412d80 : 3 stores
Line 0xe8035e411d80 : 2 stores
Line 0xe8035e4329c0 : 2 stores
Line 0xe8035e4319c0 : 3 stores
Line 0xe8035e434240 : 2 stores
Line 0xe8035e412c80 : 1 stores
Line 0xe8035e411c80 : 1 stores
Line 0xe8035e434140 : 2 stores
Line 0xe8035e412bc0 : 1 stores
Line 0xe8035e432900 : 2 stores
Line 0xe8035e431900 : 1 stores
Line 0xe8035e3f4680 : 1 stores
Line 0xe8035e434180 : 4 stores
Line 0xe8035e411bc0 : 1 stores
Line 0xe8035e4340c0 : 4 stores
Line 0xe8035e412c40 : 3 stores
Line 0xe8035e411c40 : 2 stores
Line 0xe8035e432880 : 2 stores
Line 0xe8035e431880 : 3 stores
Line 0xe8035e434100 : 2 stores
Line 0xe8035e412b40 : 1 stores
Line 0xe8035e411b40 : 1 stores
Line 0xe8035e434000 : 2 stores
Line 0xe8035e412a80 : 1 stores
Line 0xe8035e4327c0 : 2 stores
Line 0xe8035e4317c0 : 1 stores
Line 0xe8035e434040 : 4 stores
Line 0xe8035e3f4540 : 1 stores
Line 0xe8035e411a80 : 1 stores
Line 0xe8035e430f80 : 4 stores
Line 0xe8035e412b00 : 3 stores
Line 0xe8035e411b00 : 2 stores
Line 0xe8035e432740 : 2 stores
Line 0xe8035e431740 : 3 stores
Line 0xe8035e430fc0 : 2 stores
Line 0xe8035e412a00 : 1 stores
Line 0xe8035e411a00 : 1 stores
Line 0xe8035e430ec0 : 2 stores
Line 0xe8035e412940 : 1 stores
Line 0xe8035e432680 : 2 stores
Line 0xe8035e431680 : 1 stores
Line 0xe8035e3f4400 : 1 stores
Line 0xe8035e430f00 : 4 stores
Line 0xe8035e411940 : 1 stores
Line 0xe8035e430e40 : 4 stores
Line 0xe8035e4129c0 : 3 stores
Line 0xe8035e4119c0 : 2 stores
Line 0xe8035e432600 : 2 stores
Line 0xe8035e431600 : 3 stores
Line 0xe8035e430e80 : 2 stores
Line 0xe8035e4128c0 : 1 stores
Line 0xe8035e4118c0 : 1 stores
Line 0xe8035e430d80 : 2 stores
Line 0xe8035e412800 : 1 stores
Line 0xe8035e432540 : 2 stores
Line 0xe8035e431540 : 1 stores
Line 0xe8035e3f42c0 : 1 stores
Line 0xe8035e430dc0 : 4 stores
Line 0xe8035e411800 : 1 stores
Line 0xe8035e430d00 : 4 stores
Line 0xe8035e412880 : 3 stores
Line 0xe8035e411880 : 2 stores
Line 0xe8035e4324c0 : 2 stores
Line 0xe8035e4314c0 : 3 stores
Line 0xe8035e430d40 : 2 stores
Line 0xe8035e412780 : 1 stores
Line 0xe8035e411780 : 1 stores
Line 0xe8035e430c40 : 2 stores
Line 0xe8035e4126c0 : 1 stores
Line 0xe8035e432400 : 2 stores
Line 0xe8035e431400 : 1 stores
Line 0xe8035e3f4180 : 1 stores
Line 0xe8035e430c80 : 4 stores
Line 0xe8035e4116c0 : 1 stores
Line 0xe8035e430bc0 : 4 stores
Line 0xe8035e412740 : 3 stores
Line 0xe8035e411740 : 2 stores
Line 0xe8035e432380 : 2 stores
Line 0xe8035e431380 : 3 stores
Line 0xe8035e430c00 : 2 stores
Line 0xe8035e412640 : 1 stores
Line 0xe8035e411640 : 1 stores
Line 0xe8035e430b00 : 2 stores
Line 0xe8035e412580 : 1 stores
Line 0xe8035e4322c0 : 2 stores
Line 0xe8035e4312c0 : 1 stores
Line 0xe8035e3f4040 : 1 stores
Line 0xe8035e430b40 : 4 stores
Line 0xe8035e411580 : 1 stores
Line 0xe8035e430a80 : 4 stores
Line 0xe8035e412600 : 3 stores
Line 0xe8035e411600 : 2 stores
Line 0xe8035e432240 : 2 stores
Line 0xe8035e431240 : 3 stores
Line 0xe8035e430ac0 : 2 stores
Line 0xe8035e412500 : 1 stores
Line 0xe8035e411500 : 1 stores
Line 0xe8035e4309c0 : 2 stores
Line 0xe8035e412440 : 1 stores
Line 0xe8035e432180 : 2 stores
Line 0xe8035e431180 : 1 stores
Line 0xe8035e3f0f00 : 1 stores
Line 0xe8035e430a00 : 4 stores
Line 0xe8035e411440 : 1 stores
Line 0xe8035e430940 : 4 stores
Line 0xe8035e4124c0 : 3 stores
Line 0xe8035e4114c0 : 2 stores
Line 0xe8035e432100 : 2 stores
Line 0xe8035e431100 : 3 stores
Line 0xe8035e430980 : 2 stores
Line 0xe8035e4123c0 : 1 stores
Line 0xe8035e4113c0 : 1 stores
Line 0xe8035e430880 : 2 stores
Line 0xe8035e412300 : 1 stores
Line 0xe8035e432040 : 2 stores
Line 0xe8035e431040 : 1 stores
Line 0xe8035e3f0dc0 : 1 stores
Line 0xe8035e4308c0 : 4 stores
Line 0xe8035e411300 : 1 stores
Line 0xe8035e430800 : 4 stores
Line 0xe8035e412380 : 3 stores
Line 0xe8035e411380 : 2 stores
Line 0xe8035e42efc0 : 2 stores
Line 0xe8035e42dfc0 : 3 stores
Line 0xe8035e430840 : 2 stores
Line 0xe8035e412280 : 1 stores
Line 0xe8035e411280 : 1 stores
Line 0xe8035e430740 : 2 stores
Line 0xe8035e4121c0 : 1 stores
Line 0xe8035e42ef00 : 2 stores
Line 0xe8035e42df00 : 1 stores
Line 0xe8035e3f0c80 : 1 stores
Line 0xe8035e430780 : 4 stores
Line 0xe8035e4111c0 : 1 stores
Line 0xe8035e4306c0 : 4 stores
Line 0xe8035e412240 : 3 stores
Line 0xe8035e411240 : 2 stores
Line 0xe8035e42ee80 : 2 stores
Line 0xe8035e42de80 : 3 stores
Line 0xe8035e430700 : 2 stores
Line 0xe8035e412140 : 1 stores
Line 0xe8035e411140 : 1 stores
Line 0xe8035e430600 : 2 stores
Line 0xe8035e412080 : 1 stores
Line 0xe8035e42edc0 : 2 stores
Line 0xe8035e42ddc0 : 1 stores
Line 0xe8035e3f0b40 : 1 stores
Line 0xe8035e430640 : 4 stores
Line 0xe8035e411080 : 1 stores
Line 0xe8035e430580 : 4 stores
Line 0xe8035e412100 : 3 stores
Line 0xe8035e411100 : 2 stores
Line 0xe8035e42ed40 : 2 stores
Line 0xe8035e42dd40 : 3 stores
Line 0xe8035e4305c0 : 2 stores
Line 0xe8035e412000 : 1 stores
Line 0xe8035e411000 : 1 stores
Line 0xe8035e4304c0 : 2 stores
Line 0xe8035e40ef40 : 1 stores
Line 0xe8035e42ec80 : 2 stores
Line 0xe8035e42dc80 : 1 stores
Line 0xe8035e3f0a00 : 1 stores
Line 0xe8035e430500 : 4 stores
Line 0xe8035e40df40 : 1 stores
Line 0xe8035e430440 : 4 stores
Line 0xe8035e40efc0 : 3 stores
Line 0xe8035e40dfc0 : 2 stores
Line 0xe8035e42ec00 : 2 stores
Line 0xe8035e42dc00 : 3 stores
Line 0xe8035e430480 : 2 stores
Line 0xe8035e40eec0 : 1 stores
Line 0xe8035e40dec0 : 1 stores
Line 0xe8035e430380 : 2 stores
Line 0xe8035e40ee00 : 1 stores
Line 0xe8035e42eb40 : 2 stores
Line 0xe8035e42db40 : 1 stores
Line 0xe8035e3f08c0 : 1 stores
Line 0xe8035e4303c0 : 4 stores
Line 0xe8035e40de00 : 1 stores
Line 0xe8035e430300 : 4 stores
Line 0xe8035e40ee80 : 3 stores
Line 0xe8035e40de80 : 2 stores
Line 0xe8035e42eac0 : 2 stores
Line 0xe8035e42dac0 : 3 stores
Line 0xe8035e430340 : 2 stores
Line 0xe8035e40ed80 : 1 stores
Line 0xe8035e40dd80 : 1 stores
Line 0xe8035e430240 : 2 stores
Line 0xe8035e40ecc0 : 1 stores
Line 0xe8035e42ea00 : 2 stores
Line 0xe8035e42da00 : 1 stores
Line 0xe8035e3f0780 : 1 stores
Line 0xe8035e430280 : 4 stores
Line 0xe8035e40dcc0 : 1 stores
Line 0xe8035e4301c0 : 4 stores
Line 0xe8035e40ed40 : 3 stores
Line 0xe8035e40dd40 : 2 stores
Line 0xe8035e42e980 : 2 stores
Line 0xe8035e42d980 : 3 stores
Line 0xe8035e430200 : 2 stores
Line 0xe8035e40ec40 : 1 stores
Line 0xe8035e40dc40 : 1 stores
Line 0xe8035e430100 : 2 stores
Line 0xe8035e40eb80 : 1 stores
Line 0xe8035e42e8c0 : 2 stores
Line 0xe8035e42d8c0 : 1 stores
Line 0xe8035e3f0640 : 1 stores
Line 0xe8035e430140 : 4 stores
Line 0xe8035e40db80 : 1 stores
Line 0xe8035e430080 : 4 stores
Line 0xe8035e40ec00 : 3 stores
Line 0xe8035e40dc00 : 2 stores
Line 0xe8035e42e840 : 2 stores
Line 0xe8035e42d840 : 3 stores
Line 0xe8035e4300c0 : 2 stores
Line 0xe8035e40eb00 : 1 stores
Line 0xe8035e40db00 : 1 stores
Line 0xe8035e42cfc0 : 2 stores
Line 0xe8035e40ea40 : 1 stores
Line 0xe8035e42e780 : 2 stores
Line 0xe8035e42d780 : 1 stores
Line 0xe8035e430000 : 4 stores
Line 0xe8035e3f0500 : 1 stores
Line 0xe8035e40da40 : 1 stores
Line 0xe8035e42cf40 : 4 stores
Line 0xe8035e40eac0 : 3 stores
Line 0xe8035e40dac0 : 2 stores
Line 0xe8035e42e700 : 2 stores
Line 0xe8035e42d700 : 3 stores
Line 0xe8035e42cf80 : 2 stores
Line 0xe8035e40e9c0 : 1 stores
Line 0xe8035e40d9c0 : 1 stores
Line 0xe8035e42ce80 : 2 stores
Line 0xe8035e40e900 : 1 stores
Line 0xe8035e42e640 : 2 stores
Line 0xe8035e42d640 : 1 stores
Line 0xe8035e3f03c0 : 1 stores
Line 0xe8035e42cec0 : 4 stores
Line 0xe8035e40d900 : 1 stores
Line 0xe8035e42ce00 : 4 stores
Line 0xe8035e40e980 : 3 stores
Line 0xe8035e40d980 : 2 stores
Line 0xe8035e42e5c0 : 2 stores
Line 0xe8035e42d5c0 : 3 stores
Line 0xe8035e42ce40 : 2 stores
Line 0xe8035e40e880 : 1 stores
Line 0xe8035e40d880 : 1 stores
Line 0xe8035e42cd40 : 2 stores
Line 0xe8035e40e7c0 : 1 stores
Line 0xe8035e42e500 : 2 stores
Line 0xe8035e42d500 : 1 stores
Line 0xe8035e3f0280 : 1 stores
Line 0xe8035e42cd80 : 4 stores
Line 0xe8035e40d7c0 : 1 stores
Line 0xe8035e42ccc0 : 4 stores
Line 0xe8035e40e840 : 3 stores
Line 0xe8035e40d840 : 2 stores
Line 0xe8035e42e480 : 2 stores
Line 0xe8035e42d480 : 3 stores
Line 0xe8035e42cd00 : 2 stores
Line 0xe8035e40e740 : 1 stores
Line 0xe8035e40d740 : 1 stores
Line 0xe8035e42cc00 : 2 stores
Line 0xe8035e40e680 : 1 stores
Line 0xe8035e42e3c0 : 2 stores
Line 0xe8035e42d3c0 : 1 stores
Line 0xe8035e3f0140 : 1 stores
Line 0xe8035e42cc40 : 4 stores
Line 0xe8035e40d680 : 1 stores
Line 0xe8035e42cb80 : 4 stores
Line 0xe8035e40e700 : 3 stores
Line 0xe8035e40d700 : 2 stores
Line 0xe8035e42e340 : 2 stores
Line 0xe8035e42d340 : 3 stores
Line 0xe8035e42cbc0 : 2 stores
Line 0xe8035e40e600 : 1 stores
Line 0xe8035e40d600 : 1 stores
Line 0xe8035e42cac0 : 2 stores
Line 0xe8035e40e540 : 1 stores
Line 0xe8035e42e280 : 2 stores
Line 0xe8035e42d280 : 1 stores
Line 0xe8035e3f0000 : 1 stores
Line 0xe8035e42cb00 : 4 stores
Line 0xe8035e40d540 : 1 stores
Line 0xe8035e42ca40 : 4 stores
Line 0xe8035e40e5c0 : 3 stores
Line 0xe8035e40d5c0 : 2 stores
Line 0xe8035e42e200 : 2 stores
Line 0xe8035e42d200 : 3 stores
Line 0xe8035e42ca80 : 2 stores
Line 0xe8035e40e4c0 : 1 stores
Line 0xe8035e40d4c0 : 1 stores
Line 0xe8035e42c980 : 2 stores
Line 0xe8035e40e400 : 1 stores
Line 0xe8035e42e140 : 2 stores
Line 0xe8035e42d140 : 1 stores
Line 0xe8035e3ecec0 : 1 stores
Line 0xe8035e42c9c0 : 4 stores
Line 0xe8035e40d400 : 1 stores
Line 0xe8035e42c900 : 4 stores
Line 0xe8035e40e480 : 3 stores
Line 0xe8035e40d480 : 2 stores
Line 0xe8035e42e0c0 : 2 stores
Line 0xe8035e42d0c0 : 3 stores
Line 0xe8035e42c940 : 2 stores
Line 0xe8035e40e380 : 1 stores
Line 0xe8035e40d380 : 1 stores
Line 0xe8035e42c840 : 2 stores
Line 0xe8035e40e2c0 : 1 stores
Line 0xe8035e42e000 : 2 stores
Line 0xe8035e42d000 : 1 stores
Line 0xe8035e3ecd80 : 1 stores
Line 0xe8035e42c880 : 4 stores
Line 0xe8035e40d2c0 : 1 stores
Line 0xe8035e42c7c0 : 4 stores
Line 0xe8035e40e340 : 3 stores
Line 0xe8035e40d340 : 2 stores
Line 0xe8035e42af80 : 2 stores
Line 0xe8035e429f80 : 3 stores
Line 0xe8035e42c800 : 2 stores
Line 0xe8035e40e240 : 1 stores
Line 0xe8035e40d240 : 1 stores
Line 0xe8035e42c700 : 2 stores
Line 0xe8035e40e180 : 1 stores
Line 0xe8035e42aec0 : 2 stores
Line 0xe8035e429ec0 : 1 stores
Line 0xe8035e3ecc40 : 1 stores
Line 0xe8035e42c740 : 4 stores
Line 0xe8035e40d180 : 1 stores
Line 0xe8035e42c680 : 4 stores
Line 0xe8035e40e200 : 3 stores
Line 0xe8035e40d200 : 2 stores
Line 0xe8035e42ae40 : 2 stores
Line 0xe8035e429e40 : 3 stores
Line 0xe8035e42c6c0 : 2 stores
Line 0xe8035e40e100 : 1 stores
Line 0xe8035e40d100 : 1 stores
Line 0xe8035e42c5c0 : 2 stores
Line 0xe8035e40e040 : 1 stores
Line 0xe8035e42ad80 : 2 stores
Line 0xe8035e429d80 : 1 stores
Line 0xe8035e3ecb00 : 1 stores
Line 0xe8035e42c600 : 4 stores
Line 0xe8035e40d040 : 1 stores
Line 0xe8035e42c540 : 4 stores
Line 0xe8035e40e0c0 : 3 stores
Line 0xe8035e40d0c0 : 2 stores
Line 0xe8035e42ad00 : 2 stores
Line 0xe8035e429d00 : 3 stores
Line 0xe8035e42c580 : 2 stores
Line 0xe8035e40afc0 : 1 stores
Line 0xe8035e409fc0 : 1 stores
Line 0xe8035e42c480 : 2 stores
Line 0xe8035e40af00 : 1 stores
Line 0xe8035e42ac40 : 2 stores
Line 0xe8035e429c40 : 1 stores
Line 0xe8035e3ec9c0 : 1 stores
Line 0xe8035e42c4c0 : 4 stores
Line 0xe8035e409f00 : 1 stores
Line 0xe8035e42c400 : 4 stores
Line 0xe8035e40af80 : 3 stores
Line 0xe8035e409f80 : 2 stores
Line 0xe8035e42abc0 : 2 stores
Line 0xe8035e429bc0 : 3 stores
Line 0xe8035e42c440 : 2 stores
Line 0xe8035e40ae80 : 1 stores
Line 0xe8035e409e80 : 1 stores
Line 0xe8035e42c340 : 2 stores
Line 0xe8035e40adc0 : 1 stores
Line 0xe8035e42ab00 : 2 stores
Line 0xe8035e429b00 : 1 stores
Line 0xe8035e3ec880 : 1 stores
Line 0xe8035e42c380 : 4 stores
Line 0xe8035e409dc0 : 1 stores
Line 0xe8035e42c2c0 : 4 stores
Line 0xe8035e40ae40 : 3 stores
Line 0xe8035e409e40 : 2 stores
Line 0xe8035e42aa80 : 2 stores
Line 0xe8035e429a80 : 3 stores
Line 0xe8035e42c300 : 2 stores
Line 0xe8035e40ad40 : 1 stores
Line 0xe8035e409d40 : 1 stores
Line 0xe8035e42c200 : 2 stores
Line 0xe8035e40ac80 : 1 stores
Line 0xe8035e42a9c0 : 2 stores
Line 0xe8035e4299c0 : 1 stores
Line 0xe8035e3ec740 : 1 stores
Line 0xe8035e42c240 : 4 stores
Line 0xe8035e409c80 : 1 stores
Line 0xe8035e42c180 : 4 stores
Line 0xe8035e40ad00 : 3 stores
Line 0xe8035e409d00 : 2 stores
Line 0xe8035e42a940 : 2 stores
Line 0xe8035e429940 : 3 stores
Line 0xe8035e42c1c0 : 2 stores
Line 0xe8035e40ac00 : 1 stores
Line 0xe8035e409c00 : 1 stores
Line 0xe8035e42c0c0 : 2 stores
Line 0xe8035e40ab40 : 1 stores
Line 0xe8035e42a880 : 2 stores
Line 0xe8035e429880 : 1 stores
Line 0xe8035e3ec600 : 1 stores
Line 0xe8035e42c100 : 4 stores
Line 0xe8035e409b40 : 1 stores
Line 0xe8035e42c040 : 4 stores
Line 0xe8035e40abc0 : 3 stores
Line 0xe8035e409bc0 : 2 stores
Line 0xe8035e42a800 : 2 stores
Line 0xe8035e42c080 : 2 stores
Line 0xe8035e429800 : 3 stores
Line 0xe8035e40aac0 : 1 stores
Line 0xe8035e409ac0 : 1 stores
Line 0xe8035e428f80 : 2 stores
Line 0xe8035e40aa00 : 1 stores
Line 0xe8035e42a740 : 2 stores
Line 0xe8035e429740 : 1 stores
Line 0xe8035e3ec4c0 : 1 stores
Line 0xe8035e428fc0 : 4 stores
Line 0xe8035e409a00 : 1 stores
Line 0xe8035e428f00 : 4 stores
Line 0xe8035e40aa80 : 3 stores
Line 0xe8035e409a80 : 2 stores
Line 0xe8035e42a6c0 : 2 stores
Line 0xe8035e4296c0 : 3 stores
Line 0xe8035e428f40 : 2 stores
Line 0xe8035e40a980 : 1 stores
Line 0xe8035e409980 : 1 stores
Line 0xe8035e428e40 : 2 stores
Line 0xe8035e40a8c0 : 1 stores
Line 0xe8035e42a600 : 2 stores
Line 0xe8035e429600 : 1 stores
Line 0xe8035e3ec380 : 1 stores
Line 0xe8035e428e80 : 4 stores
Line 0xe8035e4098c0 : 1 stores
Line 0xe8035e428dc0 : 4 stores
Line 0xe8035e40a940 : 3 stores
Line 0xe8035e409940 : 2 stores
Line 0xe8035e42a580 : 2 stores
Line 0xe8035e429580 : 3 stores
Line 0xe8035e428e00 : 2 stores
Line 0xe8035e40a840 : 1 stores
Line 0xe8035e409840 : 1 stores
Line 0xe8035e428d00 : 2 stores
Line 0xe8035e40a780 : 1 stores
Line 0xe8035e42a4c0 : 2 stores
Line 0xe8035e4294c0 : 1 stores
Line 0xe8035e3ec240 : 1 stores
Line 0xe8035e428d40 : 4 stores
Line 0xe8035e409780 : 1 stores
Line 0xe8035e428c80 : 4 stores
Line 0xe8035e40a800 : 3 stores
Line 0xe8035e409800 : 2 stores
Line 0xe8035e42a440 : 2 stores
Line 0xe8035e429440 : 3 stores
Line 0xe8035e428cc0 : 2 stores
Line 0xe8035e40a700 : 1 stores
Line 0xe8035e409700 : 1 stores
Line 0xe8035e428bc0 : 2 stores
Line 0xe8035e40a640 : 1 stores
Line 0xe8035e42a380 : 2 stores
Line 0xe8035e429380 : 1 stores
Line 0xe8035e3ec100 : 1 stores
Line 0xe8035e428c00 : 4 stores
Line 0xe8035e409640 : 1 stores
Line 0xe8035e428b40 : 4 stores
Line 0xe8035e40a6c0 : 3 stores
Line 0xe8035e4096c0 : 2 stores
Line 0xe8035e42a300 : 2 stores
Line 0xe8035e429300 : 3 stores
Line 0xe8035e428b80 : 2 stores
Line 0xe8035e40a5c0 : 1 stores
Line 0xe8035e4095c0 : 1 stores
Line 0xe8035e428a80 : 2 stores
Line 0xe8035e40a500 : 1 stores
Line 0xe8035e42a240 : 2 stores
Line 0xe8035e429240 : 1 stores
Line 0xe8035e3e8fc0 : 1 stores
Line 0xe8035e428ac0 : 4 stores
Line 0xe8035e409500 : 1 stores
Line 0xe8035e428a00 : 4 stores
Line 0xe8035e40a580 : 3 stores
Line 0xe8035e409580 : 2 stores
Line 0xe8035e42a1c0 : 2 stores
Line 0xe8035e4291c0 : 3 stores
Line 0xe8035e428a40 : 2 stores
Line 0xe8035e40a480 : 1 stores
Line 0xe8035e409480 : 1 stores
Line 0xe8035e428940 : 2 stores
Line 0xe8035e40a3c0 : 1 stores
Line 0xe8035e42a100 : 2 stores
Line 0xe8035e429100 : 1 stores
Line 0xe8035e3e8e80 : 1 stores
Line 0xe8035e428980 : 4 stores
Line 0xe8035e4093c0 : 1 stores
Line 0xe8035e4288c0 : 4 stores
Line 0xe8035e42a080 : 2 stores
Line 0xe8035e429080 : 3 stores
Line 0xe8035e40a440 : 3 stores
Line 0xe8035e409440 : 2 stores
Line 0xe8035e428900 : 2 stores
Line 0xe8035e40a340 : 1 stores
Line 0xe8035e409340 : 1 stores
Line 0xe8035e428800 : 2 stores
Line 0xe8035e40a280 : 1 stores
Line 0xe8035e425fc0 : 2 stores
Line 0xe8035e426fc0 : 1 stores
Line 0xe8035e3e8d40 : 1 stores
Line 0xe8035e428840 : 4 stores
Line 0xe8035e409280 : 1 stores
Line 0xe8035e428780 : 4 stores
Line 0xe8035e40a300 : 3 stores
Line 0xe8035e409300 : 2 stores
Line 0xe8035e425f40 : 2 stores
Line 0xe8035e426f40 : 3 stores
Line 0xe8035e4287c0 : 2 stores
Line 0xe8035e40a200 : 1 stores
Line 0xe8035e409200 : 1 stores
Line 0xe8035e4286c0 : 2 stores
Line 0xe8035e40a140 : 1 stores
Line 0xe8035e425e80 : 2 stores
Line 0xe8035e426e80 : 1 stores
Line 0xe8035e3e8c00 : 1 stores
Line 0xe8035e428700 : 4 stores
Line 0xe8035e409140 : 1 stores
Line 0xe8035e428640 : 4 stores
Line 0xe8035e40a1c0 : 3 stores
Line 0xe8035e4091c0 : 2 stores
Line 0xe8035e425e00 : 2 stores
Line 0xe8035e426e00 : 3 stores
Line 0xe8035e428680 : 2 stores
Line 0xe8035e40a0c0 : 1 stores
Line 0xe8035e4090c0 : 1 stores
Line 0xe8035e428580 : 2 stores
Line 0xe8035e40a000 : 1 stores
Line 0xe8035e425d40 : 2 stores
Line 0xe8035e426d40 : 1 stores
Line 0xe8035e3e8ac0 : 1 stores
Line 0xe8035e4285c0 : 4 stores
Line 0xe8035e409000 : 1 stores
Line 0xe8035e428500 : 4 stores
Line 0xe8035e40a080 : 3 stores
Line 0xe8035e409080 : 2 stores
Line 0xe8035e425cc0 : 2 stores
Line 0xe8035e426cc0 : 3 stores
Line 0xe8035e428540 : 2 stores
Line 0xe8035e406f80 : 1 stores
Line 0xe8035e405f80 : 1 stores
Line 0xe8035e428440 : 2 stores
Line 0xe8035e406ec0 : 1 stores
Line 0xe8035e425c00 : 2 stores
Line 0xe8035e426c00 : 1 stores
Line 0xe8035e3e8980 : 1 stores
Line 0xe8035e428480 : 4 stores
Line 0xe8035e405ec0 : 1 stores
Line 0xe8035e4283c0 : 4 stores
Line 0xe8035e406f40 : 3 stores
Line 0xe8035e405f40 : 2 stores
Line 0xe8035e425b80 : 2 stores
Line 0xe8035e426b80 : 3 stores
Line 0xe8035e428400 : 2 stores
Line 0xe8035e406e40 : 1 stores
Line 0xe8035e405e40 : 1 stores
Line 0xe8035e428300 : 2 stores
Line 0xe8035e406d80 : 1 stores
Line 0xe8035e425ac0 : 2 stores
Line 0xe8035e426ac0 : 1 stores
Line 0xe8035e3e8840 : 1 stores
Line 0xe8035e428340 : 4 stores
Line 0xe8035e405d80 : 1 stores
Line 0xe8035e428280 : 4 stores
Line 0xe8035e406e00 : 3 stores
Line 0xe8035e405e00 : 2 stores
Line 0xe8035e425a40 : 2 stores
Line 0xe8035e426a40 : 3 stores
Line 0xe8035e4282c0 : 2 stores
Line 0xe8035e406d00 : 1 stores
Line 0xe8035e405d00 : 1 stores
Line 0xe8035e4281c0 : 2 stores
Line 0xe8035e406c40 : 1 stores
Line 0xe8035e425980 : 2 stores
Line 0xe8035e426980 : 1 stores
Line 0xe8035e3e8700 : 1 stores
Line 0xe8035e428200 : 4 stores
Line 0xe8035e405c40 : 1 stores
Line 0xe8035e428140 : 4 stores
Line 0xe8035e406cc0 : 3 stores
Line 0xe8035e405cc0 : 2 stores
Line 0xe8035e425900 : 2 stores
Line 0xe8035e426900 : 3 stores
Line 0xe8035e428180 : 2 stores
Line 0xe8035e406bc0 : 1 stores
Line 0xe8035e405bc0 : 1 stores
Line 0xe8035e428080 : 2 stores
Line 0xe8035e406b00 : 1 stores
Line 0xe8035e425840 : 2 stores
Line 0xe8035e426840 : 1 stores
Line 0xe8035e3e85c0 : 1 stores
Line 0xe8035e4280c0 : 4 stores
Line 0xe8035e405b00 : 1 stores
Line 0xe8035e428000 : 4 stores
Line 0xe8035e406b80 : 3 stores
Line 0xe8035e405b80 : 2 stores
Line 0xe8035e4257c0 : 2 stores
Line 0xe8035e4267c0 : 3 stores
Line 0xe8035e428040 : 2 stores
Line 0xe8035e406a80 : 1 stores
Line 0xe8035e405a80 : 1 stores
Line 0xe8035e424f40 : 2 stores
Line 0xe8035e4069c0 : 1 stores
Line 0xe8035e425700 : 2 stores
Line 0xe8035e426700 : 1 stores
Line 0xe8035e3e8480 : 1 stores
Line 0xe8035e424f80 : 4 stores
Line 0xe8035e4059c0 : 1 stores
Line 0xe8035e424ec0 : 4 stores
Line 0xe8035e406a40 : 3 stores
Line 0xe8035e405a40 : 2 stores
Line 0xe8035e425680 : 2 stores
Line 0xe8035e426680 : 3 stores
Line 0xe8035e424f00 : 2 stores
Line 0xe8035e406940 : 1 stores
Line 0xe8035e405940 : 1 stores
Line 0xe8035e424e00 : 2 stores
Line 0xe8035e406880 : 1 stores
Line 0xe8035e4255c0 : 2 stores
Line 0xe8035e4265c0 : 1 stores
Line 0xe8035e3e8340 : 1 stores
Line 0xe8035e424e40 : 4 stores
Line 0xe8035e405880 : 1 stores
Line 0xe8035e424d80 : 4 stores
Line 0xe8035e406900 : 3 stores
Line 0xe8035e405900 : 2 stores
Line 0xe8035e425540 : 2 stores
Line 0xe8035e426540 : 3 stores
Line 0xe8035e424dc0 : 2 stores
Line 0xe8035e406800 : 1 stores
Line 0xe8035e405800 : 1 stores
Line 0xe8035e424cc0 : 2 stores
Line 0xe8035e406740 : 1 stores
Line 0xe8035e426480 : 1 stores
Line 0xe8035e425480 : 2 stores
Line 0xe8035e424d00 : 4 stores
Line 0xe8035e3e8200 : 1 stores
Line 0xe8035e405740 : 1 stores
Line 0xe8035e424c40 : 4 stores
Line 0xe8035e4057c0 : 2 stores
Line 0xe8035e4067c0 : 3 stores
Line 0xe8035e426400 : 3 stores
Line 0xe8035e425400 : 2 stores
Line 0xe8035e424c80 : 2 stores
Line 0xe8035e4056c0 : 1 stores
Line 0xe8035e4066c0 : 1 stores
Line 0xe8035e424b80 : 2 stores
Line 0xe8035e406600 : 1 stores
Line 0xe8035e426340 : 1 stores
Line 0xe8035e425340 : 2 stores
Line 0xe8035e424bc0 : 4 stores
Line 0xe8035e3e80c0 : 1 stores
Line 0xe8035e405600 : 1 stores
Line 0xe8035e424b00 : 4 stores
Line 0xe8035e405680 : 2 stores
Line 0xe8035e406680 : 3 stores
Line 0xe8035e4262c0 : 3 stores
Line 0xe8035e4252c0 : 2 stores
Line 0xe8035e424b40 : 2 stores
Line 0xe8035e405580 : 1 stores
Line 0xe8035e406580 : 1 stores
Line 0xe8035e424a40 : 2 stores
Line 0xe8035e4064c0 : 1 stores
Line 0xe8035e426200 : 1 stores
Line 0xe8035e425200 : 2 stores
Line 0xe8035e424a80 : 4 stores
Line 0xe8035e3e4f80 : 1 stores
Line 0xe8035e4054c0 : 1 stores
Line 0xe8035e4249c0 : 4 stores
Line 0xe8035e405540 : 2 stores
Line 0xe8035e406540 : 3 stores
Line 0xe8035e426180 : 3 stores
Line 0xe8035e425180 : 2 stores
Line 0xe8035e424a00 : 2 stores
Line 0xe8035e405440 : 1 stores
Line 0xe8035e406440 : 1 stores
Line 0xe8035e424900 : 2 stores
Line 0xe8035e406380 : 1 stores
Line 0xe8035e4260c0 : 1 stores
Line 0xe8035e426040 : 3 stores
Line 0xe8035e4250c0 : 2 stores
Line 0xe8035e425040 : 2 stores
Line 0xe8035e424940 : 4 stores
Line 0xe8035e3e4e40 : 1 stores
Line 0xe8035e405380 : 1 stores
Line 0xe8035e424880 : 4 stores
Line 0xe8035e405400 : 2 stores
Line 0xe8035e406400 : 3 stores
Line 0xe8035e4248c0 : 2 stores
Line 0xe8035e405300 : 1 stores
Line 0xe8035e406300 : 1 stores
Line 0xe8035e4247c0 : 2 stores
Line 0xe8035e406240 : 1 stores
Line 0xe8035e421f80 : 1 stores
Line 0xe8035e422f80 : 2 stores
Line 0xe8035e424800 : 4 stores
Line 0xe8035e3e4d00 : 1 stores
Line 0xe8035e405240 : 1 stores
Line 0xe8035e424740 : 4 stores
Line 0xe8035e4062c0 : 3 stores
Line 0xe8035e4052c0 : 2 stores
Line 0xe8035e422f00 : 2 stores
Line 0xe8035e421f00 : 3 stores
Line 0xe8035e424780 : 2 stores
Line 0xe8035e4061c0 : 1 stores
Line 0xe8035e4051c0 : 1 stores
Line 0xe8035e424680 : 2 stores
Line 0xe8035e406100 : 1 stores
Line 0xe8035e422e40 : 2 stores
Line 0xe8035e421e40 : 1 stores
Line 0xe8035e3e4bc0 : 1 stores
Line 0xe8035e4246c0 : 4 stores
Line 0xe8035e405100 : 1 stores
Line 0xe8035e424600 : 4 stores
Line 0xe8035e406180 : 3 stores
Line 0xe8035e405180 : 2 stores
Line 0xe8035e422dc0 : 2 stores
Line 0xe8035e421dc0 : 3 stores
Line 0xe8035e424640 : 2 stores
Line 0xe8035e406080 : 1 stores
Line 0xe8035e405080 : 1 stores
Line 0xe8035e424540 : 2 stores
Line 0xe8035e402fc0 : 1 stores
Line 0xe8035e422d00 : 2 stores
Line 0xe8035e421d00 : 1 stores
Line 0xe8035e3e4a80 : 1 stores
Line 0xe8035e424580 : 4 stores
Line 0xe8035e401fc0 : 1 stores
Line 0xe8035e4244c0 : 4 stores
Line 0xe8035e406040 : 3 stores
Line 0xe8035e405040 : 2 stores
Line 0xe8035e422c80 : 2 stores
Line 0xe8035e421c80 : 3 stores
Line 0xe8035e424500 : 2 stores
Line 0xe8035e402f40 : 1 stores
Line 0xe8035e401f40 : 1 stores
Line 0xe8035e424400 : 2 stores
Line 0xe8035e402e80 : 1 stores
Line 0xe8035e422bc0 : 2 stores
Line 0xe8035e421bc0 : 1 stores
Line 0xe8035e3e4940 : 1 stores
Line 0xe8035e424440 : 4 stores
Line 0xe8035e401e80 : 1 stores
Line 0xe8035e424380 : 4 stores
Line 0xe8035e402f00 : 3 stores
Line 0xe8035e401f00 : 2 stores
Line 0xe8035e422b40 : 2 stores
Line 0xe8035e421b40 : 3 stores
Line 0xe8035e4243c0 : 2 stores
Line 0xe8035e402e00 : 1 stores
Line 0xe8035e401e00 : 1 stores
Line 0xe8035e4242c0 : 2 stores
Line 0xe8035e402d40 : 1 stores
Line 0xe8035e422a80 : 2 stores
Line 0xe8035e421a80 : 1 stores
Line 0xe8035e3e4800 : 1 stores
Line 0xe8035e424300 : 4 stores
Line 0xe8035e401d40 : 1 stores
Line 0xe8035e424240 : 4 stores
Line 0xe8035e402dc0 : 3 stores
Line 0xe8035e401dc0 : 2 stores
Line 0xe8035e422a00 : 2 stores
Line 0xe8035e421a00 : 3 stores
Line 0xe8035e424280 : 2 stores
Line 0xe8035e402cc0 : 1 stores
Line 0xe8035e401cc0 : 1 stores
Line 0xe8035e424180 : 2 stores
Line 0xe8035e402c00 : 1 stores
Line 0xe8035e421940 : 1 stores
Line 0xe8035e422940 : 2 stores
Line 0xe8035e4241c0 : 4 stores
Line 0xe8035e3e46c0 : 1 stores
Line 0xe8035e401c00 : 1 stores
Line 0xe8035e424100 : 4 stores
Line 0xe8035e401c80 : 2 stores
Line 0xe8035e402c80 : 3 stores
Line 0xe8035e4218c0 : 3 stores
Line 0xe8035e4228c0 : 2 stores
Line 0xe8035e424140 : 2 stores
Line 0xe8035e401b80 : 1 stores
Line 0xe8035e402b80 : 1 stores
Line 0xe8035e424040 : 2 stores
Line 0xe8035e402ac0 : 1 stores
Line 0xe8035e422800 : 2 stores
Line 0xe8035e421800 : 1 stores
Line 0xe8035e3e4580 : 1 stores
Line 0xe8035e424080 : 4 stores
Line 0xe8035e401ac0 : 1 stores
Line 0xe8035e420fc0 : 4 stores
Line 0xe8035e402b40 : 3 stores
Line 0xe8035e401b40 : 2 stores
Line 0xe8035e422780 : 2 stores
Line 0xe8035e421780 : 3 stores
Line 0xe8035e424000 : 2 stores
Line 0xe8035e402a40 : 1 stores
Line 0xe8035e401a40 : 1 stores
Line 0xe8035e420f00 : 2 stores
Line 0xe8035e402980 : 1 stores
Line 0xe8035e4226c0 : 2 stores
Line 0xe8035e4216c0 : 1 stores
Line 0xe8035e3e4440 : 1 stores
Line 0xe8035e420f40 : 4 stores
Line 0xe8035e401980 : 1 stores
Line 0xe8035e420e80 : 4 stores
Line 0xe8035e402a00 : 3 stores
Line 0xe8035e401a00 : 2 stores
Line 0xe8035e422640 : 2 stores
Line 0xe8035e421640 : 3 stores
Line 0xe8035e420ec0 : 2 stores
Line 0xe8035e402900 : 1 stores
Line 0xe8035e401900 : 1 stores
Line 0xe8035e420dc0 : 2 stores
Line 0xe8035e402840 : 1 stores
Line 0xe8035e422580 : 2 stores
Line 0xe8035e421580 : 1 stores
Line 0xe8035e3e4300 : 1 stores
Line 0xe8035e420e00 : 4 stores
Line 0xe8035e401840 : 1 stores
Line 0xe8035e420d40 : 4 stores
Line 0xe8035e4028c0 : 3 stores
Line 0xe8035e4018c0 : 2 stores
Line 0xe8035e422500 : 2 stores
Line 0xe8035e421500 : 3 stores
Line 0xe8035e420d80 : 2 stores
Line 0xe8035e4027c0 : 1 stores
Line 0xe8035e4017c0 : 1 stores
Line 0xe8035e420c80 : 2 stores
Line 0xe8035e402700 : 1 stores
Line 0xe8035e422440 : 2 stores
Line 0xe8035e421440 : 1 stores
Line 0xe8035e3e41c0 : 1 stores
Line 0xe8035e420cc0 : 4 stores
Line 0xe8035e401700 : 1 stores
Line 0xe8035e420c00 : 4 stores
Line 0xe8035e402780 : 3 stores
Line 0xe8035e401780 : 2 stores
Line 0xe8035e4223c0 : 2 stores
Line 0xe8035e4213c0 : 3 stores
Line 0xe8035e420c40 : 2 stores
Line 0xe8035e402680 : 1 stores
Line 0xe8035e401680 : 1 stores
Line 0xe8035e420b40 : 2 stores
Line 0xe8035e4025c0 : 1 stores
Line 0xe8035e422300 : 2 stores
Line 0xe8035e421300 : 1 stores
Line 0xe8035e3e4080 : 1 stores
Line 0xe8035e420b80 : 4 stores
Line 0xe8035e4015c0 : 1 stores
Line 0xe8035e420ac0 : 4 stores
Line 0xe8035e402640 : 3 stores
Line 0xe8035e401640 : 2 stores
Line 0xe8035e422280 : 2 stores
Line 0xe8035e421280 : 3 stores
Line 0xe8035e420b00 : 2 stores
Line 0xe8035e402540 : 1 stores
Line 0xe8035e401540 : 1 stores
Line 0xe8035e420a00 : 2 stores
Line 0xe8035e402480 : 1 stores
Line 0xe8035e4221c0 : 2 stores
Line 0xe8035e4211c0 : 1 stores
Line 0xe8035e3e0f40 : 1 stores
Line 0xe8035e420a40 : 4 stores
Line 0xe8035e401480 : 1 stores
Line 0xe8035e420980 : 4 stores
Line 0xe8035e402500 : 3 stores
Line 0xe8035e401500 : 2 stores
Line 0xe8035e422140 : 2 stores
Line 0xe8035e421140 : 3 stores
Line 0xe8035e4209c0 : 2 stores
Line 0xe8035e402400 : 1 stores
Line 0xe8035e401400 : 1 stores
Line 0xe8035e4208c0 : 2 stores
Line 0xe8035e402340 : 1 stores
Line 0xe8035e422080 : 2 stores
Line 0xe8035e421080 : 1 stores
Line 0xe8035e3e0e00 : 1 stores
Line 0xe8035e420900 : 4 stores
Line 0xe8035e401340 : 1 stores
Line 0xe8035e420840 : 4 stores
Line 0xe8035e4023c0 : 3 stores
Line 0xe8035e4013c0 : 2 stores
Line 0xe8035e422000 : 2 stores
Line 0xe8035e421000 : 3 stores
Line 0xe8035e420880 : 2 stores
Line 0xe8035e4022c0 : 1 stores
Line 0xe8035e4012c0 : 1 stores
Line 0xe8035e420780 : 2 stores
Line 0xe8035e402200 : 1 stores
Line 0xe8035e41ef40 : 2 stores
Line 0xe8035e41df40 : 1 stores
Line 0xe8035e3e0cc0 : 1 stores
Line 0xe8035e4207c0 : 4 stores
Line 0xe8035e401200 : 1 stores
Line 0xe8035e420700 : 4 stores
Line 0xe8035e402280 : 3 stores
Line 0xe8035e401280 : 2 stores
Line 0xe8035e41eec0 : 2 stores
Line 0xe8035e41dec0 : 3 stores
Line 0xe8035e420740 : 2 stores
Line 0xe8035e402180 : 1 stores
Line 0xe8035e401180 : 1 stores
Line 0xe8035e420640 : 2 stores
Line 0xe8035e4020c0 : 1 stores
Line 0xe8035e41ee00 : 2 stores
Line 0xe8035e41de00 : 1 stores
Line 0xe8035e3e0b80 : 1 stores
Line 0xe8035e420680 : 4 stores
Line 0xe8035e4010c0 : 1 stores
Line 0xe8035e4205c0 : 4 stores
Line 0xe8035e402140 : 3 stores
Line 0xe8035e401140 : 2 stores
Line 0xe8035e41ed80 : 2 stores
Line 0xe8035e41dd80 : 3 stores
Line 0xe8035e420600 : 2 stores
Line 0xe8035e402040 : 1 stores
Line 0xe8035e401040 : 1 stores
Line 0xe8035e420500 : 2 stores
Line 0xe8035e3fef80 : 1 stores
Line 0xe8035e41ecc0 : 2 stores
Line 0xe8035e41dcc0 : 1 stores
Line 0xe8035e3e0a40 : 1 stores
Line 0xe8035e420540 : 4 stores
Line 0xe8035e3fdf80 : 1 stores
Line 0xe8035e420480 : 4 stores
Line 0xe8035e401000 : 2 stores
Line 0xe8035e402000 : 3 stores
Line 0xe8035e41ec40 : 2 stores
Line 0xe8035e41dc40 : 3 stores
Line 0xe8035e4204c0 : 2 stores
Line 0xe8035e3fef00 : 1 stores
Line 0xe8035e3fdf00 : 1 stores
Line 0xe8035e4203c0 : 2 stores
Line 0xe8035e3fee40 : 1 stores
Line 0xe8035e41eb80 : 2 stores
Line 0xe8035e41db80 : 1 stores
Line 0xe8035e3e0900 : 1 stores
Line 0xe8035e420400 : 4 stores
Line 0xe8035e3fde40 : 1 stores
Line 0xe8035e420340 : 4 stores
Line 0xe8035e3feec0 : 3 stores
Line 0xe8035e3fdec0 : 2 stores
Line 0xe8035e41eb00 : 2 stores
Line 0xe8035e41db00 : 3 stores
Line 0xe8035e420380 : 2 stores
Line 0xe8035e3fedc0 : 1 stores
Line 0xe8035e3fddc0 : 1 stores
Line 0xe8035e420280 : 2 stores
Line 0xe8035e3fed00 : 1 stores
Line 0xe8035e41ea40 : 2 stores
Line 0xe8035e41da40 : 1 stores
Line 0xe8035e3e07c0 : 1 stores
Line 0xe8035e4202c0 : 4 stores
Line 0xe8035e3fdd00 : 1 stores
Line 0xe8035e420200 : 4 stores
Line 0xe8035e3fed80 : 3 stores
Line 0xe8035e3fdd80 : 2 stores
Line 0xe8035e41e9c0 : 2 stores
Line 0xe8035e41d9c0 : 3 stores
Line 0xe8035e420240 : 2 stores
Line 0xe8035e3fec80 : 1 stores
Line 0xe8035e3fdc80 : 1 stores
Line 0xe8035e420140 : 2 stores
Line 0xe8035e3febc0 : 1 stores
Line 0xe8035e41e900 : 2 stores
Line 0xe8035e41d900 : 1 stores
Line 0xe8035e3e0680 : 1 stores
Line 0xe8035e420180 : 4 stores
Line 0xe8035e3fdbc0 : 1 stores
Line 0xe8035e4200c0 : 4 stores
Line 0xe8035e3fec40 : 3 stores
Line 0xe8035e3fdc40 : 2 stores
Line 0xe8035e41e880 : 2 stores
Line 0xe8035e41d880 : 3 stores
Line 0xe8035e420100 : 2 stores
Line 0xe8035e3feb40 : 1 stores
Line 0xe8035e3fdb40 : 1 stores
Line 0xe8035e420000 : 2 stores
Line 0xe8035e3fea80 : 1 stores
Line 0xe8035e41e7c0 : 2 stores
Line 0xe8035e41d7c0 : 1 stores
Line 0xe8035e420040 : 4 stores
Line 0xe8035e3e0540 : 1 stores
Line 0xe8035e3fda80 : 1 stores
Line 0xe8035e41cf80 : 4 stores
Line 0xe8035e3feb00 : 3 stores
Line 0xe8035e3fdb00 : 2 stores
Line 0xe8035e41e740 : 2 stores
Line 0xe8035e41d740 : 3 stores
Line 0xe8035e41cfc0 : 2 stores
Line 0xe8035e3fea00 : 1 stores
Line 0xe8035e3fda00 : 1 stores
Line 0xe8035e41cec0 : 2 stores
Line 0xe8035e3fe940 : 1 stores
Line 0xe8035e41e680 : 2 stores
Line 0xe8035e41d680 : 1 stores
Line 0xe8035e3e0400 : 1 stores
Line 0xe8035e41cf00 : 4 stores
Line 0xe8035e3fd940 : 1 stores
Line 0xe8035e41ce40 : 4 stores
Line 0xe8035e3fe9c0 : 3 stores
Line 0xe8035e3fd9c0 : 2 stores
Line 0xe8035e41e600 : 2 stores
Line 0xe8035e41d600 : 3 stores
Line 0xe8035e41ce80 : 2 stores
Line 0xe8035e3fe8c0 : 1 stores
Line 0xe8035e3fd8c0 : 1 stores
Line 0xe8035e41cd80 : 2 stores
Line 0xe8035e3fe800 : 1 stores
Line 0xe8035e41e540 : 2 stores
Line 0xe8035e41d540 : 1 stores
Line 0xe8035e3e02c0 : 1 stores
Line 0xe8035e41cdc0 : 4 stores
Line 0xe8035e3fd800 : 1 stores
Line 0xe8035e41cd00 : 4 stores
Line 0xe8035e3fe880 : 3 stores
Line 0xe8035e3fd880 : 2 stores
Line 0xe8035e41e4c0 : 2 stores
Line 0xe8035e41d4c0 : 3 stores
Line 0xe8035e41cd40 : 2 stores
Line 0xe8035e3fe780 : 1 stores
Line 0xe8035e3fd780 : 1 stores
Line 0xe8035e41cc40 : 2 stores
Line 0xe8035e3fe6c0 : 1 stores
Line 0xe8035e41e400 : 2 stores
Line 0xe8035e41d400 : 1 stores
Line 0xe8035e3e0180 : 1 stores
Line 0xe8035e41cc80 : 4 stores
Line 0xe8035e3fd6c0 : 1 stores
Line 0xe8035e41cbc0 : 4 stores
Line 0xe8035e3fe740 : 3 stores
Line 0xe8035e3fd740 : 2 stores
Line 0xe8035e41e380 : 2 stores
Line 0xe8035e41d380 : 3 stores
Line 0xe8035e41cc00 : 2 stores
Line 0xe8035e3fe640 : 1 stores
Line 0xe8035e3fd640 : 1 stores
Line 0xe8035e41cb00 : 2 stores
Line 0xe8035e3fe580 : 1 stores
Line 0xe8035e41e2c0 : 2 stores
Line 0xe8035e41d2c0 : 1 stores
Line 0xe8035e3e0040 : 1 stores
Line 0xe8035e41cb40 : 4 stores
Line 0xe8035e3fd580 : 1 stores
Line 0xe8035e41ca80 : 4 stores
Line 0xe8035e3fe600 : 3 stores
Line 0xe8035e3fd600 : 2 stores
Line 0xe8035e41e240 : 2 stores
Line 0xe8035e41d240 : 3 stores
Line 0xe8035e41cac0 : 2 stores
Line 0xe8035e3fe500 : 1 stores
Line 0xe8035e3fd500 : 1 stores
Line 0xe8035e41c9c0 : 2 stores
Line 0xe8035e3fe440 : 1 stores
Line 0xe8035e41e180 : 2 stores
Line 0xe8035e41d180 : 1 stores
Line 0xe8035e41ca00 : 4 stores
Line 0xe8035e3fd440 : 1 stores
Line 0xe8035e41c940 : 4 stores
Line 0xe8035e3fe4c0 : 3 stores
Line 0xe8035e3fd4c0 : 2 stores
Line 0xe8035e41e100 : 2 stores
Line 0xe8035e41d100 : 3 stores
Line 0xe8035e41c980 : 2 stores
Line 0xe8035e3fe3c0 : 1 stores
Line 0xe8035e3fd3c0 : 1 stores
Line 0xe8035e41c880 : 2 stores
Line 0xe8035e3fe300 : 1 stores
Line 0xe8035e41e040 : 2 stores
Line 0xe8035e41d040 : 1 stores
Line 0xe8035e41c8c0 : 4 stores
Line 0xe8035e3fd300 : 1 stores
Line 0xe8035e41c800 : 4 stores
Line 0xe8035e3fe380 : 3 stores
Line 0xe8035e3fd380 : 2 stores
Line 0xe8035e41afc0 : 2 stores
Line 0xe8035e419fc0 : 3 stores
Line 0xe8035e41c840 : 2 stores
Line 0xe8035e3fe280 : 1 stores
Line 0xe8035e3fd280 : 1 stores
Line 0xe8035e41c740 : 2 stores
Line 0xe8035e3fe1c0 : 1 stores
Line 0xe8035e41af00 : 2 stores
Line 0xe8035e419f00 : 1 stores
Line 0xe8035e41c780 : 4 stores
Line 0xe8035e3fd1c0 : 1 stores
Line 0xe8035e41c6c0 : 4 stores
Line 0xe8035e3fe240 : 3 stores
Line 0xe8035e3fd240 : 2 stores
Line 0xe8035e41ae80 : 2 stores
Line 0xe8035e419e80 : 3 stores
Line 0xe8035e41c700 : 2 stores
Line 0xe8035e3fe140 : 1 stores
Line 0xe8035e3fd140 : 1 stores
Line 0xe8035e41c600 : 2 stores
Line 0xe8035e3fe080 : 1 stores
Line 0xe8035e41adc0 : 2 stores
Line 0xe8035e419dc0 : 1 stores
Line 0xe8035e41c640 : 4 stores
Line 0xe8035e3fd080 : 1 stores
Line 0xe8035e41c580 : 4 stores
Line 0xe8035e3fe100 : 3 stores
Line 0xe8035e3fd100 : 2 stores
Line 0xe8035e41ad40 : 2 stores
Line 0xe8035e419d40 : 3 stores
Line 0xe8035e41c5c0 : 2 stores
Line 0xe8035e3fe000 : 1 stores
Line 0xe8035e3fd000 : 1 stores
Line 0xe8035e41c4c0 : 2 stores
Line 0xe8035e3faf40 : 1 stores
Line 0xe8035e41ac80 : 2 stores
Line 0xe8035e419c80 : 1 stores
Line 0xe8035e41c500 : 4 stores
Line 0xe8035e3f9f40 : 1 stores
Line 0xe8035e41c440 : 4 stores
Line 0xe8035e3fafc0 : 3 stores
Line 0xe8035e3f9fc0 : 2 stores
Line 0xe8035e41ac00 : 2 stores
Line 0xe8035e419c00 : 3 stores
Line 0xe8035e41c480 : 2 stores
Line 0xe8035e3faec0 : 1 stores
Line 0xe8035e3f9ec0 : 1 stores
Line 0xe8035e41c380 : 2 stores
Line 0xe8035e3fae00 : 1 stores
Line 0xe8035e41ab40 : 2 stores
Line 0xe8035e419b40 : 1 stores
Line 0xe8035e41c3c0 : 4 stores
Line 0xe8035e3f9e00 : 1 stores
Line 0xe8035e41c300 : 4 stores
Line 0xe8035e3fae80 : 3 stores
Line 0xe8035e3f9e80 : 2 stores
Line 0xe8035e41aac0 : 2 stores
Line 0xe8035e419ac0 : 3 stores
Line 0xe8035e41c340 : 2 stores
Line 0xe8035e3fad80 : 1 stores
Line 0xe8035e3f9d80 : 1 stores
Line 0xe8035e41c240 : 2 stores
Line 0xe8035e3facc0 : 1 stores
Line 0xe8035e419a00 : 1 stores
Line 0xe8035e41aa00 : 2 stores
Line 0xe8035e41c280 : 4 stores
Line 0xe8035e3f9cc0 : 1 stores
Line 0xe8035e41c1c0 : 4 stores
Line 0xe8035e3f9d40 : 2 stores
Line 0xe8035e3fad40 : 3 stores
Line 0xe8035e419980 : 3 stores
Line 0xe8035e41a980 : 2 stores
Line 0xe8035e41c200 : 2 stores
Line 0xe8035e3f9c40 : 1 stores
Line 0xe8035e3fac40 : 1 stores
Line 0xe8035e41c100 : 2 stores
Line 0xe8035e3fab80 : 1 stores
Line 0xe8035e4198c0 : 1 stores
Line 0xe8035e41a8c0 : 2 stores
Line 0xe8035e41c140 : 4 stores
Line 0xe8035e3dc640 : 1 stores
Line 0xe8035e3f9b80 : 1 stores
Line 0xe8035e41c080 : 4 stores
Line 0xe8035e3f9c00 : 2 stores
Line 0xe8035e3fac00 : 3 stores
Line 0xe8035e419840 : 3 stores
Line 0xe8035e41a840 : 2 stores
Line 0xe8035e41c0c0 : 2 stores
Line 0xe8035e3f9b00 : 1 stores
Line 0xe8035e3fab00 : 1 stores
Line 0xe8035e418fc0 : 2 stores
Line 0xe8035e41c000 : 4 stores
Line 0xe8035e3faa40 : 1 stores
Line 0xe8035e419780 : 1 stores
Line 0xe8035e41a780 : 2 stores
Line 0xe8035e3dc500 : 1 stores
Line 0xe8035e3f9a40 : 1 stores
Line 0xe8035e418f40 : 4 stores
Line 0xe8035e3f9ac0 : 2 stores
Line 0xe8035e3faac0 : 3 stores
Line 0xe8035e419700 : 3 stores
Line 0xe8035e41a700 : 2 stores
Line 0xe8035e418f80 : 2 stores
Line 0xe8035e3f99c0 : 1 stores
Line 0xe8035e3fa9c0 : 1 stores
Line 0xe8035e418e80 : 2 stores
Line 0xe8035e3fa900 : 1 stores
Line 0xe8035e419640 : 1 stores
Line 0xe8035e41a640 : 2 stores
Line 0xe8035e418ec0 : 4 stores
Line 0xe8035e3dc3c0 : 1 stores
Line 0xe8035e3f9900 : 1 stores
Line 0xe8035e418e00 : 4 stores
Line 0xe8035e3f9980 : 2 stores
Line 0xe8035e3fa980 : 3 stores
Line 0xe8035e4195c0 : 3 stores
Line 0xe8035e41a5c0 : 2 stores
Line 0xe8035e418e40 : 2 stores
Line 0xe8035e3f9880 : 1 stores
Line 0xe8035e3fa880 : 1 stores
Line 0xe8035e418d40 : 2 stores
Line 0xe8035e3fa7c0 : 1 stores
Line 0xe8035e419500 : 1 stores
Line 0xe8035e41a500 : 2 stores
Line 0xe8035e418d80 : 4 stores
Line 0xe8035e3dc280 : 1 stores
Line 0xe8035e3f97c0 : 1 stores
Line 0xe8035e418cc0 : 4 stores
Line 0xe8035e3fa840 : 3 stores
Line 0xe8035e3f9840 : 2 stores
Line 0xe8035e41a480 : 2 stores
Line 0xe8035e419480 : 3 stores
Line 0xe8035e418d00 : 2 stores
Line 0xe8035e3fa740 : 1 stores
Line 0xe8035e3f9740 : 1 stores
Line 0xe8035e418c00 : 2 stores
Line 0xe8035e3fa680 : 1 stores
Line 0xe8035e41a3c0 : 2 stores
Line 0xe8035e4193c0 : 1 stores
Line 0xe8035e3dc140 : 1 stores
Line 0xe8035e418c40 : 4 stores
Line 0xe8035e3f9680 : 1 stores
Line 0xe8035e418b80 : 4 stores
Line 0xe8035e3fa700 : 3 stores
Line 0xe8035e3f9700 : 2 stores
Line 0xe8035e41a340 : 2 stores
Line 0xe8035e419340 : 3 stores
Line 0xe8035e418bc0 : 2 stores
Line 0xe8035e3fa600 : 1 stores
Line 0xe8035e3f9600 : 1 stores
Line 0xe8035e418ac0 : 2 stores
Line 0xe8035e3fa540 : 1 stores
Line 0xe8035e41a280 : 2 stores
Line 0xe8035e419280 : 1 stores
Line 0xe8035e3dc000 : 1 stores
Line 0xe8035e418b00 : 4 stores
Line 0xe8035e3f9540 : 1 stores
Line 0xe8035e418a40 : 4 stores
Line 0xe8035e3fa5c0 : 3 stores
Line 0xe8035e3f95c0 : 2 stores
Line 0xe8035e41a200 : 2 stores
Line 0xe8035e419200 : 3 stores
Line 0xe8035e418a80 : 2 stores
Line 0xe8035e3fa4c0 : 1 stores
Line 0xe8035e3f94c0 : 1 stores
Line 0xe8035e418980 : 2 stores
Line 0xe8035e3fa400 : 1 stores
Line 0xe8035e41a140 : 2 stores
Line 0xe8035e419140 : 1 stores
Line 0xe8035e4189c0 : 4 stores
Line 0xe8035e3f9400 : 1 stores
Line 0xe8035e418900 : 4 stores
Line 0xe8035e3fa480 : 3 stores
Line 0xe8035e3f9480 : 2 stores
Line 0xe8035e41a0c0 : 2 stores
Line 0xe8035e4190c0 : 3 stores
Line 0xe8035e418940 : 2 stores
Line 0xe8035e3fa380 : 1 stores
Line 0xe8035e3f9380 : 1 stores
Line 0xe8035e418840 : 2 stores
Line 0xe8035e3fa2c0 : 1 stores
Line 0xe8035e41a000 : 2 stores
Line 0xe8035e419000 : 1 stores
Line 0xe8035e418880 : 5 stores
Line 0xe8035e3f92c0 : 1 stores
Line 0xe8035e4187c0 : 5 stores
Line 0xe8035e3fa340 : 3 stores
Line 0xe8035e3f9340 : 2 stores
Line 0xe8035e416f80 : 3 stores
Line 0xe8035e415f80 : 4 stores
Line 0xe8035e418800 : 3 stores
Line 0xe8035e3fa240 : 1 stores
Line 0xe8035e3f9240 : 1 stores
Line 0xe8035e418700 : 2 stores
Line 0xe8035e3fa180 : 1 stores
Line 0xe8035e416ec0 : 2 stores
Line 0xe8035e415ec0 : 2 stores
Line 0xe8035e418740 : 6 stores
Line 0xe8035e3f9180 : 1 stores
Line 0xe8035e418680 : 5 stores
Line 0xe8035e3fa200 : 3 stores
Line 0xe8035e3f9200 : 2 stores
Line 0xe8035e416e40 : 3 stores
Line 0xe8035e415e40 : 4 stores
Line 0xe8035e4186c0 : 4 stores
Line 0xe8035e3fa100 : 1 stores
Line 0xe8035e3f9100 : 1 stores
Line 0xe8035e4185c0 : 2 stores
Line 0xe8035e3fa040 : 1 stores
Line 0xe8035e416d80 : 2 stores
Line 0xe8035e415d80 : 2 stores
Line 0xe8035e418600 : 6 stores
Line 0xe8035e3f9040 : 1 stores
Line 0xe8035e418540 : 5 stores
Line 0xe8035e3fa0c0 : 3 stores
Line 0xe8035e3f90c0 : 2 stores
Line 0xe8035e416d00 : 3 stores
Line 0xe8035e415d00 : 4 stores
Line 0xe8035e418580 : 4 stores
Line 0xe8035e3f6fc0 : 1 stores
Line 0xe8035e3f5fc0 : 1 stores
Line 0xe8035e418480 : 2 stores
Line 0xe8035e3f6f00 : 1 stores
Line 0xe8035e416c40 : 2 stores
Line 0xe8035e415c40 : 2 stores
Line 0xe8035e4184c0 : 6 stores
Line 0xe8035e3f5f00 : 1 stores
Line 0xe8035e418400 : 5 stores
Line 0xe8035e3f6f80 : 3 stores
Line 0xe8035e3f5f80 : 2 stores
Line 0xe8035e416bc0 : 3 stores
Line 0xe8035e415bc0 : 4 stores
Line 0xe8035e418440 : 4 stores
Line 0xe8035e3f6e80 : 1 stores
Line 0xe8035e3f5e80 : 1 stores
Line 0xe8035e418340 : 2 stores
Line 0xe8035e3f6dc0 : 1 stores
Line 0xe8035e416b00 : 2 stores
Line 0xe8035e415b00 : 2 stores
Line 0xe8035e418380 : 6 stores
Line 0xe8035e3f5dc0 : 1 stores
Line 0xe8035e4182c0 : 5 stores
Line 0xe8035e3f6e40 : 3 stores
Line 0xe8035e3f5e40 : 2 stores
Line 0xe8035e416a80 : 3 stores
Line 0xe8035e415a80 : 4 stores
Line 0xe8035e418300 : 4 stores
Line 0xe8035e3f6d40 : 1 stores
Line 0xe8035e3f5d40 : 1 stores
Line 0xe8035e418200 : 2 stores
Line 0xe8035e3f6c80 : 1 stores
Line 0xe8035e4169c0 : 2 stores
Line 0xe8035e4159c0 : 2 stores
Line 0xe8035e418240 : 6 stores
Line 0xe8035e3f5c80 : 1 stores
Line 0xe8035e418180 : 5 stores
Line 0xe8035e3f6d00 : 3 stores
Line 0xe8035e3f5d00 : 2 stores
Line 0xe8035e416940 : 3 stores
Line 0xe8035e415940 : 4 stores
Line 0xe8035e4181c0 : 4 stores
Line 0xe8035e3f6c00 : 1 stores
Line 0xe8035e3f5c00 : 1 stores
Line 0xe8035e4180c0 : 2 stores
Line 0xe8035e3f6b40 : 1 stores
Line 0xe8035e416880 : 2 stores
Line 0xe8035e415880 : 2 stores
Line 0xe8035e3d8600 : 1 stores
Line 0xe8035e418100 : 6 stores
Line 0xe8035e3f5b40 : 1 stores
Line 0xe8035e418040 : 5 stores
Line 0xe8035e3f6bc0 : 3 stores
Line 0xe8035e3f5bc0 : 2 stores
Line 0xe8035e416800 : 3 stores
Line 0xe8035e415800 : 4 stores
Line 0xe8035e418080 : 4 stores
Line 0xe8035e3f6ac0 : 1 stores
Line 0xe8035e3f5ac0 : 1 stores
Line 0xe8035e414f80 : 2 stores
Line 0xe8035e3f6a00 : 1 stores
Line 0xe8035e415740 : 2 stores
Line 0xe8035e416740 : 2 stores
Line 0xe8035e414fc0 : 6 stores
Line 0xe8035e3d84c0 : 1 stores
Line 0xe8035e3f5a00 : 1 stores
Line 0xe8035e414f00 : 5 stores
Line 0xe8035e3f5a80 : 2 stores
Line 0xe8035e3f6a80 : 3 stores
Line 0xe8035e4156c0 : 4 stores
Line 0xe8035e4166c0 : 3 stores
Line 0xe8035e414f40 : 4 stores
Line 0xe8035e3f5980 : 1 stores
Line 0xe8035e3f6980 : 1 stores
Line 0xe8035e414e40 : 2 stores
Line 0xe8035e3f68c0 : 1 stores
Line 0xe8035e415600 : 2 stores
Line 0xe8035e416600 : 2 stores
Line 0xe8035e414e80 : 6 stores
Line 0xe8035e3d8380 : 1 stores
Line 0xe8035e3f58c0 : 1 stores
Line 0xe8035e414dc0 : 5 stores
Line 0xe8035e3f5940 : 2 stores
Line 0xe8035e3f6940 : 3 stores
Line 0xe8035e415580 : 4 stores
Line 0xe8035e416580 : 3 stores
Line 0xe8035e414e00 : 4 stores
Line 0xe8035e3f5840 : 1 stores
Line 0xe8035e3f6840 : 1 stores
Line 0xe8035e414d00 : 2 stores
Line 0xe8035e3f6780 : 1 stores
Line 0xe8035e4154c0 : 2 stores
Line 0xe8035e4164c0 : 2 stores
Line 0xe8035e414d40 : 6 stores
Line 0xe8035e3d8240 : 1 stores
Line 0xe8035e3f5780 : 1 stores
Line 0xe8035e414c80 : 5 stores
Line 0xe8035e3f5800 : 2 stores
Line 0xe8035e3f6800 : 3 stores
Line 0xe8035e415440 : 4 stores
Line 0xe8035e416440 : 3 stores
Line 0xe8035e414cc0 : 4 stores
Line 0xe8035e3f5700 : 1 stores
Line 0xe8035e3f6700 : 1 stores
Line 0xe8035e414bc0 : 2 stores
Line 0xe8035e3f6640 : 1 stores
Line 0xe8035e415380 : 2 stores
Line 0xe8035e416380 : 2 stores
Line 0xe8035e414c00 : 6 stores
Line 0xe8035e3d8100 : 1 stores
Line 0xe8035e3f5640 : 1 stores
Line 0xe8035e414b40 : 5 stores
Line 0xe8035e3f56c0 : 2 stores
Line 0xe8035e3f66c0 : 3 stores
Line 0xe8035e415300 : 4 stores
Line 0xe8035e416300 : 3 stores
Line 0xe8035e414b80 : 4 stores
Line 0xe8035e3f55c0 : 1 stores
Line 0xe8035e3f65c0 : 1 stores
Line 0xe8035e414a80 : 2 stores
Line 0xe8035e3f6500 : 1 stores
Line 0xe8035e415240 : 2 stores
Line 0xe8035e416240 : 2 stores
Line 0xe8035e414ac0 : 6 stores
Line 0xe8035e3f5500 : 1 stores
Line 0xe8035e414a00 : 5 stores
Line 0xe8035e3f6580 : 3 stores
Line 0xe8035e3f5580 : 2 stores
Line 0xe8035e4161c0 : 3 stores
Line 0xe8035e4151c0 : 4 stores
Line 0xe8035e414a40 : 4 stores
Line 0xe8035e3f6480 : 1 stores
Line 0xe8035e3f5480 : 1 stores
Line 0xe8035e414940 : 2 stores
Line 0xe8035e3f63c0 : 1 stores
Line 0xe8035e416100 : 2 stores
Line 0xe8035e415100 : 2 stores
Line 0xe8035e414980 : 6 stores
Line 0xe8035e3f53c0 : 1 stores
Line 0xe8035e4148c0 : 5 stores
Line 0xe8035e3f6440 : 3 stores
Line 0xe8035e3f5440 : 2 stores
Line 0xe8035e416080 : 3 stores
Line 0xe8035e415080 : 4 stores
Line 0xe8035e414900 : 4 stores
Line 0xe8035e3f6340 : 1 stores
Line 0xe8035e3f5340 : 1 stores
Line 0xe8035e414800 : 2 stores
Line 0xe8035e3f6280 : 1 stores
Line 0xe8035e412fc0 : 2 stores
Line 0xe8035e411fc0 : 2 stores
Line 0xe8035e414840 : 6 stores
Line 0xe8035e3f5280 : 1 stores
Line 0xe8035e414780 : 5 stores
Line 0xe8035e3f6300 : 3 stores
Line 0xe8035e3f5300 : 2 stores
Line 0xe8035e412f40 : 3 stores
Line 0xe8035e411f40 : 4 stores
Line 0xe8035e4147c0 : 4 stores
Line 0xe8035e3f6200 : 1 stores
Line 0xe8035e3f5200 : 1 stores
Line 0xe8035e4146c0 : 2 stores
Line 0xe8035e3f6140 : 1 stores
Line 0xe8035e412e80 : 2 stores
Line 0xe8035e411e80 : 2 stores
Line 0xe8035e414700 : 6 stores
Line 0xe8035e3f5140 : 1 stores
Line 0xe8035e414640 : 5 stores
Line 0xe8035e3f61c0 : 3 stores
Line 0xe8035e3f51c0 : 2 stores
Line 0xe8035e412e00 : 3 stores
Line 0xe8035e411e00 : 4 stores
Line 0xe8035e414680 : 4 stores
Line 0xe8035e3f60c0 : 1 stores
Line 0xe8035e3f50c0 : 1 stores
Line 0xe8035e414580 : 2 stores
Line 0xe8035e3f6000 : 1 stores
Line 0xe8035e412d40 : 2 stores
Line 0xe8035e411d40 : 2 stores
Line 0xe8035e4145c0 : 6 stores
Line 0xe8035e3f5000 : 1 stores
Line 0xe8035e414500 : 5 stores
Line 0xe8035e3f6080 : 3 stores
Line 0xe8035e3f5080 : 2 stores
Line 0xe8035e412cc0 : 3 stores
Line 0xe8035e411cc0 : 4 stores
Line 0xe8035e414540 : 4 stores
Line 0xe8035e3f2f80 : 1 stores
Line 0xe8035e3f1f80 : 1 stores
Line 0xe8035e414440 : 2 stores
Line 0xe8035e3f2ec0 : 1 stores
Line 0xe8035e412c00 : 2 stores
Line 0xe8035e411c00 : 2 stores
Line 0xe8035e414480 : 6 stores
Line 0xe8035e3f1ec0 : 1 stores
Line 0xe8035e4143c0 : 5 stores
Line 0xe8035e3f2f40 : 3 stores
Line 0xe8035e3f1f40 : 2 stores
Line 0xe8035e412b80 : 3 stores
Line 0xe8035e411b80 : 4 stores
Line 0xe8035e414400 : 4 stores
Line 0xe8035e3f2e40 : 1 stores
Line 0xe8035e3f1e40 : 1 stores
Line 0xe8035e414300 : 2 stores
Line 0xe8035e3f2d80 : 1 stores
Line 0xe8035e412ac0 : 2 stores
Line 0xe8035e411ac0 : 2 stores
Line 0xe8035e414340 : 6 stores
Line 0xe8035e3f1d80 : 1 stores
Line 0xe8035e414280 : 5 stores
Line 0xe8035e3f2e00 : 3 stores
Line 0xe8035e3f1e00 : 2 stores
Line 0xe8035e412a40 : 3 stores
Line 0xe8035e411a40 : 4 stores
Line 0xe8035e4142c0 : 4 stores
Line 0xe8035e3f2d00 : 1 stores
Line 0xe8035e3f1d00 : 1 stores
Line 0xe8035e4141c0 : 2 stores
Line 0xe8035e3f2c40 : 1 stores
Line 0xe8035e412980 : 2 stores
Line 0xe8035e411980 : 2 stores
Line 0xe8035e3d4700 : 1 stores
Line 0xe8035e414200 : 6 stores
Line 0xe8035e3f1c40 : 1 stores
Line 0xe8035e414140 : 5 stores
Line 0xe8035e3f2cc0 : 3 stores
Line 0xe8035e3f1cc0 : 2 stores
Line 0xe8035e412900 : 3 stores
Line 0xe8035e411900 : 4 stores
Line 0xe8035e414180 : 4 stores
Line 0xe8035e3f2bc0 : 1 stores
Line 0xe8035e3f1bc0 : 1 stores
Line 0xe8035e414080 : 2 stores
Line 0xe8035e3f2b00 : 1 stores
Line 0xe8035e412840 : 2 stores
Line 0xe8035e411840 : 2 stores
Line 0xe8035e3d45c0 : 1 stores
Line 0xe8035e4140c0 : 6 stores
Line 0xe8035e3f1b00 : 1 stores
Line 0xe8035e414000 : 5 stores
Line 0xe8035e3f2b80 : 3 stores
Line 0xe8035e3f1b80 : 2 stores
Line 0xe8035e4127c0 : 3 stores
Line 0xe8035e4117c0 : 4 stores
Line 0xe8035e414040 : 4 stores
Line 0xe8035e3f2a80 : 1 stores
Line 0xe8035e3f1a80 : 1 stores
Line 0xe8035e410f40 : 2 stores
Line 0xe8035e3f29c0 : 1 stores
Line 0xe8035e412700 : 2 stores
Line 0xe8035e411700 : 2 stores
Line 0xe8035e3d4480 : 1 stores
Line 0xe8035e410f80 : 6 stores
Line 0xe8035e3f19c0 : 1 stores
Line 0xe8035e410ec0 : 5 stores
Line 0xe8035e3f2a40 : 3 stores
Line 0xe8035e3f1a40 : 2 stores
Line 0xe8035e412680 : 3 stores
Line 0xe8035e411680 : 4 stores
Line 0xe8035e410f00 : 4 stores
Line 0xe8035e3f2940 : 1 stores
Line 0xe8035e3f1940 : 1 stores
Line 0xe8035e410e00 : 2 stores
Line 0xe8035e3f2880 : 1 stores
Line 0xe8035e4125c0 : 2 stores
Line 0xe8035e4115c0 : 2 stores
Line 0xe8035e3d4340 : 1 stores
Line 0xe8035e410e40 : 6 stores
Line 0xe8035e3f1880 : 1 stores
Line 0xe8035e410d80 : 5 stores
Line 0xe8035e3f2900 : 3 stores
Line 0xe8035e3f1900 : 2 stores
Line 0xe8035e412540 : 3 stores
Line 0xe8035e411540 : 4 stores
Line 0xe8035e410dc0 : 4 stores
Line 0xe8035e3f2800 : 1 stores
Line 0xe8035e3f1800 : 1 stores
Line 0xe8035e410cc0 : 2 stores
Line 0xe8035e3f2740 : 1 stores
Line 0xe8035e412480 : 2 stores
Line 0xe8035e411480 : 2 stores
Line 0xe8035e3d4200 : 1 stores
Line 0xe8035e410d00 : 6 stores
Line 0xe8035e3f1740 : 1 stores
Line 0xe8035e410c40 : 5 stores
Line 0xe8035e3f27c0 : 3 stores
Line 0xe8035e3f17c0 : 2 stores
Line 0xe8035e412400 : 3 stores
Line 0xe8035e411400 : 4 stores
Line 0xe8035e410c80 : 4 stores
Line 0xe8035e3f26c0 : 1 stores
Line 0xe8035e3f16c0 : 1 stores
Line 0xe8035e410b80 : 2 stores
Line 0xe8035e3f2600 : 1 stores
Line 0xe8035e412340 : 2 stores
Line 0xe8035e411340 : 2 stores
Line 0xe8035e3d40c0 : 1 stores
Line 0xe8035e410bc0 : 6 stores
Line 0xe8035e3f1600 : 1 stores
Line 0xe8035e410b00 : 5 stores
Line 0xe8035e3f2680 : 3 stores
Line 0xe8035e3f1680 : 2 stores
Line 0xe8035e4122c0 : 3 stores
Line 0xe8035e4112c0 : 4 stores
Line 0xe8035e410b40 : 4 stores
Line 0xe8035e3f2580 : 1 stores
Line 0xe8035e3f1580 : 1 stores
Line 0xe8035e410a40 : 2 stores
Line 0xe8035e3f24c0 : 1 stores
Line 0xe8035e412200 : 2 stores
Line 0xe8035e411200 : 2 stores
Line 0xe8035e410a80 : 6 stores
Line 0xe8035e3f14c0 : 1 stores
Line 0xe8035e4109c0 : 5 stores
Line 0xe8035e3f2540 : 3 stores
Line 0xe8035e3f1540 : 2 stores
Line 0xe8035e412180 : 3 stores
Line 0xe8035e411180 : 4 stores
Line 0xe8035e410a00 : 4 stores
Line 0xe8035e3f2440 : 1 stores
Line 0xe8035e3f1440 : 1 stores
Line 0xe8035e410900 : 2 stores
Line 0xe8035e3f2380 : 1 stores
Line 0xe8035e4120c0 : 2 stores
Line 0xe8035e4110c0 : 2 stores
Line 0xe8035e410940 : 6 stores
Line 0xe8035e3f1380 : 1 stores
Line 0xe8035e410880 : 5 stores
Line 0xe8035e412040 : 3 stores
Line 0xe8035e411040 : 4 stores
Line 0xe8035e3f2400 : 3 stores
Line 0xe8035e3f1400 : 2 stores
Line 0xe8035e4108c0 : 4 stores
Line 0xe8035e3f2300 : 1 stores
Line 0xe8035e3f1300 : 1 stores
Line 0xe8035e4107c0 : 2 stores
Line 0xe8035e3f2240 : 1 stores
Line 0xe8035e40ef80 : 2 stores
Line 0xe8035e40df80 : 2 stores
Line 0xe8035e410800 : 6 stores
Line 0xe8035e3f1240 : 1 stores
Line 0xe8035e410740 : 5 stores
Line 0xe8035e3f22c0 : 3 stores
Line 0xe8035e3f12c0 : 2 stores
Line 0xe8035e40ef00 : 3 stores
Line 0xe8035e40df00 : 4 stores
Line 0xe8035e410780 : 4 stores
Line 0xe8035e3f21c0 : 1 stores
Line 0xe8035e3f11c0 : 1 stores
Line 0xe8035e410680 : 2 stores
Line 0xe8035e3f2100 : 1 stores
Line 0xe8035e40ee40 : 2 stores
Line 0xe8035e40de40 : 2 stores
Line 0xe8035e4106c0 : 6 stores
Line 0xe8035e3f1100 : 1 stores
Line 0xe8035e410600 : 5 stores
Line 0xe8035e3f2180 : 3 stores
Line 0xe8035e3f1180 : 2 stores
Line 0xe8035e40edc0 : 3 stores
Line 0xe8035e40ddc0 : 4 stores
Line 0xe8035e410640 : 4 stores
Line 0xe8035e3f2080 : 1 stores
Line 0xe8035e3f1080 : 1 stores
Line 0xe8035e410540 : 2 stores
Line 0xe8035e3eefc0 : 1 stores
Line 0xe8035e40ed00 : 2 stores
Line 0xe8035e40dd00 : 2 stores
Line 0xe8035e410580 : 6 stores
Line 0xe8035e3edfc0 : 1 stores
Line 0xe8035e4104c0 : 5 stores
Line 0xe8035e3f2040 : 3 stores
Line 0xe8035e3f1040 : 2 stores
Line 0xe8035e40ec80 : 3 stores
Line 0xe8035e40dc80 : 4 stores
Line 0xe8035e410500 : 4 stores
Line 0xe8035e3eef40 : 1 stores
Line 0xe8035e3edf40 : 1 stores
Line 0xe8035e410400 : 2 stores
Line 0xe8035e3eee80 : 1 stores
Line 0xe8035e40ebc0 : 2 stores
Line 0xe8035e40dbc0 : 2 stores
Line 0xe8035e410440 : 6 stores
Line 0xe8035e3ede80 : 1 stores
Line 0xe8035e410380 : 5 stores
Line 0xe8035e3eef00 : 3 stores
Line 0xe8035e3edf00 : 2 stores
Line 0xe8035e40eb40 : 3 stores
Line 0xe8035e40db40 : 4 stores
Line 0xe8035e4103c0 : 4 stores
Line 0xe8035e3eee00 : 1 stores
Line 0xe8035e3ede00 : 1 stores
Line 0xe8035e4102c0 : 2 stores
Line 0xe8035e3eed40 : 1 stores
Line 0xe8035e40ea80 : 2 stores
Line 0xe8035e40da80 : 2 stores
Line 0xe8035e410300 : 6 stores
Line 0xe8035e3edd40 : 1 stores
Line 0xe8035e410240 : 5 stores
Line 0xe8035e3eedc0 : 3 stores
Line 0xe8035e3eddc0 : 2 stores
Line 0xe8035e40ea00 : 3 stores
Line 0xe8035e40da00 : 4 stores
Line 0xe8035e410280 : 4 stores
Line 0xe8035e3eecc0 : 1 stores
Line 0xe8035e3edcc0 : 1 stores
Line 0xe8035e410180 : 2 stores
Line 0xe8035e3eec00 : 1 stores
Line 0xe8035e40e940 : 2 stores
Line 0xe8035e40d940 : 2 stores
Line 0xe8035e3d06c0 : 1 stores
Line 0xe8035e4101c0 : 6 stores
Line 0xe8035e3edc00 : 1 stores
Line 0xe8035e410100 : 5 stores
Line 0xe8035e3eec80 : 3 stores
Line 0xe8035e3edc80 : 2 stores
Line 0xe8035e40e8c0 : 3 stores
Line 0xe8035e40d8c0 : 4 stores
Line 0xe8035e410140 : 4 stores
Line 0xe8035e3eeb80 : 1 stores
Line 0xe8035e3edb80 : 1 stores
Line 0xe8035e410040 : 2 stores
Line 0xe8035e3eeac0 : 1 stores
Line 0xe8035e40e800 : 2 stores
Line 0xe8035e40d800 : 2 stores
Line 0xe8035e3d0580 : 1 stores
Line 0xe8035e410080 : 6 stores
Line 0xe8035e3edac0 : 1 stores
Line 0xe8035e40cfc0 : 5 stores
Line 0xe8035e3eeb40 : 3 stores
Line 0xe8035e3edb40 : 2 stores
Line 0xe8035e40e780 : 3 stores
Line 0xe8035e40d780 : 4 stores
Line 0xe8035e410000 : 4 stores
Line 0xe8035e3eea40 : 1 stores
Line 0xe8035e3eda40 : 1 stores
Line 0xe8035e40cf00 : 2 stores
Line 0xe8035e3ee980 : 1 stores
Line 0xe8035e40e6c0 : 2 stores
Line 0xe8035e40d6c0 : 2 stores
Line 0xe8035e3d0440 : 1 stores
Line 0xe8035e40cf40 : 6 stores
Line 0xe8035e3ed980 : 1 stores
Line 0xe8035e40ce80 : 5 stores
Line 0xe8035e3eea00 : 3 stores
Line 0xe8035e3eda00 : 2 stores
Line 0xe8035e40e640 : 3 stores
Line 0xe8035e40d640 : 4 stores
Line 0xe8035e40cec0 : 4 stores
Line 0xe8035e3ee900 : 1 stores
Line 0xe8035e3ed900 : 1 stores
Line 0xe8035e40cdc0 : 2 stores
Line 0xe8035e3ee840 : 1 stores
Line 0xe8035e40e580 : 2 stores
Line 0xe8035e40d580 : 2 stores
Line 0xe8035e3d0300 : 1 stores
Line 0xe8035e40ce00 : 6 stores
Line 0xe8035e3ed840 : 1 stores
Line 0xe8035e40cd40 : 5 stores
Line 0xe8035e3ee8c0 : 3 stores
Line 0xe8035e3ed8c0 : 2 stores
Line 0xe8035e40e500 : 3 stores
Line 0xe8035e40d500 : 4 stores
Line 0xe8035e40cd80 : 4 stores
Line 0xe8035e3ee7c0 : 1 stores
Line 0xe8035e3ed7c0 : 1 stores
Line 0xe8035e40cc80 : 2 stores
Line 0xe8035e3ee700 : 1 stores
Line 0xe8035e40e440 : 2 stores
Line 0xe8035e40d440 : 2 stores
Line 0xe8035e3d01c0 : 1 stores
Line 0xe8035e40ccc0 : 6 stores
Line 0xe8035e3ed700 : 1 stores
Line 0xe8035e40cc00 : 5 stores
Line 0xe8035e3ee780 : 3 stores
Line 0xe8035e3ed780 : 2 stores
Line 0xe8035e40e3c0 : 3 stores
Line 0xe8035e40d3c0 : 4 stores
Line 0xe8035e40cc40 : 4 stores
Line 0xe8035e3ee680 : 1 stores
Line 0xe8035e3ed680 : 1 stores
Line 0xe8035e40cb40 : 2 stores
Line 0xe8035e3ee5c0 : 1 stores
Line 0xe8035e40e300 : 2 stores
Line 0xe8035e40d300 : 2 stores
Line 0xe8035e3d0080 : 1 stores
Line 0xe8035e40cb80 : 6 stores
Line 0xe8035e3ed5c0 : 1 stores
Line 0xe8035e40cac0 : 5 stores
Line 0xe8035e3ee640 : 3 stores
Line 0xe8035e3ed640 : 2 stores
Line 0xe8035e40e280 : 3 stores
Line 0xe8035e40d280 : 4 stores
Line 0xe8035e40cb00 : 4 stores
Line 0xe8035e3ee540 : 1 stores
Line 0xe8035e3ed540 : 1 stores
Line 0xe8035e40ca00 : 2 stores
Line 0xe8035e3ee480 : 1 stores
Line 0xe8035e40e1c0 : 2 stores
Line 0xe8035e40d1c0 : 2 stores
Line 0xe8035e40ca40 : 6 stores
Line 0xe8035e3ed480 : 1 stores
Line 0xe8035e40c980 : 5 stores
Line 0xe8035e3ee500 : 3 stores
Line 0xe8035e3ed500 : 2 stores
Line 0xe8035e40e140 : 3 stores
Line 0xe8035e40d140 : 4 stores
Line 0xe8035e40c9c0 : 4 stores
Line 0xe8035e3ee400 : 1 stores
Line 0xe8035e3ed400 : 1 stores
Line 0xe8035e40c8c0 : 2 stores
Line 0xe8035e3ee340 : 1 stores
Line 0xe8035e40e080 : 2 stores
Line 0xe8035e40d080 : 2 stores
Line 0xe8035e40c900 : 6 stores
Line 0xe8035e3ed340 : 1 stores
Line 0xe8035e40c840 : 5 stores
Line 0xe8035e40e000 : 3 stores
Line 0xe8035e40d000 : 4 stores
Line 0xe8035e3ee3c0 : 3 stores
Line 0xe8035e3ed3c0 : 2 stores
Line 0xe8035e40c880 : 4 stores
Line 0xe8035e3ee2c0 : 1 stores
Line 0xe8035e3ed2c0 : 1 stores
Line 0xe8035e40c780 : 2 stores
Line 0xe8035e3ee200 : 1 stores
Line 0xe8035e40af40 : 2 stores
Line 0xe8035e409f40 : 2 stores
Line 0xe8035e40c7c0 : 6 stores
Line 0xe8035e3ed200 : 1 stores
Line 0xe8035e40c700 : 5 stores
Line 0xe8035e3ee280 : 3 stores
Line 0xe8035e3ed280 : 2 stores
Line 0xe8035e40aec0 : 3 stores
Line 0xe8035e409ec0 : 4 stores
Line 0xe8035e40c740 : 4 stores
Line 0xe8035e3ee180 : 1 stores
Line 0xe8035e3ed180 : 1 stores
Line 0xe8035e40c640 : 2 stores
Line 0xe8035e3ee0c0 : 1 stores
Line 0xe8035e40ae00 : 2 stores
Line 0xe8035e409e00 : 2 stores
Line 0xe8035e40c680 : 6 stores
Line 0xe8035e3ed0c0 : 1 stores
Line 0xe8035e40c5c0 : 5 stores
Line 0xe8035e3ee140 : 3 stores
Line 0xe8035e3ed140 : 2 stores
Line 0xe8035e40ad80 : 3 stores
Line 0xe8035e409d80 : 4 stores
Line 0xe8035e40c600 : 4 stores
Line 0xe8035e3ee040 : 1 stores
Line 0xe8035e3ed040 : 1 stores
Line 0xe8035e40c500 : 2 stores
Line 0xe8035e3eaf80 : 1 stores
Line 0xe8035e40acc0 : 2 stores
Line 0xe8035e409cc0 : 2 stores
Line 0xe8035e40c540 : 6 stores
Line 0xe8035e3e9f80 : 1 stores
Line 0xe8035e40c480 : 5 stores
Line 0xe8035e3ee000 : 3 stores
Line 0xe8035e3ed000 : 2 stores
Line 0xe8035e40ac40 : 3 stores
Line 0xe8035e409c40 : 4 stores
Line 0xe8035e40c4c0 : 4 stores
Line 0xe8035e3eaf00 : 1 stores
Line 0xe8035e3e9f00 : 1 stores
Line 0xe8035e40c3c0 : 2 stores
Line 0xe8035e3eae40 : 1 stores
Line 0xe8035e40ab80 : 2 stores
Line 0xe8035e409b80 : 2 stores
Line 0xe8035e40c400 : 6 stores
Line 0xe8035e3e9e40 : 1 stores
Line 0xe8035e40c340 : 5 stores
Line 0xe8035e3eaec0 : 3 stores
Line 0xe8035e3e9ec0 : 2 stores
Line 0xe8035e40ab00 : 3 stores
Line 0xe8035e409b00 : 4 stores
Line 0xe8035e40c380 : 4 stores
Line 0xe8035e3eadc0 : 1 stores
Line 0xe8035e3e9dc0 : 1 stores
Line 0xe8035e40c280 : 2 stores
Line 0xe8035e3ead00 : 1 stores
Line 0xe8035e40aa40 : 2 stores
Line 0xe8035e409a40 : 2 stores
Line 0xe8035e40c2c0 : 6 stores
Line 0xe8035e3e9d00 : 1 stores
Line 0xe8035e40c200 : 5 stores
Line 0xe8035e3ead80 : 3 stores
Line 0xe8035e3e9d80 : 2 stores
Line 0xe8035e40a9c0 : 3 stores
Line 0xe8035e4099c0 : 4 stores
Line 0xe8035e40c240 : 4 stores
Line 0xe8035e3eac80 : 1 stores
Line 0xe8035e3e9c80 : 1 stores
Line 0xe8035e40c140 : 2 stores
Line 0xe8035e3eabc0 : 1 stores
Line 0xe8035e40a900 : 2 stores
Line 0xe8035e409900 : 2 stores
Line 0xe8035e3cc680 : 1 stores
Line 0xe8035e40c180 : 6 stores
Line 0xe8035e3e9bc0 : 1 stores
Line 0xe8035e40c0c0 : 5 stores
Line 0xe8035e3eac40 : 3 stores
Line 0xe8035e3e9c40 : 2 stores
Line 0xe8035e40a880 : 3 stores
Line 0xe8035e409880 : 4 stores
Line 0xe8035e40c100 : 4 stores
Line 0xe8035e3eab40 : 1 stores
Line 0xe8035e3e9b40 : 1 stores
Line 0xe8035e40c000 : 2 stores
Line 0xe8035e3eaa80 : 1 stores
Line 0xe8035e40a7c0 : 2 stores
Line 0xe8035e4097c0 : 2 stores
Line 0xe8035e40c040 : 6 stores
Line 0xe8035e3cc540 : 1 stores
Line 0xe8035e3e9a80 : 1 stores
Line 0xe8035e408f80 : 5 stores
Line 0xe8035e3eab00 : 3 stores
Line 0xe8035e3e9b00 : 2 stores
Line 0xe8035e40a740 : 3 stores
Line 0xe8035e409740 : 4 stores
Line 0xe8035e408fc0 : 4 stores
Line 0xe8035e3eaa00 : 1 stores
Line 0xe8035e3e9a00 : 1 stores
Line 0xe8035e408ec0 : 2 stores
Line 0xe8035e3ea940 : 1 stores
Line 0xe8035e40a680 : 2 stores
Line 0xe8035e409680 : 2 stores
Line 0xe8035e3cc400 : 1 stores
Line 0xe8035e408f00 : 6 stores
Line 0xe8035e3e9940 : 1 stores
Line 0xe8035e408e40 : 5 stores
Line 0xe8035e3ea9c0 : 3 stores
Line 0xe8035e3e99c0 : 2 stores
Line 0xe8035e40a600 : 3 stores
Line 0xe8035e409600 : 4 stores
Line 0xe8035e408e80 : 4 stores
Line 0xe8035e3ea8c0 : 1 stores
Line 0xe8035e3e98c0 : 1 stores
Line 0xe8035e408d80 : 2 stores
Line 0xe8035e3ea800 : 1 stores
Line 0xe8035e40a540 : 2 stores
Line 0xe8035e409540 : 2 stores
Line 0xe8035e3cc2c0 : 1 stores
Line 0xe8035e408dc0 : 6 stores
Line 0xe8035e3e9800 : 1 stores
Line 0xe8035e408d00 : 5 stores
Line 0xe8035e3ea880 : 3 stores
Line 0xe8035e3e9880 : 2 stores
Line 0xe8035e40a4c0 : 3 stores
Line 0xe8035e4094c0 : 4 stores
Line 0xe8035e408d40 : 4 stores
Line 0xe8035e3ea780 : 1 stores
Line 0xe8035e3e9780 : 1 stores
Line 0xe8035e408c40 : 2 stores
Line 0xe8035e3ea6c0 : 1 stores
Line 0xe8035e40a400 : 2 stores
Line 0xe8035e409400 : 2 stores
Line 0xe8035e3cc180 : 1 stores
Line 0xe8035e408c80 : 6 stores
Line 0xe8035e3e96c0 : 1 stores
Line 0xe8035e408bc0 : 5 stores
Line 0xe8035e3ea740 : 3 stores
Line 0xe8035e3e9740 : 2 stores
Line 0xe8035e40a380 : 3 stores
Line 0xe8035e409380 : 4 stores
Line 0xe8035e408c00 : 4 stores
Line 0xe8035e3ea640 : 1 stores
Line 0xe8035e3e9640 : 1 stores
Line 0xe8035e408b00 : 2 stores
Line 0xe8035e3ea580 : 1 stores
Line 0xe8035e40a2c0 : 2 stores
Line 0xe8035e4092c0 : 2 stores
Line 0xe8035e3cc040 : 1 stores
Line 0xe8035e408b40 : 6 stores
Line 0xe8035e3e9580 : 1 stores
Line 0xe8035e408a80 : 5 stores
Line 0xe8035e3ea600 : 3 stores
Line 0xe8035e3e9600 : 2 stores
Line 0xe8035e40a240 : 3 stores
Line 0xe8035e409240 : 4 stores
Line 0xe8035e408ac0 : 4 stores
Line 0xe8035e3ea500 : 1 stores
Line 0xe8035e3e9500 : 1 stores
Line 0xe8035e4089c0 : 2 stores
Line 0xe8035e3ea440 : 1 stores
Line 0xe8035e40a180 : 2 stores
Line 0xe8035e409180 : 2 stores
Line 0xe8035e408a00 : 6 stores
Line 0xe8035e3e9440 : 1 stores
Line 0xe8035e408940 : 5 stores
Line 0xe8035e3ea4c0 : 3 stores
Line 0xe8035e3e94c0 : 2 stores
Line 0xe8035e40a100 : 3 stores
Line 0xe8035e409100 : 4 stores
Line 0xe8035e408980 : 4 stores
Line 0xe8035e3ea3c0 : 1 stores
Line 0xe8035e3e93c0 : 1 stores
Line 0xe8035e408880 : 2 stores
Line 0xe8035e3ea300 : 1 stores
Line 0xe8035e40a040 : 2 stores
Line 0xe8035e409040 : 2 stores
Line 0xe8035e4088c0 : 6 stores
Line 0xe8035e3e9300 : 1 stores
Line 0xe8035e408800 : 5 stores
Line 0xe8035e3ea380 : 3 stores
Line 0xe8035e3e9380 : 2 stores
Line 0xe8035e406fc0 : 3 stores
Line 0xe8035e405fc0 : 4 stores
Line 0xe8035e408840 : 4 stores
Line 0xe8035e3ea280 : 1 stores
Line 0xe8035e3e9280 : 1 stores
Line 0xe8035e408740 : 2 stores
Line 0xe8035e3ea1c0 : 1 stores
Line 0xe8035e406f00 : 2 stores
Line 0xe8035e405f00 : 2 stores
Line 0xe8035e408780 : 6 stores
Line 0xe8035e3e91c0 : 1 stores
Line 0xe8035e4086c0 : 5 stores
Line 0xe8035e3ea240 : 3 stores
Line 0xe8035e3e9240 : 2 stores
Line 0xe8035e406e80 : 3 stores
Line 0xe8035e405e80 : 4 stores
Line 0xe8035e408700 : 4 stores
Line 0xe8035e3ea140 : 1 stores
Line 0xe8035e3e9140 : 1 stores
Line 0xe8035e408600 : 2 stores
Line 0xe8035e3ea080 : 1 stores
Line 0xe8035e406dc0 : 2 stores
Line 0xe8035e405dc0 : 2 stores
Line 0xe8035e408640 : 6 stores
Line 0xe8035e3e9080 : 1 stores
Line 0xe8035e408580 : 5 stores
Line 0xe8035e3ea100 : 3 stores
Line 0xe8035e3e9100 : 2 stores
Line 0xe8035e406d40 : 3 stores
Line 0xe8035e405d40 : 4 stores
Line 0xe8035e4085c0 : 4 stores
Line 0xe8035e3ea000 : 1 stores
Line 0xe8035e3e9000 : 1 stores
Line 0xe8035e4084c0 : 2 stores
Line 0xe8035e3e6f40 : 1 stores
Line 0xe8035e406c80 : 2 stores
Line 0xe8035e405c80 : 2 stores
Line 0xe8035e408500 : 6 stores
Line 0xe8035e3e5f40 : 1 stores
Line 0xe8035e408440 : 5 stores
Line 0xe8035e3e6fc0 : 3 stores
Line 0xe8035e3e5fc0 : 2 stores
Line 0xe8035e406c00 : 3 stores
Line 0xe8035e405c00 : 4 stores
Line 0xe8035e408480 : 4 stores
Line 0xe8035e3e6ec0 : 1 stores
Line 0xe8035e3e5ec0 : 1 stores
Line 0xe8035e408380 : 2 stores
Line 0xe8035e3e6e00 : 1 stores
Line 0xe8035e406b40 : 2 stores
Line 0xe8035e405b40 : 2 stores
Line 0xe8035e4083c0 : 6 stores
Line 0xe8035e3e5e00 : 1 stores
Line 0xe8035e408300 : 5 stores
Line 0xe8035e3e6e80 : 3 stores
Line 0xe8035e3e5e80 : 2 stores
Line 0xe8035e406ac0 : 3 stores
Line 0xe8035e405ac0 : 4 stores
Line 0xe8035e408340 : 4 stores
Line 0xe8035e3e6d80 : 1 stores
Line 0xe8035e3e5d80 : 1 stores
Line 0xe8035e408240 : 2 stores
Line 0xe8035e3e6cc0 : 1 stores
Line 0xe8035e406a00 : 2 stores
Line 0xe8035e405a00 : 2 stores
Line 0xe8035e408280 : 6 stores
Line 0xe8035e3e5cc0 : 1 stores
Line 0xe8035e4081c0 : 5 stores
Line 0xe8035e3e6d40 : 3 stores
Line 0xe8035e3e5d40 : 2 stores
Line 0xe8035e406980 : 3 stores
Line 0xe8035e405980 : 4 stores
Line 0xe8035e408200 : 4 stores
Line 0xe8035e3e6c40 : 1 stores
Line 0xe8035e3e5c40 : 1 stores
Line 0xe8035e408100 : 2 stores
Line 0xe8035e3e6b80 : 1 stores
Line 0xe8035e4068c0 : 2 stores
Line 0xe8035e4058c0 : 2 stores
Line 0xe8035e3c8640 : 1 stores
Line 0xe8035e408140 : 6 stores
Line 0xe8035e3e5b80 : 1 stores
Line 0xe8035e408080 : 5 stores
Line 0xe8035e3e5c00 : 2 stores
Line 0xe8035e3e6c00 : 3 stores
Line 0xe8035e405840 : 4 stores
Line 0xe8035e406840 : 3 stores
Line 0xe8035e4080c0 : 4 stores
Line 0xe8035e3e5b00 : 1 stores
Line 0xe8035e3e6b00 : 1 stores
Line 0xe8035e404fc0 : 2 stores
Line 0xe8035e408000 : 6 stores
Line 0xe8035e3e6a40 : 1 stores
Line 0xe8035e405780 : 2 stores
Line 0xe8035e406780 : 2 stores
Line 0xe8035e3c8500 : 1 stores
Line 0xe8035e3e5a40 : 1 stores
Line 0xe8035e404f40 : 5 stores
Line 0xe8035e3e5ac0 : 2 stores
Line 0xe8035e3e6ac0 : 3 stores
Line 0xe8035e405700 : 4 stores
Line 0xe8035e406700 : 3 stores
Line 0xe8035e404f80 : 4 stores
Line 0xe8035e3e59c0 : 1 stores
Line 0xe8035e3e69c0 : 1 stores
Line 0xe8035e404e80 : 2 stores
Line 0xe8035e3e6900 : 1 stores
Line 0xe8035e405640 : 2 stores
Line 0xe8035e406640 : 2 stores
Line 0xe8035e404ec0 : 6 stores
Line 0xe8035e3c83c0 : 1 stores
Line 0xe8035e3e5900 : 1 stores
Line 0xe8035e404e00 : 5 stores
Line 0xe8035e3e5980 : 2 stores
Line 0xe8035e3e6980 : 3 stores
Line 0xe8035e4055c0 : 4 stores
Line 0xe8035e4065c0 : 3 stores
Line 0xe8035e404e40 : 4 stores
Line 0xe8035e3e5880 : 1 stores
Line 0xe8035e3e6880 : 1 stores
Line 0xe8035e404d40 : 2 stores
Line 0xe8035e3e67c0 : 1 stores
Line 0xe8035e405500 : 2 stores
Line 0xe8035e406500 : 2 stores
Line 0xe8035e404d80 : 6 stores
Line 0xe8035e3c8280 : 1 stores
Line 0xe8035e3e57c0 : 1 stores
Line 0xe8035e404cc0 : 5 stores
Line 0xe8035e3e5840 : 2 stores
Line 0xe8035e3e6840 : 3 stores
Line 0xe8035e405480 : 4 stores
Line 0xe8035e406480 : 3 stores
Line 0xe8035e404d00 : 4 stores
Line 0xe8035e3e5740 : 1 stores
Line 0xe8035e3e6740 : 1 stores
Line 0xe8035e404c00 : 2 stores
Line 0xe8035e3e6680 : 1 stores
Line 0xe8035e4053c0 : 2 stores
Line 0xe8035e4063c0 : 2 stores
Line 0xe8035e404c40 : 6 stores
Line 0xe8035e3c8140 : 1 stores
Line 0xe8035e3e5680 : 1 stores
Line 0xe8035e404b80 : 5 stores
Line 0xe8035e3e5700 : 2 stores
Line 0xe8035e3e6700 : 3 stores
Line 0xe8035e405340 : 4 stores
Line 0xe8035e406340 : 3 stores
Line 0xe8035e404bc0 : 4 stores
Line 0xe8035e3e5600 : 1 stores
Line 0xe8035e3e6600 : 1 stores
Line 0xe8035e404ac0 : 2 stores
Line 0xe8035e3e6540 : 1 stores
Line 0xe8035e405280 : 2 stores
Line 0xe8035e406280 : 2 stores
Line 0xe8035e404b00 : 6 stores
Line 0xe8035e3c8000 : 1 stores
Line 0xe8035e3e5540 : 1 stores
Line 0xe8035e404a40 : 5 stores
Line 0xe8035e3e55c0 : 2 stores
Line 0xe8035e3e65c0 : 3 stores
Line 0xe8035e405200 : 4 stores
Line 0xe8035e406200 : 3 stores
Line 0xe8035e404a80 : 4 stores
Line 0xe8035e3e54c0 : 1 stores
Line 0xe8035e3e64c0 : 1 stores
Line 0xe8035e404980 : 2 stores
Line 0xe8035e3e6400 : 1 stores
Line 0xe8035e406140 : 2 stores
Line 0xe8035e405140 : 2 stores
Line 0xe8035e4049c0 : 6 stores
Line 0xe8035e3e5400 : 1 stores
Line 0xe8035e404900 : 5 stores
Line 0xe8035e3e6480 : 3 stores
Line 0xe8035e3e5480 : 2 stores
Line 0xe8035e4060c0 : 3 stores
Line 0xe8035e4050c0 : 4 stores
Line 0xe8035e404940 : 4 stores
Line 0xe8035e3e6380 : 1 stores
Line 0xe8035e3e5380 : 1 stores
Line 0xe8035e404840 : 2 stores
Line 0xe8035e406000 : 2 stores
Line 0xe8035e3e62c0 : 1 stores
Line 0xe8035e405000 : 2 stores
Line 0xe8035e404880 : 6 stores
Line 0xe8035e3e52c0 : 1 stores
Line 0xe8035e4047c0 : 5 stores
Line 0xe8035e3e6340 : 3 stores
Line 0xe8035e3e5340 : 2 stores
Line 0xe8035e402f80 : 3 stores
Line 0xe8035e401f80 : 4 stores
Line 0xe8035e404800 : 4 stores
Line 0xe8035e3e6240 : 1 stores
Line 0xe8035e3e5240 : 1 stores
Line 0xe8035e404700 : 2 stores
Line 0xe8035e3e6180 : 1 stores
Line 0xe8035e402ec0 : 2 stores
Line 0xe8035e401ec0 : 2 stores
Line 0xe8035e404740 : 6 stores
Line 0xe8035e3e5180 : 1 stores
Line 0xe8035e404680 : 5 stores
Line 0xe8035e3e6200 : 3 stores
Line 0xe8035e3e5200 : 2 stores
Line 0xe8035e402e40 : 3 stores
Line 0xe8035e401e40 : 4 stores
Line 0xe8035e4046c0 : 4 stores
Line 0xe8035e3e6100 : 1 stores
Line 0xe8035e3e5100 : 1 stores
Line 0xe8035e4045c0 : 2 stores
Line 0xe8035e3e6040 : 1 stores
Line 0xe8035e402d80 : 2 stores
Line 0xe8035e401d80 : 2 stores
Line 0xe8035e404600 : 6 stores
Line 0xe8035e3e5040 : 1 stores
Line 0xe8035e404540 : 5 stores
Line 0xe8035e3e60c0 : 3 stores
Line 0xe8035e3e50c0 : 2 stores
Line 0xe8035e402d00 : 3 stores
Line 0xe8035e401d00 : 4 stores
Line 0xe8035e404580 : 4 stores
Line 0xe8035e3e2fc0 : 1 stores
Line 0xe8035e3e1fc0 : 1 stores
Line 0xe8035e404480 : 2 stores
Line 0xe8035e3e2f00 : 1 stores
Line 0xe8035e401c40 : 2 stores
Line 0xe8035e402c40 : 2 stores
Line 0xe8035e4044c0 : 6 stores
Line 0xe8035e3e1f00 : 1 stores
Line 0xe8035e404400 : 5 stores
Line 0xe8035e3e1f80 : 2 stores
Line 0xe8035e3e2f80 : 3 stores
Line 0xe8035e401bc0 : 4 stores
Line 0xe8035e402bc0 : 3 stores
Line 0xe8035e404440 : 4 stores
Line 0xe8035e3e1e80 : 1 stores
Line 0xe8035e3e2e80 : 1 stores
Line 0xe8035e404340 : 2 stores
Line 0xe8035e3e2dc0 : 1 stores
Line 0xe8035e402b00 : 2 stores
Line 0xe8035e401b00 : 2 stores
Line 0xe8035e404380 : 6 stores
Line 0xe8035e3e1dc0 : 1 stores
Line 0xe8035e4042c0 : 5 stores
Line 0xe8035e3e2e40 : 3 stores
Line 0xe8035e3e1e40 : 2 stores
Line 0xe8035e402a80 : 3 stores
Line 0xe8035e401a80 : 4 stores
Line 0xe8035e404300 : 4 stores
Line 0xe8035e3e2d40 : 1 stores
Line 0xe8035e3e1d40 : 1 stores
Line 0xe8035e404200 : 2 stores
Line 0xe8035e3e2c80 : 1 stores
Line 0xe8035e4029c0 : 2 stores
Line 0xe8035e4019c0 : 2 stores
Line 0xe8035e404240 : 6 stores
Line 0xe8035e3e1c80 : 1 stores
Line 0xe8035e404180 : 5 stores
Line 0xe8035e3e2d00 : 3 stores
Line 0xe8035e3e1d00 : 2 stores
Line 0xe8035e402940 : 3 stores
Line 0xe8035e401940 : 4 stores
Line 0xe8035e4041c0 : 4 stores
Line 0xe8035e3e2c00 : 1 stores
Line 0xe8035e3e1c00 : 1 stores
Line 0xe8035e4040c0 : 2 stores
Line 0xe8035e3e2b40 : 1 stores
Line 0xe8035e402880 : 2 stores
Line 0xe8035e401880 : 2 stores
Line 0xe8035e3c4600 : 1 stores
Line 0xe8035e404100 : 6 stores
Line 0xe8035e3e1b40 : 1 stores
Line 0xe8035e404040 : 5 stores
Line 0xe8035e3e2bc0 : 3 stores
Line 0xe8035e3e1bc0 : 2 stores
Line 0xe8035e402800 : 3 stores
Line 0xe8035e401800 : 4 stores
Line 0xe8035e404080 : 4 stores
Line 0xe8035e3e2ac0 : 1 stores
Line 0xe8035e3e1ac0 : 1 stores
Line 0xe8035e400f80 : 2 stores
Line 0xe8035e3e2a00 : 1 stores
Line 0xe8035e402740 : 2 stores
Line 0xe8035e401740 : 2 stores
Line 0xe8035e3c44c0 : 1 stores
Line 0xe8035e400fc0 : 6 stores
Line 0xe8035e3e1a00 : 1 stores
Line 0xe8035e400f00 : 5 stores
Line 0xe8035e3e2a80 : 3 stores
Line 0xe8035e3e1a80 : 2 stores
Line 0xe8035e4026c0 : 3 stores
Line 0xe8035e4016c0 : 4 stores
Line 0xe8035e400f40 : 4 stores
Line 0xe8035e3e2980 : 1 stores
Line 0xe8035e3e1980 : 1 stores
Line 0xe8035e400e40 : 2 stores
Line 0xe8035e3e28c0 : 1 stores
Line 0xe8035e402600 : 2 stores
Line 0xe8035e401600 : 2 stores
Line 0xe8035e3c4380 : 1 stores
Line 0xe8035e400e80 : 6 stores
Line 0xe8035e3e18c0 : 1 stores
Line 0xe8035e400dc0 : 5 stores
Line 0xe8035e3e2940 : 3 stores
Line 0xe8035e3e1940 : 2 stores
Line 0xe8035e402580 : 3 stores
Line 0xe8035e401580 : 4 stores
Line 0xe8035e400e00 : 4 stores
Line 0xe8035e3e2840 : 1 stores
Line 0xe8035e3e1840 : 1 stores
Line 0xe8035e400d00 : 2 stores
Line 0xe8035e3e2780 : 1 stores
Line 0xe8035e4024c0 : 2 stores
Line 0xe8035e4014c0 : 2 stores
Line 0xe8035e3c4240 : 1 stores
Line 0xe8035e400d40 : 6 stores
Line 0xe8035e3e1780 : 1 stores
Line 0xe8035e400c80 : 5 stores
Line 0xe8035e3e2800 : 3 stores
Line 0xe8035e3e1800 : 2 stores
Line 0xe8035e402440 : 3 stores
Line 0xe8035e401440 : 4 stores
Line 0xe8035e400cc0 : 4 stores
Line 0xe8035e3e2700 : 1 stores
Line 0xe8035e3e1700 : 1 stores
Line 0xe8035e400bc0 : 2 stores
Line 0xe8035e3e2640 : 1 stores
Line 0xe8035e402380 : 2 stores
Line 0xe8035e401380 : 2 stores
Line 0xe8035e3c4100 : 1 stores
Line 0xe8035e400c00 : 6 stores
Line 0xe8035e3e1640 : 1 stores
Line 0xe8035e400b40 : 5 stores
Line 0xe8035e3e26c0 : 3 stores
Line 0xe8035e3e16c0 : 2 stores
Line 0xe8035e402300 : 3 stores
Line 0xe8035e401300 : 4 stores
Line 0xe8035e400b80 : 4 stores
Line 0xe8035e3e25c0 : 1 stores
Line 0xe8035e3e15c0 : 1 stores
Line 0xe8035e400a80 : 2 stores
Line 0xe8035e3e2500 : 1 stores
Line 0xe8035e402240 : 2 stores
Line 0xe8035e401240 : 2 stores
Line 0xe8035e400ac0 : 6 stores
Line 0xe8035e3e1500 : 1 stores
Line 0xe8035e400a00 : 5 stores
Line 0xe8035e3e2580 : 3 stores
Line 0xe8035e3e1580 : 2 stores
Line 0xe8035e4021c0 : 3 stores
Line 0xe8035e4011c0 : 4 stores
Line 0xe8035e400a40 : 4 stores
Line 0xe8035e3e2480 : 1 stores
Line 0xe8035e3e1480 : 1 stores
Line 0xe8035e400940 : 2 stores
Line 0xe8035e3e23c0 : 1 stores
Line 0xe8035e402100 : 2 stores
Line 0xe8035e401100 : 2 stores
Line 0xe8035e400980 : 6 stores
Line 0xe8035e3e13c0 : 1 stores
Line 0xe8035e4008c0 : 5 stores
Line 0xe8035e402080 : 3 stores
Line 0xe8035e401080 : 4 stores
Line 0xe8035e3e2440 : 3 stores
Line 0xe8035e3e1440 : 2 stores
Line 0xe8035e400900 : 4 stores
Line 0xe8035e3e2340 : 1 stores
Line 0xe8035e3e1340 : 1 stores
Line 0xe8035e400800 : 2 stores
Line 0xe8035e3e2280 : 1 stores
Line 0xe8035e3fefc0 : 2 stores
Line 0xe8035e3fdfc0 : 2 stores
Line 0xe8035e400840 : 6 stores
Line 0xe8035e3e1280 : 1 stores
Line 0xe8035e400780 : 5 stores
Line 0xe8035e3e2300 : 3 stores
Line 0xe8035e3e1300 : 2 stores
Line 0xe8035e3fef40 : 3 stores
Line 0xe8035e3fdf40 : 4 stores
Line 0xe8035e4007c0 : 4 stores
Line 0xe8035e3e2200 : 1 stores
Line 0xe8035e3e1200 : 1 stores
Line 0xe8035e4006c0 : 2 stores
Line 0xe8035e3e2140 : 1 stores
Line 0xe8035e3fee80 : 2 stores
Line 0xe8035e3fde80 : 2 stores
Line 0xe8035e400700 : 6 stores
Line 0xe8035e3e1140 : 1 stores
Line 0xe8035e400640 : 5 stores
Line 0xe8035e3e21c0 : 3 stores
Line 0xe8035e3e11c0 : 2 stores
Line 0xe8035e3fee00 : 3 stores
Line 0xe8035e3fde00 : 4 stores
Line 0xe8035e400680 : 4 stores
Line 0xe8035e3e20c0 : 1 stores
Line 0xe8035e3e10c0 : 1 stores
Line 0xe8035e400580 : 2 stores
Line 0xe8035e3e2000 : 1 stores
Line 0xe8035e3fed40 : 2 stores
Line 0xe8035e3fdd40 : 2 stores
Line 0xe8035e4005c0 : 6 stores
Line 0xe8035e3e1000 : 1 stores
Line 0xe8035e400500 : 5 stores
Line 0xe8035e3e2080 : 3 stores
Line 0xe8035e3e1080 : 2 stores
Line 0xe8035e3fecc0 : 3 stores
Line 0xe8035e3fdcc0 : 4 stores
Line 0xe8035e400540 : 4 stores
Line 0xe8035e3def80 : 1 stores
Line 0xe8035e400440 : 2 stores
Line 0xe8035e3fec00 : 2 stores
Line 0xe8035e3fdc00 : 2 stores
Line 0xe8035e400480 : 6 stores
Line 0xe8035e3deec0 : 1 stores
Line 0xe8035e4003c0 : 5 stores
Line 0xe8035e3def40 : 2 stores
Line 0xe8035e3feb80 : 3 stores
Line 0xe8035e3fdb80 : 4 stores
Line 0xe8035e400400 : 4 stores
Line 0xe8035e3dee40 : 1 stores
Line 0xe8035e400300 : 2 stores
Line 0xe8035e3feac0 : 2 stores
Line 0xe8035e3fdac0 : 2 stores
Line 0xe8035e400340 : 6 stores
Line 0xe8035e3ded80 : 1 stores
Line 0xe8035e400280 : 5 stores
Line 0xe8035e3dee00 : 2 stores
Line 0xe8035e3fea40 : 3 stores
Line 0xe8035e3fda40 : 4 stores
Line 0xe8035e4002c0 : 4 stores
Line 0xe8035e3ded00 : 1 stores
Line 0xe8035e4001c0 : 2 stores
Line 0xe8035e3fe980 : 2 stores
Line 0xe8035e3fd980 : 2 stores
Line 0xe8035e3c0700 : 1 stores
Line 0xe8035e400200 : 6 stores
Line 0xe8035e3dec40 : 1 stores
Line 0xe8035e400140 : 5 stores
Line 0xe8035e3decc0 : 2 stores
Line 0xe8035e3fe900 : 3 stores
Line 0xe8035e3fd900 : 4 stores
Line 0xe8035e400180 : 4 stores
Line 0xe8035e3debc0 : 1 stores
Line 0xe8035e400080 : 2 stores
Line 0xe8035e3fe840 : 2 stores
Line 0xe8035e3fd840 : 2 stores
Line 0xe8035e3c05c0 : 1 stores
Line 0xe8035e4000c0 : 6 stores
Line 0xe8035e3deb00 : 1 stores
Line 0xe8035e400000 : 5 stores
Line 0xe8035e3deb80 : 2 stores
Line 0xe8035e3fe7c0 : 3 stores
Line 0xe8035e3fd7c0 : 4 stores
Line 0xe8035e400040 : 4 stores
Line 0xe8035e3dea80 : 1 stores
Line 0xe8035e3fcf40 : 2 stores
Line 0xe8035e3fe700 : 2 stores
Line 0xe8035e3fd700 : 2 stores
Line 0xe8035e3c0480 : 1 stores
Line 0xe8035e3fcf80 : 6 stores
Line 0xe8035e3de9c0 : 1 stores
Line 0xe8035e3fcec0 : 5 stores
Line 0xe8035e3dea40 : 2 stores
Line 0xe8035e3fe680 : 3 stores
Line 0xe8035e3fd680 : 4 stores
Line 0xe8035e3fcf00 : 4 stores
Line 0xe8035e3de940 : 1 stores
Line 0xe8035e3fce00 : 2 stores
Line 0xe8035e3fe5c0 : 2 stores
Line 0xe8035e3fd5c0 : 2 stores
Line 0xe8035e3c0340 : 1 stores
Line 0xe8035e3fce40 : 6 stores
Line 0xe8035e3de880 : 1 stores
Line 0xe8035e3fcd80 : 5 stores
Line 0xe8035e3de900 : 2 stores
Line 0xe8035e3fe540 : 3 stores
Line 0xe8035e3fd540 : 4 stores
Line 0xe8035e3fcdc0 : 4 stores
Line 0xe8035e3de800 : 1 stores
Line 0xe8035e3fccc0 : 2 stores
Line 0xe8035e3fe480 : 2 stores
Line 0xe8035e3fd480 : 2 stores
Line 0xe8035e3c0200 : 1 stores
Line 0xe8035e3fcd00 : 6 stores
Line 0xe8035e3de740 : 1 stores
Line 0xe8035e3fcc40 : 5 stores
Line 0xe8035e3de7c0 : 2 stores
Line 0xe8035e3fe400 : 3 stores
Line 0xe8035e3fd400 : 4 stores
Line 0xe8035e3fcc80 : 4 stores
Line 0xe8035e3fcb80 : 2 stores
Line 0xe8035e3fe340 : 2 stores
Line 0xe8035e3fd340 : 2 stores
Line 0xe8035e3c00c0 : 1 stores
Line 0xe8035e3fcbc0 : 6 stores
Line 0xe8035e3fcb00 : 5 stores
Line 0xe8035e3fe2c0 : 3 stores
Line 0xe8035e3fd2c0 : 4 stores
Line 0xe8035e3fcb40 : 4 stores
Line 0xe8035e3fca40 : 2 stores
Line 0xe8035e3fe200 : 2 stores
Line 0xe8035e3fd200 : 2 stores
Line 0xe8035e3bcf80 : 1 stores
Line 0xe8035e3fca80 : 6 stores
Line 0xe8035e3fc9c0 : 5 stores
Line 0xe8035e3fe180 : 3 stores
Line 0xe8035e3fd180 : 4 stores
Line 0xe8035e3fca00 : 4 stores
Line 0xe8035e3fc900 : 2 stores
Line 0xe8035e3fe0c0 : 2 stores
Line 0xe8035e3fd0c0 : 2 stores
Line 0xe8035e3bce40 : 1 stores
Line 0xe8035e3fc940 : 6 stores
Line 0xe8035e3fc880 : 5 stores
Line 0xe8035e3fe040 : 3 stores
Line 0xe8035e3fd040 : 4 stores
Line 0xe8035e3fc8c0 : 4 stores
Line 0xe8035e3fc7c0 : 2 stores
Line 0xe8035e3faf80 : 2 stores
Line 0xe8035e3f9f80 : 2 stores
Line 0xe8035e3bcd00 : 1 stores
Line 0xe8035e3fc800 : 6 stores
Line 0xe8035e3fc740 : 5 stores
Line 0xe8035e3faf00 : 3 stores
Line 0xe8035e3f9f00 : 4 stores
Line 0xe8035e3fc780 : 4 stores
Line 0xe8035e3fc680 : 2 stores
Line 0xe8035e3fae40 : 2 stores
Line 0xe8035e3f9e40 : 2 stores
Line 0xe8035e3bcbc0 : 1 stores
Line 0xe8035e3fc6c0 : 6 stores
Line 0xe8035e3fc600 : 5 stores
Line 0xe8035e3fadc0 : 3 stores
Line 0xe8035e3f9dc0 : 4 stores
Line 0xe8035e3fc640 : 4 stores
Line 0xe8035e3fc540 : 2 stores
Line 0xe8035e3f9d00 : 2 stores
Line 0xe8035e3fad00 : 2 stores
Line 0xe8035e3fc580 : 6 stores
Line 0xe8035e3bca80 : 1 stores
Line 0xe8035e3fc4c0 : 5 stores
Line 0xe8035e3f9c80 : 4 stores
Line 0xe8035e3fac80 : 3 stores
Line 0xe8035e3fc500 : 4 stores
Line 0xe8035e3fc400 : 2 stores
Line 0xe8035e3f9bc0 : 2 stores
Line 0xe8035e3fabc0 : 2 stores
Line 0xe8035e3fc440 : 6 stores
Line 0xe8035e3bc940 : 1 stores
Line 0xe8035e3fc380 : 5 stores
Line 0xe8035e3f9b40 : 4 stores
Line 0xe8035e3fab40 : 3 stores
Line 0xe8035e3fc3c0 : 4 stores
Line 0xe8035e3fc2c0 : 2 stores
Line 0xe8035e3f9a80 : 2 stores
Line 0xe8035e3faa80 : 2 stores
Line 0xe8035e3fc300 : 6 stores
Line 0xe8035e3bc800 : 1 stores
Line 0xe8035e3fc240 : 5 stores
Line 0xe8035e3f9a00 : 4 stores
Line 0xe8035e3faa00 : 3 stores
Line 0xe8035e3fc280 : 4 stores
Line 0xe8035e3fc180 : 2 stores
Line 0xe8035e3f9940 : 2 stores
Line 0xe8035e3fa940 : 2 stores
Line 0xe8035e3fc1c0 : 6 stores
Line 0xe8035e3bc6c0 : 1 stores
Line 0xe8035e3fc100 : 5 stores
Line 0xe8035e3f98c0 : 4 stores
Line 0xe8035e3fa8c0 : 3 stores
Line 0xe8035e3fc140 : 4 stores
Line 0xe8035e3fc040 : 2 stores
Line 0xe8035e3f9800 : 2 stores
Line 0xe8035e3fa800 : 2 stores
Line 0xe8035e3fc080 : 6 stores
Line 0xe8035e3bc580 : 1 stores
Line 0xe8035e3f8fc0 : 5 stores
Line 0xe8035e3fc000 : 4 stores
Line 0xe8035e3fa780 : 3 stores
Line 0xe8035e3f9780 : 4 stores
Line 0xe8035e3f8f00 : 2 stores
Line 0xe8035e3fa6c0 : 2 stores
Line 0xe8035e3f96c0 : 2 stores
Line 0xe8035e3bc440 : 1 stores
Line 0xe8035e3f8f40 : 6 stores
Line 0xe8035e3f8e80 : 5 stores
Line 0xe8035e3fa640 : 3 stores
Line 0xe8035e3f9640 : 4 stores
Line 0xe8035e3f8ec0 : 4 stores
Line 0xe8035e3f8dc0 : 2 stores
Line 0xe8035e3fa580 : 2 stores
Line 0xe8035e3f9580 : 2 stores
Line 0xe8035e3bc300 : 1 stores
Line 0xe8035e3f8e00 : 6 stores
Line 0xe8035e3f8d40 : 5 stores
Line 0xe8035e3fa500 : 3 stores
Line 0xe8035e3f9500 : 4 stores
Line 0xe8035e3f8d80 : 4 stores
Line 0xe8035e3f8c80 : 2 stores
Line 0xe8035e3fa440 : 2 stores
Line 0xe8035e3f9440 : 2 stores
Line 0xe8035e3bc1c0 : 1 stores
Line 0xe8035e3f8cc0 : 6 stores
Line 0xe8035e3f8c00 : 5 stores
Line 0xe8035e3fa3c0 : 3 stores
Line 0xe8035e3f93c0 : 4 stores
Line 0xe8035e3f8c40 : 4 stores
Line 0xe8035e3f8b40 : 2 stores
Line 0xe8035e3fa300 : 2 stores
Line 0xe8035e3f9300 : 2 stores
Line 0xe8035e3bc080 : 1 stores
Line 0xe8035e3f8b80 : 6 stores
Line 0xe8035e3f8ac0 : 5 stores
Line 0xe8035e3fa280 : 3 stores
Line 0xe8035e3f9280 : 4 stores
Line 0xe8035e3f8b00 : 4 stores
Line 0xe8035e3f8a00 : 2 stores
Line 0xe8035e3fa1c0 : 2 stores
Line 0xe8035e3f91c0 : 2 stores
Line 0xe8035e3b8f40 : 1 stores
Line 0xe8035e3f8a40 : 6 stores
Line 0xe8035e3f8980 : 5 stores
Line 0xe8035e3fa140 : 3 stores
Line 0xe8035e3f9140 : 4 stores
Line 0xe8035e3f89c0 : 4 stores
Line 0xe8035e3f88c0 : 2 stores
Line 0xe8035e3fa080 : 2 stores
Line 0xe8035e3f9080 : 2 stores
Line 0xe8035e3b8e00 : 1 stores
Line 0xe8035e3f8900 : 6 stores
Line 0xe8035e3f8840 : 5 stores
Line 0xe8035e3fa000 : 3 stores
Line 0xe8035e3f9000 : 4 stores
Line 0xe8035e3f8880 : 4 stores
Line 0xe8035e3f8780 : 2 stores
Line 0xe8035e3f6f40 : 2 stores
Line 0xe8035e3f5f40 : 2 stores
Line 0xe8035e3b8cc0 : 1 stores
Line 0xe8035e3f87c0 : 6 stores
Line 0xe8035e3f8700 : 5 stores
Line 0xe8035e3f6ec0 : 3 stores
Line 0xe8035e3f5ec0 : 4 stores
Line 0xe8035e3f8740 : 4 stores
Line 0xe8035e3f8640 : 2 stores
Line 0xe8035e3f6e00 : 2 stores
Line 0xe8035e3f5e00 : 2 stores
Line 0xe8035e3b8b80 : 1 stores
Line 0xe8035e3f8680 : 6 stores
Line 0xe8035e3f85c0 : 5 stores
Line 0xe8035e3f6d80 : 3 stores
Line 0xe8035e3f5d80 : 4 stores
Line 0xe8035e3f8600 : 4 stores
Line 0xe8035e3f8500 : 2 stores
Line 0xe8035e3f6cc0 : 2 stores
Line 0xe8035e3f5cc0 : 2 stores
Line 0xe8035e3b8a40 : 1 stores
Line 0xe8035e3f8540 : 6 stores
Line 0xe8035e3f8480 : 5 stores
Line 0xe8035e3f6c40 : 3 stores
Line 0xe8035e3f5c40 : 4 stores
Line 0xe8035e3f84c0 : 4 stores
Line 0xe8035e3f83c0 : 2 stores
Line 0xe8035e3f6b80 : 2 stores
Line 0xe8035e3f5b80 : 2 stores
Line 0xe8035e3b8900 : 1 stores
Line 0xe8035e3f8400 : 6 stores
Line 0xe8035e3f8340 : 5 stores
Line 0xe8035e3f5b00 : 4 stores
Line 0xe8035e3f6b00 : 3 stores
Line 0xe8035e3f8380 : 4 stores
Line 0xe8035e3f8280 : 2 stores
Line 0xe8035e3f5a40 : 2 stores
Line 0xe8035e3f6a40 : 2 stores
Line 0xe8035e3f82c0 : 6 stores
Line 0xe8035e3b87c0 : 1 stores
Line 0xe8035e3f8200 : 5 stores
Line 0xe8035e3f59c0 : 4 stores
Line 0xe8035e3f69c0 : 3 stores
Line 0xe8035e3f8240 : 4 stores
Line 0xe8035e3f8140 : 2 stores
Line 0xe8035e3f5900 : 2 stores
Line 0xe8035e3f6900 : 2 stores
Line 0xe8035e3f8180 : 6 stores
Line 0xe8035e3b8680 : 1 stores
Line 0xe8035e3f80c0 : 5 stores
Line 0xe8035e3f5880 : 4 stores
Line 0xe8035e3f6880 : 3 stores
Line 0xe8035e3f8100 : 4 stores
Line 0xe8035e3f8000 : 2 stores
Line 0xe8035e3f8040 : 6 stores
Line 0xe8035e3f57c0 : 2 stores
Line 0xe8035e3f67c0 : 2 stores
Line 0xe8035e3b8540 : 1 stores
Line 0xe8035e3f4f80 : 5 stores
Line 0xe8035e3f5740 : 4 stores
Line 0xe8035e3f6740 : 3 stores
Line 0xe8035e3f4fc0 : 4 stores
Line 0xe8035e3f4ec0 : 2 stores
Line 0xe8035e3f5680 : 2 stores
Line 0xe8035e3f6680 : 2 stores
Line 0xe8035e3f4f00 : 6 stores
Line 0xe8035e3b8400 : 1 stores
Line 0xe8035e3f4e40 : 5 stores
Line 0xe8035e3f5600 : 4 stores
Line 0xe8035e3f6600 : 3 stores
Line 0xe8035e3f4e80 : 4 stores
Line 0xe8035e3f4d80 : 2 stores
Line 0xe8035e3f5540 : 2 stores
Line 0xe8035e3f6540 : 2 stores
Line 0xe8035e3f4dc0 : 6 stores
Line 0xe8035e3b82c0 : 1 stores
Line 0xe8035e3f4d00 : 5 stores
Line 0xe8035e3f54c0 : 4 stores
Line 0xe8035e3f64c0 : 3 stores
Line 0xe8035e3f4d40 : 4 stores
Line 0xe8035e3f4c40 : 2 stores
Line 0xe8035e3f6400 : 2 stores
Line 0xe8035e3f5400 : 2 stores
Line 0xe8035e3b8180 : 1 stores
Line 0xe8035e3f4c80 : 6 stores
Line 0xe8035e3f4bc0 : 5 stores
Line 0xe8035e3f6380 : 3 stores
Line 0xe8035e3f5380 : 4 stores
Line 0xe8035e3f4c00 : 4 stores
Line 0xe8035e3f4b00 : 2 stores
Line 0xe8035e3f62c0 : 2 stores
Line 0xe8035e3f52c0 : 2 stores
Line 0xe8035e3b8040 : 1 stores
Line 0xe8035e3f4b40 : 6 stores
Line 0xe8035e3f4a80 : 5 stores
Line 0xe8035e3f6240 : 3 stores
Line 0xe8035e3f5240 : 4 stores
Line 0xe8035e3f4ac0 : 4 stores
Line 0xe8035e3f49c0 : 2 stores
Line 0xe8035e3f6180 : 2 stores
Line 0xe8035e3f5180 : 2 stores
Line 0xe8035e3b4f00 : 1 stores
Line 0xe8035e3f4a00 : 6 stores
Line 0xe8035e3f4940 : 5 stores
Line 0xe8035e3f6100 : 3 stores
Line 0xe8035e3f5100 : 4 stores
Line 0xe8035e3f4980 : 4 stores
Line 0xe8035e3f4880 : 2 stores
Line 0xe8035e3f6040 : 2 stores
Line 0xe8035e3f5040 : 2 stores
Line 0xe8035e3b4dc0 : 1 stores
Line 0xe8035e3f48c0 : 6 stores
Line 0xe8035e3f4800 : 5 stores
Line 0xe8035e3f2fc0 : 3 stores
Line 0xe8035e3f1fc0 : 4 stores
Line 0xe8035e3f4840 : 4 stores
Line 0xe8035e3f4740 : 2 stores
Line 0xe8035e3f2f00 : 2 stores
Line 0xe8035e3f1f00 : 2 stores
Line 0xe8035e3b4c80 : 1 stores
Line 0xe8035e3f4780 : 6 stores
Line 0xe8035e3f46c0 : 5 stores
Line 0xe8035e3f2e80 : 3 stores
Line 0xe8035e3f1e80 : 4 stores
Line 0xe8035e3f4700 : 4 stores
Line 0xe8035e3f4600 : 2 stores
Line 0xe8035e3f2dc0 : 2 stores
Line 0xe8035e3f1dc0 : 2 stores
Line 0xe8035e3b4b40 : 1 stores
Line 0xe8035e3f4640 : 6 stores
Line 0xe8035e3f4580 : 5 stores
Line 0xe8035e3f2d40 : 3 stores
Line 0xe8035e3f1d40 : 4 stores
Line 0xe8035e3f45c0 : 4 stores
Line 0xe8035e3f44c0 : 2 stores
Line 0xe8035e3f2c80 : 2 stores
Line 0xe8035e3f1c80 : 2 stores
Line 0xe8035e3b4a00 : 1 stores
Line 0xe8035e3f4500 : 6 stores
Line 0xe8035e3f4440 : 5 stores
Line 0xe8035e3f2c00 : 3 stores
Line 0xe8035e3f1c00 : 4 stores
Line 0xe8035e3f4480 : 4 stores
Line 0xe8035e3f4380 : 2 stores
Line 0xe8035e3f2b40 : 2 stores
Line 0xe8035e3f1b40 : 2 stores
Line 0xe8035e3b48c0 : 1 stores
Line 0xe8035e3f43c0 : 6 stores
Line 0xe8035e3f4300 : 5 stores
Line 0xe8035e3f2ac0 : 3 stores
Line 0xe8035e3f1ac0 : 4 stores
Line 0xe8035e3f4340 : 4 stores
Line 0xe8035e3f4240 : 2 stores
Line 0xe8035e3f2a00 : 2 stores
Line 0xe8035e3f1a00 : 2 stores
Line 0xe8035e3b4780 : 1 stores
Line 0xe8035e3f4280 : 6 stores
Line 0xe8035e3f41c0 : 5 stores
Line 0xe8035e3f2980 : 3 stores
Line 0xe8035e3f1980 : 4 stores
Line 0xe8035e3f4200 : 4 stores
Line 0xe8035e3f4100 : 2 stores
Line 0xe8035e3f28c0 : 2 stores
Line 0xe8035e3f18c0 : 2 stores
Line 0xe8035e3b4640 : 1 stores
Line 0xe8035e3f4140 : 6 stores
Line 0xe8035e3f4080 : 5 stores
Line 0xe8035e3f2840 : 3 stores
Line 0xe8035e3f1840 : 4 stores
Line 0xe8035e3f40c0 : 4 stores
Line 0xe8035e3f0fc0 : 2 stores
Line 0xe8035e3f4000 : 6 stores
Line 0xe8035e3f2780 : 2 stores
Line 0xe8035e3f1780 : 2 stores
Line 0xe8035e3b4500 : 1 stores
Line 0xe8035e3f0f40 : 5 stores
Line 0xe8035e3f1700 : 4 stores
Line 0xe8035e3f2700 : 3 stores
Line 0xe8035e3f0f80 : 4 stores
Line 0xe8035e3f0e80 : 2 stores
Line 0xe8035e3f1640 : 2 stores
Line 0xe8035e3f2640 : 2 stores
Line 0xe8035e3f0ec0 : 6 stores
Line 0xe8035e3b43c0 : 1 stores
Line 0xe8035e3f0e00 : 5 stores
Line 0xe8035e3f15c0 : 4 stores
Line 0xe8035e3f25c0 : 3 stores
Line 0xe8035e3f0e40 : 4 stores
Line 0xe8035e3f0d40 : 2 stores
Line 0xe8035e3f1500 : 2 stores
Line 0xe8035e3f2500 : 2 stores
Line 0xe8035e3f0d80 : 6 stores
Line 0xe8035e3b4280 : 1 stores
Line 0xe8035e3f0cc0 : 5 stores
Line 0xe8035e3f1480 : 4 stores
Line 0xe8035e3f2480 : 3 stores
Line 0xe8035e3f0d00 : 4 stores
Line 0xe8035e3f0c00 : 2 stores
Line 0xe8035e3f13c0 : 2 stores
Line 0xe8035e3f23c0 : 2 stores
Line 0xe8035e3f0c40 : 6 stores
Line 0xe8035e3b4140 : 1 stores
Line 0xe8035e3f0b80 : 5 stores
Line 0xe8035e3f1340 : 4 stores
Line 0xe8035e3f2340 : 3 stores
Line 0xe8035e3f0bc0 : 4 stores
Line 0xe8035e3f0ac0 : 2 stores
Line 0xe8035e3f2280 : 2 stores
Line 0xe8035e3f1280 : 2 stores
Line 0xe8035e3b4000 : 1 stores
Line 0xe8035e3f0b00 : 6 stores
Line 0xe8035e3f0a40 : 5 stores
Line 0xe8035e3f2200 : 3 stores
Line 0xe8035e3f1200 : 4 stores
Line 0xe8035e3f0a80 : 4 stores
Line 0xe8035e3f0980 : 2 stores
Line 0xe8035e3f2140 : 2 stores
Line 0xe8035e3f1140 : 2 stores
Line 0xe8035e3b0ec0 : 1 stores
Line 0xe8035e3f09c0 : 6 stores
Line 0xe8035e3f0900 : 5 stores
Line 0xe8035e3f20c0 : 3 stores
Line 0xe8035e3f10c0 : 4 stores
Line 0xe8035e3f0940 : 4 stores
Line 0xe8035e3f0840 : 2 stores
Line 0xe8035e3f2000 : 2 stores
Line 0xe8035e3f1000 : 2 stores
Line 0xe8035e3b0d80 : 1 stores
Line 0xe8035e3f0880 : 6 stores
Line 0xe8035e3f07c0 : 5 stores
Line 0xe8035e3eef80 : 3 stores
Line 0xe8035e3edf80 : 4 stores
Line 0xe8035e3f0800 : 4 stores
Line 0xe8035e3f0700 : 2 stores
Line 0xe8035e3eeec0 : 2 stores
Line 0xe8035e3edec0 : 2 stores
Line 0xe8035e3b0c40 : 1 stores
Line 0xe8035e3f0740 : 6 stores
Line 0xe8035e3f0680 : 5 stores
Line 0xe8035e3eee40 : 3 stores
Line 0xe8035e3ede40 : 4 stores
Line 0xe8035e3f06c0 : 4 stores
Line 0xe8035e3f05c0 : 2 stores
Line 0xe8035e3eed80 : 2 stores
Line 0xe8035e3edd80 : 2 stores
Line 0xe8035e3b0b00 : 1 stores
Line 0xe8035e3f0600 : 6 stores
Line 0xe8035e3f0540 : 5 stores
Line 0xe8035e3eed00 : 3 stores
Line 0xe8035e3edd00 : 4 stores
Line 0xe8035e3f0580 : 4 stores
Line 0xe8035e3f0480 : 2 stores
Line 0xe8035e3eec40 : 2 stores
Line 0xe8035e3edc40 : 2 stores
Line 0xe8035e3b09c0 : 1 stores
Line 0xe8035e3f04c0 : 6 stores
Line 0xe8035e3f0400 : 5 stores
Line 0xe8035e3eebc0 : 3 stores
Line 0xe8035e3edbc0 : 4 stores
Line 0xe8035e3f0440 : 4 stores
Line 0xe8035e3f0340 : 2 stores
Line 0xe8035e3eeb00 : 2 stores
Line 0xe8035e3edb00 : 2 stores
Line 0xe8035e3b0880 : 1 stores
Line 0xe8035e3f0380 : 6 stores
Line 0xe8035e3f02c0 : 5 stores
Line 0xe8035e3eea80 : 3 stores
Line 0xe8035e3eda80 : 4 stores
Line 0xe8035e3f0300 : 4 stores
Line 0xe8035e3f0200 : 2 stores
Line 0xe8035e3ee9c0 : 2 stores
Line 0xe8035e3ed9c0 : 2 stores
Line 0xe8035e3b0740 : 1 stores
Line 0xe8035e3f0240 : 6 stores
Line 0xe8035e3f0180 : 5 stores
Line 0xe8035e3ee940 : 3 stores
Line 0xe8035e3ed940 : 4 stores
Line 0xe8035e3f01c0 : 4 stores
Line 0xe8035e3f00c0 : 2 stores
Line 0xe8035e3ee880 : 2 stores
Line 0xe8035e3ed880 : 2 stores
Line 0xe8035e3b0600 : 1 stores
Line 0xe8035e3f0100 : 6 stores
Line 0xe8035e3f0040 : 5 stores
Line 0xe8035e3ee800 : 3 stores
Line 0xe8035e3ed800 : 4 stores
Line 0xe8035e3f0080 : 4 stores
Line 0xe8035e3ecf80 : 2 stores
Line 0xe8035e3ee740 : 2 stores
Line 0xe8035e3ed740 : 2 stores
Line 0xe8035e3b04c0 : 1 stores
Line 0xe8035e3ecfc0 : 6 stores
Line 0xe8035e3ecf00 : 5 stores
Line 0xe8035e3ee6c0 : 3 stores
Line 0xe8035e3ed6c0 : 4 stores
Line 0xe8035e3ecf40 : 4 stores
Line 0xe8035e3ece40 : 2 stores
Line 0xe8035e3ee600 : 2 stores
Line 0xe8035e3ed600 : 2 stores
Line 0xe8035e3b0380 : 1 stores
Line 0xe8035e3ece80 : 6 stores
Line 0xe8035e3ecdc0 : 5 stores
Line 0xe8035e3ee580 : 3 stores
Line 0xe8035e3ed580 : 4 stores
Line 0xe8035e3ece00 : 4 stores
Line 0xe8035e3ecd00 : 2 stores
Line 0xe8035e3ee4c0 : 2 stores
Line 0xe8035e3ed4c0 : 2 stores
Line 0xe8035e3b0240 : 1 stores
Line 0xe8035e3ecd40 : 6 stores
Line 0xe8035e3ecc80 : 5 stores
Line 0xe8035e3ee440 : 3 stores
Line 0xe8035e3ed440 : 4 stores
Line 0xe8035e3eccc0 : 4 stores
Line 0xe8035e3ecbc0 : 2 stores
Line 0xe8035e3ee380 : 2 stores
Line 0xe8035e3ed380 : 2 stores
Line 0xe8035e3b0100 : 1 stores
Line 0xe8035e3ecc00 : 6 stores
Line 0xe8035e3ecb40 : 5 stores
Line 0xe8035e3ee300 : 3 stores
Line 0xe8035e3ed300 : 4 stores
Line 0xe8035e3ecb80 : 4 stores
Line 0xe8035e3eca80 : 2 stores
Line 0xe8035e3ee240 : 2 stores
Line 0xe8035e3ed240 : 2 stores
Line 0xe8035e3acfc0 : 1 stores
Line 0xe8035e3ecac0 : 6 stores
Line 0xe8035e3eca00 : 5 stores
Line 0xe8035e3ee1c0 : 3 stores
Line 0xe8035e3ed1c0 : 4 stores
Line 0xe8035e3eca40 : 4 stores
Line 0xe8035e3ec940 : 2 stores
Line 0xe8035e3ee100 : 2 stores
Line 0xe8035e3ed100 : 2 stores
Line 0xe8035e3ace80 : 1 stores
Line 0xe8035e3ec980 : 6 stores
Line 0xe8035e3ec8c0 : 5 stores
Line 0xe8035e3ee080 : 3 stores
Line 0xe8035e3ed080 : 4 stores
Line 0xe8035e3ec900 : 4 stores
Line 0xe8035e3ec800 : 2 stores
Line 0xe8035e3eafc0 : 2 stores
Line 0xe8035e3e9fc0 : 2 stores
Line 0xe8035e3acd40 : 1 stores
Line 0xe8035e3ec840 : 6 stores
Line 0xe8035e3ec780 : 5 stores
Line 0xe8035e3eaf40 : 3 stores
Line 0xe8035e3e9f40 : 4 stores
Line 0xe8035e3ec7c0 : 4 stores
Line 0xe8035e3ec6c0 : 2 stores
Line 0xe8035e3eae80 : 2 stores
Line 0xe8035e3e9e80 : 2 stores
Line 0xe8035e3acc00 : 1 stores
Line 0xe8035e3ec700 : 6 stores
Line 0xe8035e3ec640 : 5 stores
Line 0xe8035e3eae00 : 3 stores
Line 0xe8035e3e9e00 : 4 stores
Line 0xe8035e3ec680 : 4 stores
Line 0xe8035e3ec580 : 2 stores
Line 0xe8035e3ead40 : 2 stores
Line 0xe8035e3e9d40 : 2 stores
Line 0xe8035e3acac0 : 1 stores
Line 0xe8035e3ec5c0 : 6 stores
Line 0xe8035e3ec500 : 5 stores
Line 0xe8035e3eacc0 : 3 stores
Line 0xe8035e3e9cc0 : 4 stores
Line 0xe8035e3ec540 : 4 stores
Line 0xe8035e3ec440 : 2 stores
Line 0xe8035e3eac00 : 2 stores
Line 0xe8035e3e9c00 : 2 stores
Line 0xe8035e3ac980 : 1 stores
Line 0xe8035e3ec480 : 6 stores
Line 0xe8035e3ec3c0 : 5 stores
Line 0xe8035e3eab80 : 3 stores
Line 0xe8035e3e9b80 : 4 stores
Line 0xe8035e3ec400 : 4 stores
Line 0xe8035e3ec300 : 2 stores
Line 0xe8035e3eaac0 : 2 stores
Line 0xe8035e3e9ac0 : 2 stores
Line 0xe8035e3ac840 : 1 stores
Line 0xe8035e3ec340 : 6 stores
Line 0xe8035e3ec280 : 5 stores
Line 0xe8035e3eaa40 : 3 stores
Line 0xe8035e3e9a40 : 4 stores
Line 0xe8035e3ec2c0 : 4 stores
Line 0xe8035e3ec1c0 : 2 stores
Line 0xe8035e3ea980 : 2 stores
Line 0xe8035e3e9980 : 2 stores
Line 0xe8035e3ac700 : 1 stores
Line 0xe8035e3ec200 : 6 stores
Line 0xe8035e3ec140 : 5 stores
Line 0xe8035e3ea900 : 3 stores
Line 0xe8035e3e9900 : 4 stores
Line 0xe8035e3ec180 : 4 stores
Line 0xe8035e3ec080 : 2 stores
Line 0xe8035e3ea840 : 2 stores
Line 0xe8035e3e9840 : 2 stores
Line 0xe8035e3ac5c0 : 1 stores
Line 0xe8035e3ec0c0 : 6 stores
Line 0xe8035e3ec000 : 5 stores
Line 0xe8035e3ea7c0 : 3 stores
Line 0xe8035e3e97c0 : 4 stores
Line 0xe8035e3ec040 : 4 stores
Line 0xe8035e3e8f40 : 2 stores
Line 0xe8035e3ea700 : 2 stores
Line 0xe8035e3e9700 : 2 stores
Line 0xe8035e3ac480 : 1 stores
Line 0xe8035e3e8f80 : 6 stores
Line 0xe8035e3e8ec0 : 5 stores
Line 0xe8035e3ea680 : 3 stores
Line 0xe8035e3e9680 : 4 stores
Line 0xe8035e3e8f00 : 4 stores
Line 0xe8035e3e8e00 : 2 stores
Line 0xe8035e3ea5c0 : 2 stores
Line 0xe8035e3e95c0 : 2 stores
Line 0xe8035e3ac340 : 1 stores
Line 0xe8035e3e8e40 : 6 stores
Line 0xe8035e3e8d80 : 5 stores
Line 0xe8035e3ea540 : 3 stores
Line 0xe8035e3e9540 : 4 stores
Line 0xe8035e3e8dc0 : 4 stores
Line 0xe8035e3e8cc0 : 2 stores
Line 0xe8035e3ea480 : 2 stores
Line 0xe8035e3e9480 : 2 stores
Line 0xe8035e3ac200 : 1 stores
Line 0xe8035e3e8d00 : 6 stores
Line 0xe8035e3e8c40 : 5 stores
Line 0xe8035e3ea400 : 3 stores
Line 0xe8035e3e9400 : 4 stores
Line 0xe8035e3e8c80 : 4 stores
Line 0xe8035e3e8b80 : 2 stores
Line 0xe8035e3ea340 : 2 stores
Line 0xe8035e3e9340 : 2 stores
Line 0xe8035e3ac0c0 : 1 stores
Line 0xe8035e3e8bc0 : 6 stores
Line 0xe8035e3e8b00 : 5 stores
Line 0xe8035e3ea2c0 : 3 stores
Line 0xe8035e3e92c0 : 4 stores
Line 0xe8035e3e8b40 : 4 stores
Line 0xe8035e3e8a40 : 2 stores
Line 0xe8035e3ea200 : 2 stores
Line 0xe8035e3e9200 : 2 stores
Line 0xe8035e3a8f80 : 1 stores
Line 0xe8035e3e8a80 : 6 stores
Line 0xe8035e3e89c0 : 5 stores
Line 0xe8035e3ea180 : 3 stores
Line 0xe8035e3e9180 : 4 stores
Line 0xe8035e3e8a00 : 4 stores
Line 0xe8035e3e8900 : 2 stores
Line 0xe8035e3ea0c0 : 2 stores
Line 0xe8035e3e90c0 : 2 stores
Line 0xe8035e3a8e40 : 1 stores
Line 0xe8035e3e8940 : 6 stores
Line 0xe8035e3e8880 : 5 stores
Line 0xe8035e3ea040 : 3 stores
Line 0xe8035e3e9040 : 4 stores
Line 0xe8035e3e88c0 : 4 stores
Line 0xe8035e3e87c0 : 2 stores
Line 0xe8035e3e6f80 : 2 stores
Line 0xe8035e3e5f80 : 2 stores
Line 0xe8035e3a8d00 : 1 stores
Line 0xe8035e3e8800 : 6 stores
Line 0xe8035e3e8740 : 5 stores
Line 0xe8035e3e6f00 : 3 stores
Line 0xe8035e3e5f00 : 4 stores
Line 0xe8035e3e8780 : 4 stores
Line 0xe8035e3e8680 : 2 stores
Line 0xe8035e3e6e40 : 2 stores
Line 0xe8035e3e5e40 : 2 stores
Line 0xe8035e3a8bc0 : 1 stores
Line 0xe8035e3e86c0 : 6 stores
Line 0xe8035e3e8600 : 5 stores
Line 0xe8035e3e6dc0 : 3 stores
Line 0xe8035e3e5dc0 : 4 stores
Line 0xe8035e3e8640 : 4 stores
Line 0xe8035e3e8540 : 2 stores
Line 0xe8035e3e6d00 : 2 stores
Line 0xe8035e3e5d00 : 2 stores
Line 0xe8035e3a8a80 : 1 stores
Line 0xe8035e3e8580 : 6 stores
Line 0xe8035e3e84c0 : 5 stores
Line 0xe8035e3e6c80 : 3 stores
Line 0xe8035e3e5c80 : 4 stores
Line 0xe8035e3e8500 : 4 stores
Line 0xe8035e3e8400 : 2 stores
Line 0xe8035e3e6bc0 : 2 stores
Line 0xe8035e3e5bc0 : 2 stores
Line 0xe8035e3a8940 : 1 stores
Line 0xe8035e3e8440 : 6 stores
Line 0xe8035e3e8380 : 5 stores
Line 0xe8035e3e5b40 : 4 stores
Line 0xe8035e3e6b40 : 3 stores
Line 0xe8035e3e83c0 : 4 stores
Line 0xe8035e3e82c0 : 2 stores
Line 0xe8035e3e5a80 : 2 stores
Line 0xe8035e3e6a80 : 2 stores
Line 0xe8035e3e8300 : 6 stores
Line 0xe8035e3a8800 : 1 stores
Line 0xe8035e3e8240 : 5 stores
Line 0xe8035e3e5a00 : 4 stores
Line 0xe8035e3e6a00 : 3 stores
Line 0xe8035e3e8280 : 4 stores
Line 0xe8035e3e8180 : 2 stores
Line 0xe8035e3e5940 : 2 stores
Line 0xe8035e3e6940 : 2 stores
Line 0xe8035e3e81c0 : 6 stores
Line 0xe8035e3a86c0 : 1 stores
Line 0xe8035e3e8100 : 5 stores
Line 0xe8035e3e58c0 : 4 stores
Line 0xe8035e3e68c0 : 3 stores
Line 0xe8035e3e8140 : 4 stores
Line 0xe8035e3e8040 : 2 stores
Line 0xe8035e3e5800 : 2 stores
Line 0xe8035e3e6800 : 2 stores
Line 0xe8035e3e8080 : 6 stores
Line 0xe8035e3a8580 : 1 stores
Line 0xe8035e3e4fc0 : 5 stores
Line 0xe8035e3e5780 : 4 stores
Line 0xe8035e3e6780 : 3 stores
Line 0xe8035e3e8000 : 4 stores
Line 0xe8035e3e4f00 : 2 stores
Line 0xe8035e3e56c0 : 2 stores
Line 0xe8035e3e66c0 : 2 stores
Line 0xe8035e3e4f40 : 6 stores
Line 0xe8035e3a8440 : 1 stores
Line 0xe8035e3e4e80 : 5 stores
Line 0xe8035e3e5640 : 4 stores
Line 0xe8035e3e6640 : 3 stores
Line 0xe8035e3e4ec0 : 4 stores
Line 0xe8035e3e4dc0 : 2 stores
Line 0xe8035e3e5580 : 2 stores
Line 0xe8035e3e6580 : 2 stores
Line 0xe8035e3e4e00 : 6 stores
Line 0xe8035e3a8300 : 1 stores
Line 0xe8035e3e4d40 : 5 stores
Line 0xe8035e3e5500 : 4 stores
Line 0xe8035e3e6500 : 3 stores
Line 0xe8035e3e4d80 : 4 stores
Line 0xe8035e3e4c80 : 2 stores
Line 0xe8035e3e6440 : 2 stores
Line 0xe8035e3e5440 : 2 stores
Line 0xe8035e3a81c0 : 1 stores
Line 0xe8035e3e4cc0 : 6 stores
Line 0xe8035e3e4c00 : 5 stores
Line 0xe8035e3e63c0 : 3 stores
Line 0xe8035e3e53c0 : 4 stores
Line 0xe8035e3e4c40 : 4 stores
Line 0xe8035e3e4b40 : 2 stores
Line 0xe8035e3e6300 : 2 stores
Line 0xe8035e3e5300 : 2 stores
Line 0xe8035e3a8080 : 1 stores
Line 0xe8035e3e4b80 : 6 stores
Line 0xe8035e3e4ac0 : 5 stores
Line 0xe8035e3e6280 : 3 stores
Line 0xe8035e3e5280 : 4 stores
Line 0xe8035e3e4b00 : 4 stores
Line 0xe8035e3e4a00 : 2 stores
Line 0xe8035e3e61c0 : 2 stores
Line 0xe8035e3e51c0 : 2 stores
Line 0xe8035e3a4f40 : 1 stores
Line 0xe8035e3e4a40 : 6 stores
Line 0xe8035e3e4980 : 5 stores
Line 0xe8035e3e6140 : 3 stores
Line 0xe8035e3e5140 : 4 stores
Line 0xe8035e3e49c0 : 4 stores
Line 0xe8035e3e48c0 : 2 stores
Line 0xe8035e3e6080 : 2 stores
Line 0xe8035e3e5080 : 2 stores
Line 0xe8035e3a4e00 : 1 stores
Line 0xe8035e3e4900 : 6 stores
Line 0xe8035e3e4840 : 5 stores
Line 0xe8035e3e6000 : 3 stores
Line 0xe8035e3e5000 : 4 stores
Line 0xe8035e3e4880 : 4 stores
Line 0xe8035e3e4780 : 2 stores
Line 0xe8035e3e1f40 : 2 stores
Line 0xe8035e3e2f40 : 2 stores
Line 0xe8035e3e47c0 : 6 stores
Line 0xe8035e3a4cc0 : 1 stores
Line 0xe8035e3e4700 : 5 stores
Line 0xe8035e3e1ec0 : 4 stores
Line 0xe8035e3e2ec0 : 3 stores
Line 0xe8035e3e4740 : 4 stores
Line 0xe8035e3e4640 : 2 stores
Line 0xe8035e3e2e00 : 2 stores
Line 0xe8035e3e1e00 : 2 stores
Line 0xe8035e3a4b80 : 1 stores
Line 0xe8035e3e4680 : 6 stores
Line 0xe8035e3e45c0 : 5 stores
Line 0xe8035e3e2d80 : 3 stores
Line 0xe8035e3e1d80 : 4 stores
Line 0xe8035e3e4600 : 4 stores
Line 0xe8035e3e4500 : 2 stores
Line 0xe8035e3e2cc0 : 2 stores
Line 0xe8035e3e1cc0 : 2 stores
Line 0xe8035e3a4a40 : 1 stores
Line 0xe8035e3e4540 : 6 stores
Line 0xe8035e3e4480 : 5 stores
Line 0xe8035e3e2c40 : 3 stores
Line 0xe8035e3e1c40 : 4 stores
Line 0xe8035e3e44c0 : 4 stores
Line 0xe8035e3e43c0 : 2 stores
Line 0xe8035e3e2b80 : 2 stores
Line 0xe8035e3e1b80 : 2 stores
Line 0xe8035e3a4900 : 1 stores
Line 0xe8035e3e4400 : 6 stores
Line 0xe8035e3e4340 : 5 stores
Line 0xe8035e3e2b00 : 3 stores
Line 0xe8035e3e1b00 : 4 stores
Line 0xe8035e3e4380 : 4 stores
Line 0xe8035e3e4280 : 2 stores
Line 0xe8035e3e2a40 : 2 stores
Line 0xe8035e3e1a40 : 2 stores
Line 0xe8035e3a47c0 : 1 stores
Line 0xe8035e3e42c0 : 6 stores
Line 0xe8035e3e4200 : 5 stores
Line 0xe8035e3e29c0 : 3 stores
Line 0xe8035e3e19c0 : 4 stores
Line 0xe8035e3e4240 : 4 stores
Line 0xe8035e3e4140 : 2 stores
Line 0xe8035e3e2900 : 2 stores
Line 0xe8035e3e1900 : 2 stores
Line 0xe8035e3a4680 : 1 stores
Line 0xe8035e3e4180 : 6 stores
Line 0xe8035e3e40c0 : 5 stores
Line 0xe8035e3e2880 : 3 stores
Line 0xe8035e3e1880 : 4 stores
Line 0xe8035e3e4100 : 4 stores
Line 0xe8035e3e4000 : 2 stores
Line 0xe8035e3e27c0 : 2 stores
Line 0xe8035e3e17c0 : 2 stores
Line 0xe8035e3e4040 : 6 stores
Line 0xe8035e3a4540 : 1 stores
Line 0xe8035e3e0f80 : 5 stores
Line 0xe8035e3e2740 : 3 stores
Line 0xe8035e3e1740 : 4 stores
Line 0xe8035e3e0fc0 : 4 stores
Line 0xe8035e3e0ec0 : 2 stores
Line 0xe8035e3e2680 : 2 stores
Line 0xe8035e3e1680 : 2 stores
Line 0xe8035e3a4400 : 1 stores
Line 0xe8035e3e0f00 : 6 stores
Line 0xe8035e3e0e40 : 5 stores
Line 0xe8035e3e2600 : 3 stores
Line 0xe8035e3e1600 : 4 stores
Line 0xe8035e3e0e80 : 4 stores
Line 0xe8035e3e0d80 : 2 stores
Line 0xe8035e3e2540 : 2 stores
Line 0xe8035e3e1540 : 2 stores
Line 0xe8035e3a42c0 : 1 stores
Line 0xe8035e3e0dc0 : 6 stores
Line 0xe8035e3e0d00 : 5 stores
Line 0xe8035e3e24c0 : 3 stores
Line 0xe8035e3e14c0 : 4 stores
Line 0xe8035e3e0d40 : 4 stores
Line 0xe8035e3e0c40 : 2 stores
Line 0xe8035e3e2400 : 2 stores
Line 0xe8035e3e1400 : 2 stores
Line 0xe8035e3a4180 : 1 stores
Line 0xe8035e3e0c80 : 6 stores
Line 0xe8035e3e0bc0 : 5 stores
Line 0xe8035e3e2380 : 3 stores
Line 0xe8035e3e1380 : 4 stores
Line 0xe8035e3e0c00 : 4 stores
Line 0xe8035e3e0b00 : 2 stores
Line 0xe8035e3e22c0 : 2 stores
Line 0xe8035e3e12c0 : 2 stores
Line 0xe8035e3a4040 : 1 stores
Line 0xe8035e3e0b40 : 6 stores
Line 0xe8035e3e0a80 : 5 stores
Line 0xe8035e3e2240 : 3 stores
Line 0xe8035e3e1240 : 4 stores
Line 0xe8035e3e0ac0 : 4 stores
Line 0xe8035e3e09c0 : 2 stores
Line 0xe8035e3e2180 : 2 stores
Line 0xe8035e3e1180 : 2 stores
Line 0xe8035e3a0f00 : 1 stores
Line 0xe8035e3e0a00 : 6 stores
Line 0xe8035e3e0940 : 5 stores
Line 0xe8035e3e2100 : 3 stores
Line 0xe8035e3e1100 : 4 stores
Line 0xe8035e3e0980 : 4 stores
Line 0xe8035e3e0880 : 2 stores
Line 0xe8035e3e2040 : 2 stores
Line 0xe8035e3e1040 : 2 stores
Line 0xe8035e3a0dc0 : 1 stores
Line 0xe8035e3e08c0 : 6 stores
Line 0xe8035e3e0800 : 5 stores
Line 0xe8035e3defc0 : 4 stores
Line 0xe8035e3e0840 : 4 stores
Line 0xe8035e3e0740 : 2 stores
Line 0xe8035e3def00 : 2 stores
Line 0xe8035e3a0c80 : 1 stores
Line 0xe8035e3e0780 : 6 stores
Line 0xe8035e3e06c0 : 5 stores
Line 0xe8035e3dee80 : 4 stores
Line 0xe8035e3e0700 : 4 stores
Line 0xe8035e3e0600 : 2 stores
Line 0xe8035e3dedc0 : 2 stores
Line 0xe8035e3a0b40 : 1 stores
Line 0xe8035e3e0640 : 6 stores
Line 0xe8035e3e0580 : 5 stores
Line 0xe8035e3ded40 : 4 stores
Line 0xe8035e3e05c0 : 4 stores
Line 0xe8035e3e04c0 : 2 stores
Line 0xe8035e3dec80 : 2 stores
Line 0xe8035e3a0a00 : 1 stores
Line 0xe8035e3e0500 : 6 stores
Line 0xe8035e3e0440 : 5 stores
Line 0xe8035e3dec00 : 4 stores
Line 0xe8035e3e0480 : 4 stores
Line 0xe8035e3e0380 : 2 stores
Line 0xe8035e3deb40 : 2 stores
Line 0xe8035e3a08c0 : 1 stores
Line 0xe8035e3e03c0 : 6 stores
Line 0xe8035e3e0300 : 5 stores
Line 0xe8035e3deac0 : 4 stores
Line 0xe8035e3e0340 : 4 stores
Line 0xe8035e3e0240 : 2 stores
Line 0xe8035e3dea00 : 2 stores
Line 0xe8035e3a0780 : 1 stores
Line 0xe8035e3e0280 : 6 stores
Line 0xe8035e3e01c0 : 5 stores
Line 0xe8035e3de980 : 4 stores
Line 0xe8035e3e0200 : 4 stores
Line 0xe8035e3e0100 : 2 stores
Line 0xe8035e3de8c0 : 2 stores
Line 0xe8035e3e0140 : 6 stores
Line 0xe8035e3e0080 : 5 stores
Line 0xe8035e3de840 : 4 stores
Line 0xe8035e3e00c0 : 4 stores
Line 0xe8035e3de780 : 2 stores
Line 0xe8035e3e0000 : 6 stores
Line 0xe8035e3bd680 : 1 stores
Line 0xe8035e3bd700 : 3 stores
Line 0xe8035e3bd600 : 1 stores
Line 0xe8035e3bd540 : 1 stores
Line 0xe8035e3bd5c0 : 3 stores
Line 0xe8035e3bd4c0 : 1 stores
Line 0xe8035e3bd400 : 1 stores
Line 0xe8035e3bd480 : 3 stores
Line 0xe8035e3bd380 : 1 stores
Line 0xe8035e3bd2c0 : 1 stores
Line 0xe8035e3bd340 : 3 stores
Line 0xe8035e3bd240 : 1 stores
Line 0xe8035e3dc700 : 2 stores
Line 0xe8035e3bd180 : 1 stores
Line 0xe8035e3dc680 : 5 stores
Line 0xe8035e3bd200 : 3 stores
Line 0xe8035e3dc6c0 : 4 stores
Line 0xe8035e3bd100 : 1 stores
Line 0xe8035e3dc5c0 : 2 stores
Line 0xe8035e3bd040 : 1 stores
Line 0xe8035e3dc600 : 6 stores
Line 0xe8035e3dc540 : 5 stores
Line 0xe8035e3bd0c0 : 3 stores
Line 0xe8035e3dc580 : 4 stores
Line 0xe8035e3bafc0 : 1 stores
Line 0xe8035e3b9fc0 : 1 stores
Line 0xe8035e3dc480 : 2 stores
Line 0xe8035e3b9f00 : 1 stores
Line 0xe8035e3dc4c0 : 6 stores
Line 0xe8035e3baf00 : 1 stores
Line 0xe8035e3dc400 : 5 stores
Line 0xe8035e3baf80 : 2 stores
Line 0xe8035e3b9f80 : 3 stores
Line 0xe8035e3dc440 : 4 stores
Line 0xe8035e3bae80 : 1 stores
Line 0xe8035e3b9e80 : 1 stores
Line 0xe8035e3dc340 : 2 stores
Line 0xe8035e3b9dc0 : 1 stores
Line 0xe8035e3dc380 : 6 stores
Line 0xe8035e3badc0 : 1 stores
Line 0xe8035e3dc2c0 : 5 stores
Line 0xe8035e3bae40 : 2 stores
Line 0xe8035e3b9e40 : 3 stores
Line 0xe8035e3dc300 : 4 stores
Line 0xe8035e3bad40 : 1 stores
Line 0xe8035e3b9d40 : 1 stores
Line 0xe8035e3dc200 : 2 stores
Line 0xe8035e3b9c80 : 1 stores
Line 0xe8035e3dc240 : 6 stores
Line 0xe8035e3bac80 : 1 stores
Line 0xe8035e3dc180 : 5 stores
Line 0xe8035e3b9d00 : 3 stores
Line 0xe8035e3bad00 : 2 stores
Line 0xe8035e3dc1c0 : 4 stores
Line 0xe8035e3b9c00 : 1 stores
Line 0xe8035e3bac00 : 1 stores
Line 0xe8035e3dc0c0 : 2 stores
Line 0xe8035e3b9b40 : 1 stores
Line 0xe8035e3dc100 : 6 stores
Line 0xe8035e3bab40 : 1 stores
Line 0xe8035e3dc040 : 5 stores
Line 0xe8035e3b9bc0 : 3 stores
Line 0xe8035e3babc0 : 2 stores
Line 0xe8035e3dc080 : 4 stores
Line 0xe8035e3b9ac0 : 1 stores
Line 0xe8035e3baac0 : 1 stores
Line 0xe8035e3b9a00 : 1 stores
Line 0xe8035e3baa00 : 1 stores
Line 0xe8035e3b9a80 : 3 stores
Line 0xe8035e3baa80 : 2 stores
Line 0xe8035e3b9980 : 1 stores
Line 0xe8035e3ba980 : 1 stores
Line 0xe8035e3b98c0 : 1 stores
Line 0xe8035e3ba8c0 : 1 stores
Line 0xe8035e3b9940 : 3 stores
Line 0xe8035e3ba940 : 2 stores
Line 0xe8035e3b9840 : 1 stores
Line 0xe8035e3ba840 : 1 stores
Line 0xe8035e3b9780 : 1 stores
Line 0xe8035e3ba780 : 1 stores
Line 0xe8035e3b9800 : 3 stores
Line 0xe8035e3ba800 : 2 stores
Line 0xe8035e3b9700 : 1 stores
Line 0xe8035e3ba700 : 1 stores
Line 0xe8035e3b9640 : 1 stores
Line 0xe8035e3ba640 : 1 stores
Line 0xe8035e3b96c0 : 3 stores
Line 0xe8035e3ba6c0 : 2 stores
Line 0xe8035e3b95c0 : 1 stores
Line 0xe8035e3ba5c0 : 1 stores
Line 0xe8035e3b9500 : 1 stores
Line 0xe8035e3ba500 : 1 stores
Line 0xe8035e3b9580 : 3 stores
Line 0xe8035e3ba580 : 2 stores
Line 0xe8035e3b9480 : 1 stores
Line 0xe8035e3ba480 : 1 stores
Line 0xe8035e3b93c0 : 1 stores
Line 0xe8035e3ba3c0 : 1 stores
Line 0xe8035e3b9440 : 3 stores
Line 0xe8035e3ba440 : 2 stores
Line 0xe8035e3b9340 : 1 stores
Line 0xe8035e3ba340 : 1 stores
Line 0xe8035e3b9280 : 1 stores
Line 0xe8035e3ba280 : 1 stores
Line 0xe8035e3b9300 : 3 stores
Line 0xe8035e3ba300 : 2 stores
Line 0xe8035e3b9200 : 1 stores
Line 0xe8035e3ba200 : 1 stores
Line 0xe8035e3d86c0 : 2 stores
Line 0xe8035e3b9140 : 1 stores
Line 0xe8035e3d8700 : 6 stores
Line 0xe8035e3ba140 : 1 stores
Line 0xe8035e3d8640 : 5 stores
Line 0xe8035e3ba1c0 : 2 stores
Line 0xe8035e3b91c0 : 3 stores
Line 0xe8035e3d8680 : 4 stores
Line 0xe8035e3ba0c0 : 1 stores
Line 0xe8035e3b90c0 : 1 stores
Line 0xe8035e3d8580 : 2 stores
Line 0xe8035e3b9000 : 1 stores
Line 0xe8035e3d85c0 : 6 stores
Line 0xe8035e3ba000 : 1 stores
Line 0xe8035e3d8500 : 5 stores
Line 0xe8035e3ba080 : 2 stores
Line 0xe8035e3b9080 : 3 stores
Line 0xe8035e3d8540 : 4 stores
Line 0xe8035e3b5f80 : 1 stores
Line 0xe8035e3b6f80 : 1 stores
Line 0xe8035e3d8440 : 2 stores
Line 0xe8035e3b6ec0 : 1 stores
Line 0xe8035e3d8480 : 6 stores
Line 0xe8035e3b5ec0 : 1 stores
Line 0xe8035e3d83c0 : 5 stores
Line 0xe8035e3b5f40 : 2 stores
Line 0xe8035e3b6f40 : 3 stores
Line 0xe8035e3d8400 : 4 stores
Line 0xe8035e3b5e40 : 1 stores
Line 0xe8035e3b6e40 : 1 stores
Line 0xe8035e3d8300 : 2 stores
Line 0xe8035e3b6d80 : 1 stores
Line 0xe8035e3d8340 : 6 stores
Line 0xe8035e3b5d80 : 1 stores
Line 0xe8035e3d8280 : 5 stores
Line 0xe8035e3b5e00 : 2 stores
Line 0xe8035e3b6e00 : 3 stores
Line 0xe8035e3d82c0 : 4 stores
Line 0xe8035e3b5d00 : 1 stores
Line 0xe8035e3b6d00 : 1 stores
Line 0xe8035e3d81c0 : 2 stores
Line 0xe8035e3b6c40 : 1 stores
Line 0xe8035e3d8200 : 6 stores
Line 0xe8035e3b5c40 : 1 stores
Line 0xe8035e3d8140 : 5 stores
Line 0xe8035e3b5cc0 : 2 stores
Line 0xe8035e3b6cc0 : 3 stores
Line 0xe8035e3d8180 : 4 stores
Line 0xe8035e3b5bc0 : 1 stores
Line 0xe8035e3b6bc0 : 1 stores
Line 0xe8035e3d8080 : 2 stores
Line 0xe8035e3b6b00 : 1 stores
Line 0xe8035e3d80c0 : 6 stores
Line 0xe8035e3b5b00 : 1 stores
Line 0xe8035e3d8000 : 5 stores
Line 0xe8035e3d8040 : 4 stores
Line 0xe8035e3b5b80 : 2 stores
Line 0xe8035e3b6b80 : 3 stores
Line 0xe8035e3b5a80 : 1 stores
Line 0xe8035e3b6a80 : 1 stores
Line 0xe8035e3b69c0 : 1 stores
Line 0xe8035e3b59c0 : 1 stores
Line 0xe8035e3b6a40 : 3 stores
Line 0xe8035e3b5a40 : 2 stores
Line 0xe8035e3b6940 : 1 stores
Line 0xe8035e3b5940 : 1 stores
Line 0xe8035e3b6880 : 1 stores
Line 0xe8035e3b5880 : 1 stores
Line 0xe8035e3b6900 : 3 stores
Line 0xe8035e3b5900 : 2 stores
Line 0xe8035e3b6800 : 1 stores
Line 0xe8035e3b5800 : 1 stores
Line 0xe8035e3b6740 : 1 stores
Line 0xe8035e3b5740 : 1 stores
Line 0xe8035e3b67c0 : 3 stores
Line 0xe8035e3b57c0 : 2 stores
Line 0xe8035e3b66c0 : 1 stores
Line 0xe8035e3b56c0 : 1 stores
Line 0xe8035e3b6600 : 1 stores
Line 0xe8035e3b5600 : 1 stores
Line 0xe8035e3b6680 : 3 stores
Line 0xe8035e3b5680 : 2 stores
Line 0xe8035e3b6580 : 1 stores
Line 0xe8035e3b5580 : 1 stores
Line 0xe8035e3b64c0 : 1 stores
Line 0xe8035e3b54c0 : 1 stores
Line 0xe8035e3b6540 : 3 stores
Line 0xe8035e3b5540 : 2 stores
Line 0xe8035e3b6440 : 1 stores
Line 0xe8035e3b5440 : 1 stores
Line 0xe8035e3b6380 : 1 stores
Line 0xe8035e3b5380 : 1 stores
Line 0xe8035e3b6400 : 3 stores
Line 0xe8035e3b5400 : 2 stores
Line 0xe8035e3b6300 : 1 stores
Line 0xe8035e3b5300 : 1 stores
Line 0xe8035e3b6240 : 1 stores
Line 0xe8035e3b5240 : 1 stores
Line 0xe8035e3b62c0 : 3 stores
Line 0xe8035e3b52c0 : 2 stores
Line 0xe8035e3b61c0 : 1 stores
Line 0xe8035e3b51c0 : 1 stores
Line 0xe8035e3d4680 : 2 stores
Line 0xe8035e3b6100 : 1 stores
Line 0xe8035e3d46c0 : 6 stores
Line 0xe8035e3b5100 : 1 stores
Line 0xe8035e3d4600 : 5 stores
Line 0xe8035e3b6180 : 3 stores
Line 0xe8035e3b5180 : 2 stores
Line 0xe8035e3d4640 : 4 stores
Line 0xe8035e3b6080 : 1 stores
Line 0xe8035e3b5080 : 1 stores
Line 0xe8035e3d4540 : 2 stores
Line 0xe8035e3b2fc0 : 1 stores
Line 0xe8035e3d4580 : 6 stores
Line 0xe8035e3b1fc0 : 1 stores
Line 0xe8035e3d44c0 : 5 stores
Line 0xe8035e3b6040 : 3 stores
Line 0xe8035e3b5040 : 2 stores
Line 0xe8035e3d4500 : 4 stores
Line 0xe8035e3b2f40 : 1 stores
Line 0xe8035e3b1f40 : 1 stores
Line 0xe8035e3d4400 : 2 stores
Line 0xe8035e3b2e80 : 1 stores
Line 0xe8035e3d4440 : 6 stores
Line 0xe8035e3b1e80 : 1 stores
Line 0xe8035e3d4380 : 5 stores
Line 0xe8035e3b1f00 : 2 stores
Line 0xe8035e3b2f00 : 3 stores
Line 0xe8035e3d43c0 : 4 stores
Line 0xe8035e3b1e00 : 1 stores
Line 0xe8035e3b2e00 : 1 stores
Line 0xe8035e3d42c0 : 2 stores
Line 0xe8035e3b2d40 : 1 stores
Line 0xe8035e3d4300 : 6 stores
Line 0xe8035e3b1d40 : 1 stores
Line 0xe8035e3d4240 : 5 stores
Line 0xe8035e3b1dc0 : 2 stores
Line 0xe8035e3b2dc0 : 3 stores
Line 0xe8035e3d4280 : 4 stores
Line 0xe8035e3b1cc0 : 1 stores
Line 0xe8035e3b2cc0 : 1 stores
Line 0xe8035e3d4180 : 2 stores
Line 0xe8035e3b2c00 : 1 stores
Line 0xe8035e3d41c0 : 6 stores
Line 0xe8035e3b1c00 : 1 stores
Line 0xe8035e3d4100 : 5 stores
Line 0xe8035e3b1c80 : 2 stores
Line 0xe8035e3b2c80 : 3 stores
Line 0xe8035e3d4140 : 4 stores
Line 0xe8035e3b1b80 : 1 stores
Line 0xe8035e3b2b80 : 1 stores
Line 0xe8035e3d4040 : 2 stores
Line 0xe8035e3b2ac0 : 1 stores
Line 0xe8035e3d4080 : 6 stores
Line 0xe8035e3b1ac0 : 1 stores
Line 0xe8035e3d4000 : 4 stores
Line 0xe8035e3b1b40 : 2 stores
Line 0xe8035e3b2b40 : 3 stores
Line 0xe8035e3b1a40 : 1 stores
Line 0xe8035e3b2a40 : 1 stores
Line 0xe8035e3b2980 : 1 stores
Line 0xe8035e3b1980 : 1 stores
Line 0xe8035e3b1a00 : 2 stores
Line 0xe8035e3b2a00 : 3 stores
Line 0xe8035e3b1900 : 1 stores
Line 0xe8035e3b2900 : 1 stores
Line 0xe8035e3b2840 : 1 stores
Line 0xe8035e3b1840 : 1 stores
Line 0xe8035e3b18c0 : 2 stores
Line 0xe8035e3b28c0 : 3 stores
Line 0xe8035e3b17c0 : 1 stores
Line 0xe8035e3b27c0 : 1 stores
Line 0xe8035e3b2700 : 1 stores
Line 0xe8035e3b1700 : 1 stores
Line 0xe8035e3b2780 : 3 stores
Line 0xe8035e3b1780 : 2 stores
Line 0xe8035e3b2680 : 1 stores
Line 0xe8035e3b1680 : 1 stores
Line 0xe8035e3b25c0 : 1 stores
Line 0xe8035e3b15c0 : 1 stores
Line 0xe8035e3b2640 : 3 stores
Line 0xe8035e3b1640 : 2 stores
Line 0xe8035e3b2540 : 1 stores
Line 0xe8035e3b1540 : 1 stores
Line 0xe8035e3b2480 : 1 stores
Line 0xe8035e3b1480 : 1 stores
Line 0xe8035e3b2500 : 3 stores
Line 0xe8035e3b1500 : 2 stores
Line 0xe8035e3b2400 : 1 stores
Line 0xe8035e3b1400 : 1 stores
Line 0xe8035e3b2340 : 1 stores
Line 0xe8035e3b1340 : 1 stores
Line 0xe8035e3b23c0 : 3 stores
Line 0xe8035e3b13c0 : 2 stores
Line 0xe8035e3b22c0 : 1 stores
Line 0xe8035e3b12c0 : 1 stores
Line 0xe8035e3b2200 : 1 stores
Line 0xe8035e3b1200 : 1 stores
Line 0xe8035e3d0700 : 5 stores
Line 0xe8035e3b2280 : 3 stores
Line 0xe8035e3b1280 : 2 stores
Line 0xe8035e3b2180 : 1 stores
Line 0xe8035e3b1180 : 1 stores
Line 0xe8035e3d0640 : 2 stores
Line 0xe8035e3b20c0 : 1 stores
Line 0xe8035e3d0680 : 6 stores
Line 0xe8035e3b10c0 : 1 stores
Line 0xe8035e3d05c0 : 5 stores
Line 0xe8035e3b2140 : 3 stores
Line 0xe8035e3b1140 : 2 stores
Line 0xe8035e3d0600 : 4 stores
Line 0xe8035e3b2040 : 1 stores
Line 0xe8035e3b1040 : 1 stores
Line 0xe8035e3d0500 : 2 stores
Line 0xe8035e3aef80 : 1 stores
Line 0xe8035e3d0540 : 6 stores
Line 0xe8035e3adf80 : 1 stores
Line 0xe8035e3d0480 : 5 stores
Line 0xe8035e3b2000 : 3 stores
Line 0xe8035e3b1000 : 2 stores
Line 0xe8035e3d04c0 : 4 stores
Line 0xe8035e3aef00 : 1 stores
Line 0xe8035e3adf00 : 1 stores
Line 0xe8035e3d03c0 : 2 stores
Line 0xe8035e3aee40 : 1 stores
Line 0xe8035e3d0400 : 6 stores
Line 0xe8035e3ade40 : 1 stores
Line 0xe8035e3d0340 : 5 stores
Line 0xe8035e3aeec0 : 3 stores
Line 0xe8035e3adec0 : 2 stores
Line 0xe8035e3d0380 : 4 stores
Line 0xe8035e3aedc0 : 1 stores
Line 0xe8035e3addc0 : 1 stores
Line 0xe8035e3d0280 : 2 stores
Line 0xe8035e3aed00 : 1 stores
Line 0xe8035e3d02c0 : 6 stores
Line 0xe8035e3add00 : 1 stores
Line 0xe8035e3d0200 : 5 stores
Line 0xe8035e3aed80 : 3 stores
Line 0xe8035e3add80 : 2 stores
Line 0xe8035e3d0240 : 4 stores
Line 0xe8035e3aec80 : 1 stores
Line 0xe8035e3adc80 : 1 stores
Line 0xe8035e3d0140 : 2 stores
Line 0xe8035e3aebc0 : 1 stores
Line 0xe8035e3d0180 : 6 stores
Line 0xe8035e3adbc0 : 1 stores
Line 0xe8035e3d00c0 : 5 stores
Line 0xe8035e3aec40 : 3 stores
Line 0xe8035e3adc40 : 2 stores
Line 0xe8035e3d0100 : 4 stores
Line 0xe8035e3aeb40 : 1 stores
Line 0xe8035e3adb40 : 1 stores
Line 0xe8035e3d0000 : 2 stores
Line 0xe8035e3aea80 : 1 stores
Line 0xe8035e3d0040 : 6 stores
Line 0xe8035e3ada80 : 1 stores
Line 0xe8035e3aeb00 : 3 stores
Line 0xe8035e3adb00 : 2 stores
Line 0xe8035e3aea00 : 1 stores
Line 0xe8035e3ada00 : 1 stores
Line 0xe8035e3ae940 : 1 stores
Line 0xe8035e3ad940 : 1 stores
Line 0xe8035e3ae9c0 : 3 stores
Line 0xe8035e3ad9c0 : 2 stores
Line 0xe8035e3ae8c0 : 1 stores
Line 0xe8035e3ad8c0 : 1 stores
Line 0xe8035e3ae800 : 1 stores
Line 0xe8035e3ad800 : 1 stores
Line 0xe8035e3ae880 : 3 stores
Line 0xe8035e3ad880 : 2 stores
Line 0xe8035e3ae780 : 1 stores
Line 0xe8035e3ad780 : 1 stores
Line 0xe8035e3ae6c0 : 1 stores
Line 0xe8035e3ad6c0 : 1 stores
Line 0xe8035e3ae740 : 3 stores
Line 0xe8035e3ad740 : 2 stores
Line 0xe8035e3ae640 : 1 stores
Line 0xe8035e3ad640 : 1 stores
Line 0xe8035e3ae580 : 1 stores
Line 0xe8035e3ad580 : 1 stores
Line 0xe8035e3ad600 : 2 stores
Line 0xe8035e3ae600 : 3 stores
Line 0xe8035e3ad500 : 1 stores
Line 0xe8035e3ae500 : 1 stores
Line 0xe8035e3ae440 : 1 stores
Line 0xe8035e38cf00 : 1 stores
Line 0xe8035e3ad440 : 1 stores
Line 0xe8035e3ad4c0 : 2 stores
Line 0xe8035e3ae4c0 : 3 stores
Line 0xe8035e3ad3c0 : 1 stores
Line 0xe8035e3ae3c0 : 1 stores
Line 0xe8035e3ae300 : 1 stores
Line 0xe8035e38cdc0 : 1 stores
Line 0xe8035e3ad300 : 1 stores
Line 0xe8035e3ae380 : 3 stores
Line 0xe8035e3ad380 : 2 stores
Line 0xe8035e3ae280 : 1 stores
Line 0xe8035e3ad280 : 1 stores
Line 0xe8035e3ae1c0 : 1 stores
Line 0xe8035e38cc80 : 1 stores
Line 0xe8035e3ad1c0 : 1 stores
Line 0xe8035e3cc6c0 : 5 stores
Line 0xe8035e3ae240 : 3 stores
Line 0xe8035e3ad240 : 2 stores
Line 0xe8035e3cc700 : 4 stores
Line 0xe8035e3ae140 : 1 stores
Line 0xe8035e3ad140 : 1 stores
Line 0xe8035e3cc600 : 2 stores
Line 0xe8035e3ae080 : 1 stores
Line 0xe8035e3cc640 : 6 stores
Line 0xe8035e3ad080 : 1 stores
Line 0xe8035e3cc580 : 5 stores
Line 0xe8035e3ae100 : 3 stores
Line 0xe8035e3ad100 : 2 stores
Line 0xe8035e3cc5c0 : 4 stores
Line 0xe8035e3ae000 : 1 stores
Line 0xe8035e3ad000 : 1 stores
Line 0xe8035e3cc4c0 : 2 stores
Line 0xe8035e3a9f40 : 1 stores
Line 0xe8035e3cc500 : 6 stores
Line 0xe8035e3aaf40 : 1 stores
Line 0xe8035e3cc440 : 5 stores
Line 0xe8035e3a9fc0 : 3 stores
Line 0xe8035e3aafc0 : 2 stores
Line 0xe8035e3cc480 : 4 stores
Line 0xe8035e3a9ec0 : 1 stores
Line 0xe8035e3aaec0 : 1 stores
Line 0xe8035e3cc380 : 2 stores
Line 0xe8035e3a9e00 : 1 stores
Line 0xe8035e3cc3c0 : 6 stores
Line 0xe8035e3aae00 : 1 stores
Line 0xe8035e3cc300 : 5 stores
Line 0xe8035e3a9e80 : 3 stores
Line 0xe8035e3aae80 : 2 stores
Line 0xe8035e3cc340 : 4 stores
Line 0xe8035e3a9d80 : 1 stores
Line 0xe8035e3aad80 : 1 stores
Line 0xe8035e3cc240 : 2 stores
Line 0xe8035e3a9cc0 : 1 stores
Line 0xe8035e3cc280 : 6 stores
Line 0xe8035e3aacc0 : 1 stores
Line 0xe8035e3cc1c0 : 5 stores
Line 0xe8035e3a9d40 : 3 stores
Line 0xe8035e3aad40 : 2 stores
Line 0xe8035e3cc200 : 4 stores
Line 0xe8035e3a9c40 : 1 stores
Line 0xe8035e3aac40 : 1 stores
Line 0xe8035e3cc100 : 2 stores
Line 0xe8035e3a9b80 : 1 stores
Line 0xe8035e3cc140 : 6 stores
Line 0xe8035e3aab80 : 1 stores
Line 0xe8035e3cc080 : 5 stores
Line 0xe8035e3a9c00 : 3 stores
Line 0xe8035e3aac00 : 2 stores
Line 0xe8035e3cc0c0 : 4 stores
Line 0xe8035e3a9b00 : 1 stores
Line 0xe8035e3aab00 : 1 stores
Line 0xe8035e3a9a40 : 1 stores
Line 0xe8035e3cc000 : 6 stores
Line 0xe8035e3aaa40 : 1 stores
Line 0xe8035e3a9ac0 : 3 stores
Line 0xe8035e3aaac0 : 2 stores
Line 0xe8035e3a99c0 : 1 stores
Line 0xe8035e3aa9c0 : 1 stores
Line 0xe8035e3a9900 : 1 stores
Line 0xe8035e3aa900 : 1 stores
Line 0xe8035e3a9980 : 3 stores
Line 0xe8035e3aa980 : 2 stores
Line 0xe8035e3a9880 : 1 stores
Line 0xe8035e3aa880 : 1 stores
Line 0xe8035e3a97c0 : 1 stores
Line 0xe8035e3aa7c0 : 1 stores
Line 0xe8035e3a9840 : 3 stores
Line 0xe8035e3aa840 : 2 stores
Line 0xe8035e3a9740 : 1 stores
Line 0xe8035e3aa740 : 1 stores
Line 0xe8035e3a9680 : 1 stores
Line 0xe8035e3aa680 : 1 stores
Line 0xe8035e3a9700 : 3 stores
Line 0xe8035e3aa700 : 2 stores
Line 0xe8035e3a9600 : 1 stores
Line 0xe8035e3aa600 : 1 stores
Line 0xe8035e3a9540 : 1 stores
Line 0xe8035e3aa540 : 1 stores
Line 0xe8035e3a95c0 : 3 stores
Line 0xe8035e3aa5c0 : 2 stores
Line 0xe8035e3a94c0 : 1 stores
Line 0xe8035e3aa4c0 : 1 stores
Line 0xe8035e3a9400 : 1 stores
Line 0xe8035e388ec0 : 1 stores
Line 0xe8035e3aa400 : 1 stores
Line 0xe8035e3a9480 : 3 stores
Line 0xe8035e3aa480 : 2 stores
Line 0xe8035e3a9380 : 1 stores
Line 0xe8035e3aa380 : 1 stores
Line 0xe8035e3a92c0 : 1 stores
Line 0xe8035e388d80 : 1 stores
Line 0xe8035e3aa2c0 : 1 stores
Line 0xe8035e3a9340 : 3 stores
Line 0xe8035e3aa340 : 2 stores
Line 0xe8035e3a9240 : 1 stores
Line 0xe8035e3aa240 : 1 stores
Line 0xe8035e3c8700 : 2 stores
Line 0xe8035e3a9180 : 1 stores
Line 0xe8035e3aa180 : 1 stores
Line 0xe8035e3c8680 : 5 stores
Line 0xe8035e3aa200 : 2 stores
Line 0xe8035e3a9200 : 3 stores
Line 0xe8035e3c86c0 : 4 stores
Line 0xe8035e3aa100 : 1 stores
Line 0xe8035e3a9100 : 1 stores
Line 0xe8035e3c85c0 : 2 stores
Line 0xe8035e3a9040 : 1 stores
Line 0xe8035e3c8600 : 6 stores
Line 0xe8035e3aa040 : 1 stores
Line 0xe8035e3c8540 : 5 stores
Line 0xe8035e3aa0c0 : 2 stores
Line 0xe8035e3a90c0 : 3 stores
Line 0xe8035e3c8580 : 4 stores
Line 0xe8035e3a6fc0 : 1 stores
Line 0xe8035e3a5fc0 : 1 stores
Line 0xe8035e3c8480 : 2 stores
Line 0xe8035e3a5f00 : 1 stores
Line 0xe8035e3c84c0 : 6 stores
Line 0xe8035e3a6f00 : 1 stores
Line 0xe8035e3c8400 : 5 stores
Line 0xe8035e3a6f80 : 2 stores
Line 0xe8035e3a5f80 : 3 stores
Line 0xe8035e3c8440 : 4 stores
Line 0xe8035e3a6e80 : 1 stores
Line 0xe8035e3a5e80 : 1 stores
Line 0xe8035e3c8340 : 2 stores
Line 0xe8035e3a5dc0 : 1 stores
Line 0xe8035e3c8380 : 6 stores
Line 0xe8035e3a6dc0 : 1 stores
Line 0xe8035e3c82c0 : 5 stores
Line 0xe8035e3a6e40 : 2 stores
Line 0xe8035e3a5e40 : 3 stores
Line 0xe8035e3c8300 : 4 stores
Line 0xe8035e3a6d40 : 1 stores
Line 0xe8035e3a5d40 : 1 stores
Line 0xe8035e3c8200 : 2 stores
Line 0xe8035e3a5c80 : 1 stores
Line 0xe8035e3c8240 : 6 stores
Line 0xe8035e3a6c80 : 1 stores
Line 0xe8035e3c8180 : 5 stores
Line 0xe8035e3a6d00 : 2 stores
Line 0xe8035e3a5d00 : 3 stores
Line 0xe8035e3c81c0 : 4 stores
Line 0xe8035e3a6c00 : 1 stores
Line 0xe8035e3a5c00 : 1 stores
Line 0xe8035e3c80c0 : 2 stores
Line 0xe8035e3a5b40 : 1 stores
Line 0xe8035e3c8100 : 6 stores
Line 0xe8035e3a6b40 : 1 stores
Line 0xe8035e3c8040 : 5 stores
Line 0xe8035e3c8080 : 4 stores
Line 0xe8035e3a6bc0 : 2 stores
Line 0xe8035e3a5bc0 : 3 stores
Line 0xe8035e3a6ac0 : 1 stores
Line 0xe8035e3a5ac0 : 1 stores
Line 0xe8035e3a5a00 : 1 stores
Line 0xe8035e3a6a00 : 1 stores
Line 0xe8035e3a5a80 : 3 stores
Line 0xe8035e3a6a80 : 2 stores
Line 0xe8035e3a5980 : 1 stores
Line 0xe8035e3a6980 : 1 stores
Line 0xe8035e3a58c0 : 1 stores
Line 0xe8035e3a68c0 : 1 stores
Line 0xe8035e3a5940 : 3 stores
Line 0xe8035e3a6940 : 2 stores
Line 0xe8035e3a5840 : 1 stores
Line 0xe8035e3a6840 : 1 stores
Line 0xe8035e3a5780 : 1 stores
Line 0xe8035e3a6780 : 1 stores
Line 0xe8035e3a5800 : 3 stores
Line 0xe8035e3a6800 : 2 stores
Line 0xe8035e3a5700 : 1 stores
Line 0xe8035e3a6700 : 1 stores
Line 0xe8035e3a5640 : 1 stores
Line 0xe8035e3a6640 : 1 stores
Line 0xe8035e3a56c0 : 3 stores
Line 0xe8035e3a66c0 : 2 stores
Line 0xe8035e3a55c0 : 1 stores
Line 0xe8035e3a65c0 : 1 stores
Line 0xe8035e3a5500 : 1 stores
Line 0xe8035e384fc0 : 1 stores
Line 0xe8035e3a6500 : 1 stores
Line 0xe8035e3a6580 : 2 stores
Line 0xe8035e3a5580 : 3 stores
Line 0xe8035e3a6480 : 1 stores
Line 0xe8035e3a5480 : 1 stores
Line 0xe8035e3a53c0 : 1 stores
Line 0xe8035e384e80 : 1 stores
Line 0xe8035e3a63c0 : 1 stores
Line 0xe8035e3a5440 : 3 stores
Line 0xe8035e3a6440 : 2 stores
Line 0xe8035e3a5340 : 1 stores
Line 0xe8035e3a6340 : 1 stores
Line 0xe8035e3a5280 : 1 stores
Line 0xe8035e384d40 : 1 stores
Line 0xe8035e3a6280 : 1 stores
Line 0xe8035e3a5300 : 3 stores
Line 0xe8035e3a6300 : 2 stores
Line 0xe8035e3a5200 : 1 stores
Line 0xe8035e3a6200 : 1 stores
Line 0xe8035e3c46c0 : 2 stores
Line 0xe8035e3a5140 : 1 stores
Line 0xe8035e3c4700 : 6 stores
Line 0xe8035e3a6140 : 1 stores
Line 0xe8035e3c4640 : 5 stores
Line 0xe8035e3a51c0 : 3 stores
Line 0xe8035e3a61c0 : 2 stores
Line 0xe8035e3c4680 : 4 stores
Line 0xe8035e3a50c0 : 1 stores
Line 0xe8035e3a60c0 : 1 stores
Line 0xe8035e3c4580 : 2 stores
Line 0xe8035e3a5000 : 1 stores
Line 0xe8035e3c45c0 : 6 stores
Line 0xe8035e3a6000 : 1 stores
Line 0xe8035e3c4500 : 5 stores
Line 0xe8035e3a6080 : 2 stores
Line 0xe8035e3a5080 : 3 stores
Line 0xe8035e3c4540 : 4 stores
Line 0xe8035e3a2f80 : 1 stores
Line 0xe8035e3a1f80 : 1 stores
Line 0xe8035e3c4440 : 2 stores
Line 0xe8035e3a1ec0 : 1 stores
Line 0xe8035e3c4480 : 6 stores
Line 0xe8035e3a2ec0 : 1 stores
Line 0xe8035e3c43c0 : 5 stores
Line 0xe8035e3a2f40 : 2 stores
Line 0xe8035e3a1f40 : 3 stores
Line 0xe8035e3c4400 : 4 stores
Line 0xe8035e3a2e40 : 1 stores
Line 0xe8035e3a1e40 : 1 stores
Line 0xe8035e3c4300 : 2 stores
Line 0xe8035e3a1d80 : 1 stores
Line 0xe8035e3c4340 : 6 stores
Line 0xe8035e3a2d80 : 1 stores
Line 0xe8035e3c4280 : 5 stores
Line 0xe8035e3a1e00 : 3 stores
Line 0xe8035e3a2e00 : 2 stores
Line 0xe8035e3c42c0 : 4 stores
Line 0xe8035e3a1d00 : 1 stores
Line 0xe8035e3a2d00 : 1 stores
Line 0xe8035e3c41c0 : 2 stores
Line 0xe8035e3a1c40 : 1 stores
Line 0xe8035e3c4200 : 6 stores
Line 0xe8035e3a2c40 : 1 stores
Line 0xe8035e3c4140 : 5 stores
Line 0xe8035e3a1cc0 : 3 stores
Line 0xe8035e3a2cc0 : 2 stores
Line 0xe8035e3c4180 : 4 stores
Line 0xe8035e3a1bc0 : 1 stores
Line 0xe8035e3a2bc0 : 1 stores
Line 0xe8035e3c4080 : 2 stores
Line 0xe8035e3a1b00 : 1 stores
Line 0xe8035e3c40c0 : 6 stores
Line 0xe8035e3a2b00 : 1 stores
Line 0xe8035e3c4000 : 5 stores
Line 0xe8035e3a1b80 : 3 stores
Line 0xe8035e3a2b80 : 2 stores
Line 0xe8035e3c4040 : 4 stores
Line 0xe8035e3a1a80 : 1 stores
Line 0xe8035e3a2a80 : 1 stores
Line 0xe8035e3a19c0 : 1 stores
Line 0xe8035e3a29c0 : 1 stores
Line 0xe8035e3a1a40 : 3 stores
Line 0xe8035e3a2a40 : 2 stores
Line 0xe8035e3a1940 : 1 stores
Line 0xe8035e3a2940 : 1 stores
Line 0xe8035e3a1880 : 1 stores
Line 0xe8035e3a2880 : 1 stores
Line 0xe8035e3a1900 : 3 stores
Line 0xe8035e3a2900 : 2 stores
Line 0xe8035e3a1800 : 1 stores
Line 0xe8035e3a2800 : 1 stores
Line 0xe8035e3a1740 : 1 stores
Line 0xe8035e3a2740 : 1 stores
Line 0xe8035e3a17c0 : 3 stores
Line 0xe8035e3a27c0 : 2 stores
Line 0xe8035e3a16c0 : 1 stores
Line 0xe8035e3a26c0 : 1 stores
Line 0xe8035e3a1600 : 1 stores
Line 0xe8035e3a2600 : 1 stores
Line 0xe8035e3a1680 : 3 stores
Line 0xe8035e3a2680 : 2 stores
Line 0xe8035e3a1580 : 1 stores
Line 0xe8035e3a2580 : 1 stores
Line 0xe8035e3a14c0 : 1 stores
Line 0xe8035e380f80 : 1 stores
Line 0xe8035e3a24c0 : 1 stores
Line 0xe8035e3a1540 : 3 stores
Line 0xe8035e3a2540 : 2 stores
Line 0xe8035e3a1440 : 1 stores
Line 0xe8035e3a2440 : 1 stores
Line 0xe8035e3a1380 : 1 stores
Line 0xe8035e380e40 : 1 stores
Line 0xe8035e3a2380 : 1 stores
Line 0xe8035e3a1400 : 3 stores
Line 0xe8035e3a2400 : 2 stores
Line 0xe8035e3a1300 : 1 stores
Line 0xe8035e3a2300 : 1 stores
Line 0xe8035e3a1240 : 1 stores
Line 0xe8035e380d00 : 1 stores
Line 0xe8035e3a2240 : 1 stores
Line 0xe8035e3a12c0 : 3 stores
Line 0xe8035e3a22c0 : 2 stores
Line 0xe8035e3a11c0 : 1 stores
Line 0xe8035e3a21c0 : 1 stores
Line 0xe8035e3c0680 : 2 stores
Line 0xe8035e3a1100 : 1 stores
Line 0xe8035e3c06c0 : 6 stores
Line 0xe8035e3a2100 : 1 stores
Line 0xe8035e3c0600 : 5 stores
Line 0xe8035e3a2180 : 2 stores
Line 0xe8035e3a1180 : 3 stores
Line 0xe8035e3c0640 : 4 stores
Line 0xe8035e3a2080 : 1 stores
Line 0xe8035e3a1080 : 1 stores
Line 0xe8035e3c0540 : 2 stores
Line 0xe8035e39dfc0 : 1 stores
Line 0xe8035e3c0580 : 6 stores
Line 0xe8035e3c04c0 : 5 stores
Line 0xe8035e3a2040 : 2 stores
Line 0xe8035e3a1040 : 3 stores
Line 0xe8035e3c0500 : 4 stores
Line 0xe8035e39df40 : 1 stores
Line 0xe8035e3c0400 : 2 stores
Line 0xe8035e39de80 : 1 stores
Line 0xe8035e3c0440 : 6 stores
Line 0xe8035e3c0380 : 5 stores
Line 0xe8035e39df00 : 3 stores
Line 0xe8035e3c03c0 : 4 stores
Line 0xe8035e39de00 : 1 stores
Line 0xe8035e3c02c0 : 2 stores
Line 0xe8035e39dd40 : 1 stores
Line 0xe8035e3c0300 : 6 stores
Line 0xe8035e3c0240 : 5 stores
Line 0xe8035e39ddc0 : 3 stores
Line 0xe8035e3c0280 : 4 stores
Line 0xe8035e39dcc0 : 1 stores
Line 0xe8035e3c0180 : 2 stores
Line 0xe8035e39dc00 : 1 stores
Line 0xe8035e3c01c0 : 6 stores
Line 0xe8035e3c0100 : 5 stores
Line 0xe8035e39dc80 : 3 stores
Line 0xe8035e3c0140 : 4 stores
Line 0xe8035e39db80 : 1 stores
Line 0xe8035e3c0040 : 2 stores
Line 0xe8035e39dac0 : 1 stores
Line 0xe8035e3c0080 : 6 stores
Line 0xe8035e3bcfc0 : 5 stores
Line 0xe8035e39db40 : 3 stores
Line 0xe8035e3c0000 : 4 stores
Line 0xe8035e39da40 : 1 stores
Line 0xe8035e3bcf00 : 2 stores
Line 0xe8035e39d980 : 1 stores
Line 0xe8035e3bd6c0 : 2 stores
Line 0xe8035e3bcf40 : 6 stores
Line 0xe8035e3bce80 : 5 stores
Line 0xe8035e39da00 : 3 stores
Line 0xe8035e3bd640 : 3 stores
Line 0xe8035e3bcec0 : 4 stores
Line 0xe8035e39d900 : 1 stores
Line 0xe8035e3bcdc0 : 2 stores
Line 0xe8035e39d840 : 1 stores
Line 0xe8035e3bd580 : 2 stores
Line 0xe8035e3bce00 : 6 stores
Line 0xe8035e3bcd40 : 5 stores
Line 0xe8035e39d8c0 : 3 stores
Line 0xe8035e3bd500 : 3 stores
Line 0xe8035e3bcd80 : 4 stores
Line 0xe8035e39d7c0 : 1 stores
Line 0xe8035e3bcc80 : 2 stores
Line 0xe8035e39d700 : 1 stores
Line 0xe8035e3bd440 : 2 stores
Line 0xe8035e3bccc0 : 6 stores
Line 0xe8035e3bcc00 : 5 stores
Line 0xe8035e39d780 : 3 stores
Line 0xe8035e3bd3c0 : 3 stores
Line 0xe8035e3bcc40 : 4 stores
Line 0xe8035e39e680 : 1 stores
Line 0xe8035e3bcb40 : 2 stores
Line 0xe8035e3bd300 : 2 stores
Line 0xe8035e3bcb80 : 6 stores
Line 0xe8035e39e5c0 : 1 stores
Line 0xe8035e3bcac0 : 5 stores
Line 0xe8035e39e640 : 2 stores
Line 0xe8035e3bd280 : 3 stores
Line 0xe8035e3bcb00 : 4 stores
Line 0xe8035e39e540 : 1 stores
Line 0xe8035e3bca00 : 2 stores
Line 0xe8035e3bd1c0 : 2 stores
Line 0xe8035e3bca40 : 6 stores
Line 0xe8035e37cf40 : 1 stores
Line 0xe8035e39e480 : 1 stores
Line 0xe8035e3bc980 : 5 stores
Line 0xe8035e39e500 : 2 stores
Line 0xe8035e3bd140 : 3 stores
Line 0xe8035e3bc9c0 : 4 stores
Line 0xe8035e39e400 : 1 stores
Line 0xe8035e3bc8c0 : 2 stores
Line 0xe8035e3bd080 : 2 stores
Line 0xe8035e3bc900 : 6 stores
Line 0xe8035e37ce00 : 1 stores
Line 0xe8035e39e340 : 1 stores
Line 0xe8035e3bd000 : 3 stores
Line 0xe8035e3bc840 : 5 stores
Line 0xe8035e39e3c0 : 2 stores
Line 0xe8035e3bc880 : 4 stores
Line 0xe8035e39e2c0 : 1 stores
Line 0xe8035e3bc780 : 2 stores
Line 0xe8035e3baf40 : 2 stores
Line 0xe8035e3b9f40 : 2 stores
Line 0xe8035e3bc7c0 : 6 stores
Line 0xe8035e37ccc0 : 1 stores
Line 0xe8035e39e200 : 1 stores
Line 0xe8035e3bc700 : 5 stores
Line 0xe8035e39e280 : 2 stores
Line 0xe8035e3baec0 : 4 stores
Line 0xe8035e3b9ec0 : 3 stores
Line 0xe8035e3bc740 : 4 stores
Line 0xe8035e39e180 : 1 stores
Line 0xe8035e3bc640 : 2 stores
Line 0xe8035e3bae00 : 2 stores
Line 0xe8035e3b9e00 : 2 stores
Line 0xe8035e3bc680 : 6 stores
Line 0xe8035e39e0c0 : 1 stores
Line 0xe8035e3bc5c0 : 5 stores
Line 0xe8035e39e140 : 2 stores
Line 0xe8035e3bad80 : 4 stores
Line 0xe8035e3b9d80 : 3 stores
Line 0xe8035e3bc600 : 4 stores
Line 0xe8035e39e040 : 1 stores
Line 0xe8035e3bc500 : 2 stores
Line 0xe8035e399f80 : 1 stores
Line 0xe8035e3b9cc0 : 2 stores
Line 0xe8035e3bacc0 : 2 stores
Line 0xe8035e3bc540 : 6 stores
Line 0xe8035e3bc480 : 5 stores
Line 0xe8035e39e000 : 2 stores
Line 0xe8035e3b9c40 : 3 stores
Line 0xe8035e3bac40 : 4 stores
Line 0xe8035e3bc4c0 : 4 stores
Line 0xe8035e399f00 : 1 stores
Line 0xe8035e3bc3c0 : 2 stores
Line 0xe8035e399e40 : 1 stores
Line 0xe8035e3b9b80 : 2 stores
Line 0xe8035e3bab80 : 2 stores
Line 0xe8035e3bc400 : 6 stores
Line 0xe8035e3bc340 : 5 stores
Line 0xe8035e399ec0 : 3 stores
Line 0xe8035e3b9b00 : 3 stores
Line 0xe8035e3bab00 : 4 stores
Line 0xe8035e3bc380 : 4 stores
Line 0xe8035e399dc0 : 1 stores
Line 0xe8035e3bc280 : 2 stores
Line 0xe8035e399d00 : 1 stores
Line 0xe8035e3b9a40 : 2 stores
Line 0xe8035e3baa40 : 2 stores
Line 0xe8035e3bc2c0 : 6 stores
Line 0xe8035e3bc200 : 5 stores
Line 0xe8035e399d80 : 3 stores
Line 0xe8035e3b99c0 : 3 stores
Line 0xe8035e3ba9c0 : 4 stores
Line 0xe8035e3bc240 : 4 stores
Line 0xe8035e399c80 : 1 stores
Line 0xe8035e3bc140 : 2 stores
Line 0xe8035e399bc0 : 1 stores
Line 0xe8035e3b9900 : 2 stores
Line 0xe8035e3ba900 : 2 stores
Line 0xe8035e3bc180 : 6 stores
Line 0xe8035e3bc0c0 : 5 stores
Line 0xe8035e399c40 : 3 stores
Line 0xe8035e3b9880 : 3 stores
Line 0xe8035e3ba880 : 4 stores
Line 0xe8035e3bc100 : 4 stores
Line 0xe8035e399b40 : 1 stores
Line 0xe8035e3bc000 : 2 stores
Line 0xe8035e399a80 : 1 stores
Line 0xe8035e3b97c0 : 2 stores
Line 0xe8035e3ba7c0 : 2 stores
Line 0xe8035e3bc040 : 6 stores
Line 0xe8035e3b8f80 : 5 stores
Line 0xe8035e399b00 : 3 stores
Line 0xe8035e3b9740 : 3 stores
Line 0xe8035e3ba740 : 4 stores
Line 0xe8035e3b8fc0 : 4 stores
Line 0xe8035e399a00 : 1 stores
Line 0xe8035e3b8ec0 : 2 stores
Line 0xe8035e399940 : 1 stores
Line 0xe8035e3b9680 : 2 stores
Line 0xe8035e3ba680 : 2 stores
Line 0xe8035e3b8f00 : 6 stores
Line 0xe8035e3b8e40 : 5 stores
Line 0xe8035e3999c0 : 3 stores
Line 0xe8035e3b9600 : 3 stores
Line 0xe8035e3ba600 : 4 stores
Line 0xe8035e3b8e80 : 4 stores
Line 0xe8035e3998c0 : 1 stores
Line 0xe8035e3b8d80 : 2 stores
Line 0xe8035e399800 : 1 stores
Line 0xe8035e3b9540 : 2 stores
Line 0xe8035e3ba540 : 2 stores
Line 0xe8035e3b8dc0 : 6 stores
Line 0xe8035e3b8d00 : 5 stores
Line 0xe8035e399880 : 3 stores
Line 0xe8035e3b94c0 : 3 stores
Line 0xe8035e3ba4c0 : 4 stores
Line 0xe8035e3b8d40 : 4 stores
Line 0xe8035e399780 : 1 stores
Line 0xe8035e3b8c40 : 2 stores
Line 0xe8035e3996c0 : 1 stores
Line 0xe8035e3b9400 : 2 stores
Line 0xe8035e3ba400 : 2 stores
Line 0xe8035e3b8c80 : 6 stores
Line 0xe8035e3b8bc0 : 5 stores
Line 0xe8035e399740 : 3 stores
Line 0xe8035e3b9380 : 3 stores
Line 0xe8035e3ba380 : 4 stores
Line 0xe8035e3b8c00 : 4 stores
Line 0xe8035e39a640 : 1 stores
Line 0xe8035e3b8b00 : 2 stores
Line 0xe8035e3b92c0 : 2 stores
Line 0xe8035e3ba2c0 : 2 stores
Line 0xe8035e3b8b40 : 6 stores
Line 0xe8035e39a580 : 1 stores
Line 0xe8035e3b8a80 : 5 stores
Line 0xe8035e39a600 : 2 stores
Line 0xe8035e3ba240 : 4 stores
Line 0xe8035e3b9240 : 3 stores
Line 0xe8035e3b8ac0 : 4 stores
Line 0xe8035e39a500 : 1 stores
Line 0xe8035e3b89c0 : 2 stores
Line 0xe8035e3ba180 : 2 stores
Line 0xe8035e3b9180 : 2 stores
Line 0xe8035e3b8a00 : 6 stores
Line 0xe8035e39a440 : 1 stores
Line 0xe8035e3b8940 : 5 stores
Line 0xe8035e39a4c0 : 2 stores
Line 0xe8035e3ba100 : 4 stores
Line 0xe8035e3b9100 : 3 stores
Line 0xe8035e3b8980 : 4 stores
Line 0xe8035e39a3c0 : 1 stores
Line 0xe8035e3b8880 : 2 stores
Line 0xe8035e3ba040 : 2 stores
Line 0xe8035e3b9040 : 2 stores
Line 0xe8035e3b88c0 : 6 stores
Line 0xe8035e39a300 : 1 stores
Line 0xe8035e3b8800 : 5 stores
Line 0xe8035e39a380 : 2 stores
Line 0xe8035e3b5fc0 : 4 stores
Line 0xe8035e3b6fc0 : 3 stores
Line 0xe8035e3b8840 : 4 stores
Line 0xe8035e39a280 : 1 stores
Line 0xe8035e3b8740 : 2 stores
Line 0xe8035e3b5f00 : 2 stores
Line 0xe8035e3b6f00 : 2 stores
Line 0xe8035e3b8780 : 6 stores
Line 0xe8035e39a1c0 : 1 stores
Line 0xe8035e3b86c0 : 5 stores
Line 0xe8035e39a240 : 2 stores
Line 0xe8035e3b5e80 : 4 stores
Line 0xe8035e3b6e80 : 3 stores
Line 0xe8035e3b8700 : 4 stores
Line 0xe8035e39a140 : 1 stores
Line 0xe8035e3b8600 : 2 stores
Line 0xe8035e3b5dc0 : 2 stores
Line 0xe8035e3b6dc0 : 2 stores
Line 0xe8035e3b8640 : 6 stores
Line 0xe8035e39a080 : 1 stores
Line 0xe8035e3b8580 : 5 stores
Line 0xe8035e39a100 : 2 stores
Line 0xe8035e3b5d40 : 4 stores
Line 0xe8035e3b6d40 : 3 stores
Line 0xe8035e3b85c0 : 4 stores
Line 0xe8035e39a000 : 1 stores
Line 0xe8035e3b84c0 : 2 stores
Line 0xe8035e3b5c80 : 2 stores
Line 0xe8035e3b6c80 : 2 stores
Line 0xe8035e3b8500 : 6 stores
Line 0xe8035e3b8440 : 5 stores
Line 0xe8035e3b5c00 : 4 stores
Line 0xe8035e3b6c00 : 3 stores
Line 0xe8035e3b8480 : 4 stores
Line 0xe8035e3b8380 : 2 stores
Line 0xe8035e3b5b40 : 2 stores
Line 0xe8035e3b6b40 : 2 stores
Line 0xe8035e3b83c0 : 6 stores
Line 0xe8035e3b8300 : 5 stores
Line 0xe8035e3b5ac0 : 4 stores
Line 0xe8035e3b6ac0 : 3 stores
Line 0xe8035e3b8340 : 4 stores
Line 0xe8035e3b8240 : 2 stores
Line 0xe8035e3b5a00 : 2 stores
Line 0xe8035e3b6a00 : 2 stores
Line 0xe8035e3b8280 : 6 stores
Line 0xe8035e3b81c0 : 5 stores
Line 0xe8035e3b5980 : 4 stores
Line 0xe8035e3b6980 : 3 stores
Line 0xe8035e3b8200 : 4 stores
Line 0xe8035e395c40 : 1 stores
Line 0xe8035e3b8100 : 2 stores
Line 0xe8035e395b80 : 1 stores
Line 0xe8035e3b68c0 : 2 stores
Line 0xe8035e3b58c0 : 2 stores
Line 0xe8035e3b8140 : 6 stores
Line 0xe8035e3b8080 : 5 stores
Line 0xe8035e395c00 : 3 stores
Line 0xe8035e3b6840 : 3 stores
Line 0xe8035e3b5840 : 4 stores
Line 0xe8035e3b80c0 : 4 stores
Line 0xe8035e395b00 : 1 stores
Line 0xe8035e3b4fc0 : 2 stores
Line 0xe8035e395a40 : 1 stores
Line 0xe8035e3b6780 : 2 stores
Line 0xe8035e3b8000 : 6 stores
Line 0xe8035e3b5780 : 2 stores
Line 0xe8035e3b4f40 : 5 stores
Line 0xe8035e395ac0 : 3 stores
Line 0xe8035e3b6700 : 3 stores
Line 0xe8035e3b5700 : 4 stores
Line 0xe8035e3b4f80 : 4 stores
Line 0xe8035e3959c0 : 1 stores
Line 0xe8035e3b4e80 : 2 stores
Line 0xe8035e395900 : 1 stores
Line 0xe8035e3b6640 : 2 stores
Line 0xe8035e3b5640 : 2 stores
Line 0xe8035e3b4ec0 : 6 stores
Line 0xe8035e3b4e00 : 5 stores
Line 0xe8035e395980 : 3 stores
Line 0xe8035e3b65c0 : 3 stores
Line 0xe8035e3b55c0 : 4 stores
Line 0xe8035e3b4e40 : 4 stores
Line 0xe8035e395880 : 1 stores
Line 0xe8035e3b4d40 : 2 stores
Line 0xe8035e3957c0 : 1 stores
Line 0xe8035e3b6500 : 2 stores
Line 0xe8035e3b5500 : 2 stores
Line 0xe8035e3b4d80 : 6 stores
Line 0xe8035e3b4cc0 : 5 stores
Line 0xe8035e395840 : 3 stores
Line 0xe8035e3b6480 : 3 stores
Line 0xe8035e3b5480 : 4 stores
Line 0xe8035e3b4d00 : 4 stores
Line 0xe8035e395740 : 1 stores
Line 0xe8035e3b4c00 : 2 stores
Line 0xe8035e3b63c0 : 2 stores
Line 0xe8035e3b53c0 : 2 stores
Line 0xe8035e3b4c40 : 6 stores
Line 0xe8035e3b4b80 : 5 stores
Line 0xe8035e395700 : 3 stores
Line 0xe8035e3b6340 : 3 stores
Line 0xe8035e3b5340 : 4 stores
Line 0xe8035e3b4bc0 : 4 stores
Line 0xe8035e3b4ac0 : 2 stores
Line 0xe8035e3b6280 : 2 stores
Line 0xe8035e3b5280 : 2 stores
Line 0xe8035e3b4b00 : 6 stores
Line 0xe8035e3b4a40 : 5 stores
Line 0xe8035e3b6200 : 3 stores
Line 0xe8035e3b5200 : 4 stores
Line 0xe8035e3b4a80 : 4 stores
Line 0xe8035e3b4980 : 2 stores
Line 0xe8035e3b6140 : 2 stores
Line 0xe8035e3b5140 : 2 stores
Line 0xe8035e3b49c0 : 6 stores
Line 0xe8035e3b4900 : 5 stores
Line 0xe8035e3b60c0 : 3 stores
Line 0xe8035e3b50c0 : 4 stores
Line 0xe8035e3b4940 : 4 stores
Line 0xe8035e3b4840 : 2 stores
Line 0xe8035e3b6000 : 2 stores
Line 0xe8035e3b5000 : 2 stores
Line 0xe8035e3b4880 : 6 stores
Line 0xe8035e3b47c0 : 5 stores
Line 0xe8035e3b2f80 : 3 stores
Line 0xe8035e3b1f80 : 4 stores
Line 0xe8035e3b4800 : 4 stores
Line 0xe8035e3b4700 : 2 stores
Line 0xe8035e3b1ec0 : 2 stores
Line 0xe8035e3b2ec0 : 2 stores
Line 0xe8035e3b4740 : 6 stores
Line 0xe8035e3b4680 : 5 stores
Line 0xe8035e3b1e40 : 4 stores
Line 0xe8035e3b2e40 : 3 stores
Line 0xe8035e3b46c0 : 4 stores
Line 0xe8035e3b45c0 : 2 stores
Line 0xe8035e3b1d80 : 2 stores
Line 0xe8035e3b2d80 : 2 stores
Line 0xe8035e3b4600 : 6 stores
Line 0xe8035e3b4540 : 5 stores
Line 0xe8035e3b1d00 : 4 stores
Line 0xe8035e3b2d00 : 3 stores
Line 0xe8035e3b4580 : 4 stores
Line 0xe8035e3b4480 : 2 stores
Line 0xe8035e3b1c40 : 2 stores
Line 0xe8035e3b2c40 : 2 stores
Line 0xe8035e3b44c0 : 6 stores
Line 0xe8035e3b4400 : 5 stores
Line 0xe8035e3b1bc0 : 4 stores
Line 0xe8035e3b2bc0 : 3 stores
Line 0xe8035e3b4440 : 4 stores
Line 0xe8035e3b4340 : 2 stores
Line 0xe8035e3b1b00 : 2 stores
Line 0xe8035e3b2b00 : 2 stores
Line 0xe8035e3b4380 : 6 stores
Line 0xe8035e3b42c0 : 5 stores
Line 0xe8035e3b1a80 : 4 stores
Line 0xe8035e3b2a80 : 3 stores
Line 0xe8035e3b4300 : 4 stores
Line 0xe8035e3b4200 : 2 stores
Line 0xe8035e3b19c0 : 2 stores
Line 0xe8035e3b29c0 : 2 stores
Line 0xe8035e3b4240 : 6 stores
Line 0xe8035e3b4180 : 5 stores
Line 0xe8035e3b1940 : 4 stores
Line 0xe8035e3b2940 : 3 stores
Line 0xe8035e3b41c0 : 4 stores
Line 0xe8035e391c00 : 1 stores
Line 0xe8035e3b40c0 : 2 stores
Line 0xe8035e3b1880 : 2 stores
Line 0xe8035e3b2880 : 2 stores
Line 0xe8035e3b4100 : 6 stores
Line 0xe8035e391b40 : 1 stores
Line 0xe8035e3b4040 : 5 stores
Line 0xe8035e3b4080 : 4 stores
Line 0xe8035e391bc0 : 2 stores
Line 0xe8035e3b1800 : 4 stores
Line 0xe8035e3b2800 : 3 stores
Line 0xe8035e391ac0 : 1 stores
Line 0xe8035e3b0f80 : 2 stores
Line 0xe8035e3b1740 : 2 stores
Line 0xe8035e3b2740 : 2 stores
Line 0xe8035e3b0fc0 : 6 stores
Line 0xe8035e391a00 : 1 stores
Line 0xe8035e3b0f00 : 5 stores
Line 0xe8035e391a80 : 2 stores
Line 0xe8035e3b26c0 : 3 stores
Line 0xe8035e3b16c0 : 4 stores
Line 0xe8035e3b0f40 : 4 stores
Line 0xe8035e391980 : 1 stores
Line 0xe8035e3b0e40 : 2 stores
Line 0xe8035e3b2600 : 2 stores
Line 0xe8035e3b1600 : 2 stores
Line 0xe8035e3b0e80 : 6 stores
Line 0xe8035e3918c0 : 1 stores
Line 0xe8035e3b0dc0 : 5 stores
Line 0xe8035e391940 : 2 stores
Line 0xe8035e3b2580 : 3 stores
Line 0xe8035e3b1580 : 4 stores
Line 0xe8035e3b0e00 : 4 stores
Line 0xe8035e391840 : 1 stores
Line 0xe8035e3b0d00 : 2 stores
Line 0xe8035e3b24c0 : 2 stores
Line 0xe8035e3b14c0 : 2 stores
Line 0xe8035e3b0d40 : 6 stores
Line 0xe8035e391780 : 1 stores
Line 0xe8035e3b0c80 : 5 stores
Line 0xe8035e391800 : 2 stores
Line 0xe8035e3b2440 : 3 stores
Line 0xe8035e3b1440 : 4 stores
Line 0xe8035e3b0cc0 : 4 stores
Line 0xe8035e391700 : 1 stores
Line 0xe8035e3b0bc0 : 2 stores
Line 0xe8035e3b2380 : 2 stores
Line 0xe8035e3b1380 : 2 stores
Line 0xe8035e3b0c00 : 6 stores
Line 0xe8035e3b0b40 : 5 stores
Line 0xe8035e3916c0 : 2 stores
Line 0xe8035e3b2300 : 3 stores
Line 0xe8035e3b1300 : 4 stores
Line 0xe8035e3b0b80 : 4 stores
Line 0xe8035e3b0a80 : 2 stores
Line 0xe8035e3b2240 : 2 stores
Line 0xe8035e3b1240 : 2 stores
Line 0xe8035e3dd700 : 3 stores
Line 0xd79e62995fc0 : 1 stores
Line 0xe8035e3b0ac0 : 6 stores
Line 0xe8035e3b0a00 : 5 stores
Line 0xe8035e3b21c0 : 3 stores
Line 0xe8035e3b11c0 : 4 stores
Line 0xe8035e3b0a40 : 4 stores
Line 0xe8035e3b0940 : 2 stores
Line 0xe8035e3b2100 : 2 stores
Line 0xe8035e3b1100 : 2 stores
Line 0xe8035e3dd5c0 : 3 stores
Line 0xd79e62995e80 : 1 stores
Line 0xe8035e3b0980 : 6 stores
Line 0xe8035e3b08c0 : 5 stores
Line 0xe8035e3b2080 : 3 stores
Line 0xe8035e3b1080 : 4 stores
Line 0xe8035e3b0900 : 4 stores
Line 0xe8035e3b0800 : 2 stores
Line 0xe8035e3aefc0 : 2 stores
Line 0xe8035e3adfc0 : 2 stores
Line 0xe8035e3dd480 : 3 stores
Line 0xd79e62995d40 : 1 stores
Line 0xe8035e3b0840 : 6 stores
Line 0xe8035e3b0780 : 5 stores
Line 0xe8035e3aef40 : 3 stores
Line 0xe8035e3adf40 : 4 stores
Line 0xe8035e3b07c0 : 4 stores
Line 0xe8035e3b06c0 : 2 stores
Line 0xe8035e3aee80 : 2 stores
Line 0xe8035e3ade80 : 2 stores
Line 0xe8035e3dd340 : 3 stores
Line 0xd79e62995c00 : 1 stores
Line 0xe8035e3b0700 : 6 stores
Line 0xe8035e3b0640 : 5 stores
Line 0xe8035e3aee00 : 3 stores
Line 0xe8035e3ade00 : 4 stores
Line 0xe8035e3b0680 : 4 stores
Line 0xe8035e3b0580 : 2 stores
Line 0xe8035e3aed40 : 2 stores
Line 0xe8035e3add40 : 2 stores
Line 0xe8035e3dd200 : 3 stores
Line 0xd79e62995ac0 : 1 stores
Line 0xe8035e3b05c0 : 6 stores
Line 0xe8035e3b0500 : 5 stores
Line 0xe8035e3aecc0 : 3 stores
Line 0xe8035e3adcc0 : 4 stores
Line 0xe8035e3b0540 : 4 stores
Line 0xe8035e3b0440 : 2 stores
Line 0xe8035e3aec00 : 2 stores
Line 0xe8035e3adc00 : 2 stores
Line 0xe8035e3dd0c0 : 3 stores
Line 0xd79e62995980 : 1 stores
Line 0xe8035e3b0480 : 6 stores
Line 0xe8035e3b03c0 : 5 stores
Line 0xe8035e3aeb80 : 3 stores
Line 0xe8035e3adb80 : 4 stores
Line 0xe8035e3b0400 : 4 stores
Line 0xe8035e3b0300 : 2 stores
Line 0xe8035e3aeac0 : 2 stores
Line 0xe8035e3adac0 : 2 stores
Line 0xe8035e3dcf80 : 4 stores
Line 0xd79e62995840 : 1 stores
Line 0xe8035e3b0340 : 6 stores
Line 0xe8035e3b0280 : 5 stores
Line 0xe8035e3aea40 : 3 stores
Line 0xe8035e3ada40 : 4 stores
Line 0xe8035e3b02c0 : 4 stores
Line 0xe8035e3b01c0 : 2 stores
Line 0xe8035e38dc40 : 1 stores
Line 0xe8035e3ae980 : 2 stores
Line 0xe8035e3ad980 : 2 stores
Line 0xe8035e3dce40 : 4 stores
Line 0xd79e62995700 : 1 stores
Line 0xe8035e3b0200 : 6 stores
Line 0xe8035e3b0140 : 5 stores
Line 0xe8035e3ae900 : 3 stores
Line 0xe8035e3ad900 : 4 stores
Line 0xe8035e3b0180 : 4 stores
Line 0xe8035e38dbc0 : 1 stores
Line 0xe8035e3b0080 : 2 stores
Line 0xe8035e38db00 : 1 stores
Line 0xe8035e3ae840 : 2 stores
Line 0xe8035e3ad840 : 2 stores
Line 0xe8035e3dcd00 : 4 stores
Line 0xd79e629955c0 : 1 stores
Line 0xe8035e3b00c0 : 6 stores
Line 0xe8035e3b0000 : 5 stores
Line 0xe8035e38db80 : 3 stores
Line 0xe8035e3ae7c0 : 3 stores
Line 0xe8035e3ad7c0 : 4 stores
Line 0xe8035e3b0040 : 4 stores
Line 0xe8035e38da80 : 1 stores
Line 0xe8035e3acf40 : 2 stores
Line 0xe8035e38d9c0 : 1 stores
Line 0xe8035e3ae700 : 2 stores
Line 0xe8035e3ad700 : 2 stores
Line 0xe8035e3dcbc0 : 4 stores
Line 0xd79e62995480 : 1 stores
Line 0xe8035e3acf80 : 6 stores
Line 0xe8035e3acec0 : 5 stores
Line 0xe8035e38da40 : 3 stores
Line 0xe8035e3ad680 : 4 stores
Line 0xe8035e3ae680 : 3 stores
Line 0xe8035e3acf00 : 4 stores
Line 0xe8035e38d940 : 1 stores
Line 0xe8035e3ace00 : 2 stores
Line 0xe8035e38d880 : 1 stores
Line 0xe8035e3ad5c0 : 2 stores
Line 0xe8035e3ae5c0 : 2 stores
Line 0xe8035e3ace40 : 6 stores
Line 0xe8035e3dca80 : 4 stores
Line 0xd79e62995340 : 1 stores
Line 0xe8035e3acd80 : 5 stores
Line 0xe8035e38d900 : 3 stores
Line 0xe8035e3ad540 : 4 stores
Line 0xe8035e3ae540 : 3 stores
Line 0xe8035e3acdc0 : 4 stores
Line 0xe8035e38d800 : 1 stores
Line 0xe8035e3accc0 : 2 stores
Line 0xe8035e38d740 : 1 stores
Line 0xe8035e3ad480 : 2 stores
Line 0xe8035e3ae480 : 2 stores
Line 0xe8035e3acd00 : 6 stores
Line 0xe8035e3dc940 : 4 stores
Line 0xd79e62995200 : 1 stores
Line 0xe8035e3acc40 : 5 stores
Line 0xe8035e38d7c0 : 3 stores
Line 0xe8035e3ad400 : 4 stores
Line 0xe8035e3ae400 : 3 stores
Line 0xe8035e3acc80 : 4 stores
Line 0xe8035e38d6c0 : 1 stores
Line 0xe8035e3acb80 : 2 stores
Line 0xe8035e38d600 : 1 stores
Line 0xe8035e3ad340 : 2 stores
Line 0xe8035e3ae340 : 2 stores
Line 0xe8035e3acbc0 : 6 stores
Line 0xe8035e3dc800 : 4 stores
Line 0xd79e629950c0 : 1 stores
Line 0xe8035e3acb00 : 5 stores
Line 0xe8035e38d680 : 3 stores
Line 0xe8035e3ad2c0 : 4 stores
Line 0xe8035e3ae2c0 : 3 stores
Line 0xe8035e3acb40 : 4 stores
Line 0xe8035e38d580 : 1 stores
Line 0xe8035e3aca40 : 2 stores
Line 0xe8035e38d4c0 : 1 stores
Line 0xe8035e3ae200 : 2 stores
Line 0xe8035e3ad200 : 2 stores
Line 0xe8035e3d96c0 : 4 stores
Line 0xd79e62991f80 : 1 stores
Line 0xe8035e3aca80 : 6 stores
Line 0xe8035e3ac9c0 : 5 stores
Line 0xe8035e38d540 : 3 stores
Line 0xe8035e3ae180 : 3 stores
Line 0xe8035e3ad180 : 4 stores
Line 0xe8035e3aca00 : 4 stores
Line 0xe8035e38d440 : 1 stores
Line 0xe8035e3ac900 : 2 stores
Line 0xe8035e38d380 : 1 stores
Line 0xe8035e3ae0c0 : 2 stores
Line 0xe8035e3ad0c0 : 2 stores
Line 0xe8035e3d9580 : 4 stores
Line 0xd79e62991e40 : 1 stores
Line 0xe8035e3ac940 : 6 stores
Line 0xe8035e3ac880 : 5 stores
Line 0xe8035e38d400 : 3 stores
Line 0xe8035e3ae040 : 3 stores
Line 0xe8035e3ad040 : 4 stores
Line 0xe8035e3ac8c0 : 4 stores
Line 0xe8035e38d300 : 1 stores
Line 0xe8035e3ac7c0 : 2 stores
Line 0xe8035e38d240 : 1 stores
Line 0xe8035e3a9f80 : 2 stores
Line 0xe8035e3aaf80 : 2 stores
Line 0xe8035e3d9440 : 4 stores
Line 0xd79e62991d00 : 1 stores
Line 0xe8035e3ac800 : 6 stores
Line 0xe8035e3ac740 : 5 stores
Line 0xe8035e38d2c0 : 3 stores
Line 0xe8035e3a9f00 : 3 stores
Line 0xe8035e3aaf00 : 4 stores
Line 0xe8035e3ac780 : 4 stores
Line 0xe8035e38d1c0 : 1 stores
Line 0xe8035e3ac680 : 2 stores
Line 0xe8035e38d100 : 1 stores
Line 0xe8035e3aae40 : 2 stores
Line 0xe8035e3a9e40 : 2 stores
Line 0xe8035e3ac6c0 : 6 stores
Line 0xe8035e3d9300 : 4 stores
Line 0xd79e62991bc0 : 1 stores
Line 0xe8035e3ac600 : 5 stores
Line 0xe8035e38d180 : 3 stores
Line 0xe8035e3aadc0 : 4 stores
Line 0xe8035e3a9dc0 : 3 stores
Line 0xe8035e3ac640 : 4 stores
Line 0xe8035e38d080 : 1 stores
Line 0xe8035e3ac540 : 2 stores
Line 0xe8035e3aad00 : 2 stores
Line 0xe8035e3a9d00 : 2 stores
Line 0xe8035e3ac580 : 6 stores
Line 0xe8035e3d91c0 : 4 stores
Line 0xd79e62991a80 : 1 stores
Line 0xe8035e3ac4c0 : 5 stores
Line 0xe8035e38d040 : 3 stores
Line 0xe8035e3aac80 : 4 stores
Line 0xe8035e3a9c80 : 3 stores
Line 0xe8035e3ac500 : 4 stores
Line 0xe8035e3ac400 : 2 stores
Line 0xe8035e3aabc0 : 2 stores
Line 0xe8035e3a9bc0 : 2 stores
Line 0xe8035e3ac440 : 6 stores
Line 0xe8035e3d9080 : 4 stores
Line 0xd79e62991940 : 1 stores
Line 0xe8035e3ac380 : 5 stores
Line 0xe8035e3a9b40 : 3 stores
Line 0xe8035e3aab40 : 4 stores
Line 0xe8035e3ac3c0 : 4 stores
Line 0xe8035e3ac2c0 : 2 stores
Line 0xe8035e3a9a80 : 2 stores
Line 0xe8035e3aaa80 : 2 stores
Line 0xe8035e3d8f40 : 4 stores
Line 0xd79e62991800 : 1 stores
Line 0xe8035e3ac300 : 6 stores
Line 0xe8035e3ac240 : 5 stores
Line 0xe8035e3a9a00 : 3 stores
Line 0xe8035e3aaa00 : 4 stores
Line 0xe8035e3ac280 : 4 stores
Line 0xe8035e3ac180 : 2 stores
Line 0xe8035e389c00 : 1 stores
Line 0xe8035e3a9940 : 2 stores
Line 0xe8035e3aa940 : 2 stores
Line 0xe8035e3d8e00 : 4 stores
Line 0xd79e629916c0 : 1 stores
Line 0xe8035e3ac1c0 : 6 stores
Line 0xe8035e3ac100 : 5 stores
Line 0xe8035e3a98c0 : 3 stores
Line 0xe8035e3aa8c0 : 4 stores
Line 0xe8035e3ac140 : 4 stores
Line 0xe8035e389b80 : 1 stores
Line 0xe8035e3ac040 : 2 stores
Line 0xe8035e389ac0 : 1 stores
Line 0xe8035e3a9800 : 2 stores
Line 0xe8035e3aa800 : 2 stores
Line 0xe8035e3d8cc0 : 4 stores
Line 0xd79e62991580 : 1 stores
Line 0xe8035e3ac080 : 6 stores
Line 0xe8035e3a8fc0 : 5 stores
Line 0xe8035e389b40 : 3 stores
Line 0xe8035e3a9780 : 3 stores
Line 0xe8035e3ac000 : 4 stores
Line 0xe8035e3aa780 : 4 stores
Line 0xe8035e389a40 : 1 stores
Line 0xe8035e3a8f00 : 2 stores
Line 0xe8035e389980 : 1 stores
Line 0xe8035e3a96c0 : 2 stores
Line 0xe8035e3aa6c0 : 2 stores
Line 0xe8035e3d8b80 : 4 stores
Line 0xd79e62991440 : 1 stores
Line 0xe8035e3a8f40 : 6 stores
Line 0xe8035e3a8e80 : 5 stores
Line 0xe8035e389a00 : 3 stores
Line 0xe8035e3a9640 : 3 stores
Line 0xe8035e3aa640 : 4 stores
Line 0xe8035e3a8ec0 : 4 stores
Line 0xe8035e389900 : 1 stores
Line 0xe8035e3a8dc0 : 2 stores
Line 0xe8035e389840 : 1 stores
Line 0xe8035e3a9580 : 2 stores
Line 0xe8035e3aa580 : 2 stores
Line 0xe8035e3d8a40 : 4 stores
Line 0xd79e62991300 : 1 stores
Line 0xe8035e3a8e00 : 6 stores
Line 0xe8035e3a8d40 : 5 stores
Line 0xe8035e3898c0 : 3 stores
Line 0xe8035e3a9500 : 3 stores
Line 0xe8035e3aa500 : 4 stores
Line 0xe8035e3a8d80 : 4 stores
Line 0xe8035e3897c0 : 1 stores
Line 0xe8035e3a8c80 : 2 stores
Line 0xe8035e389700 : 1 stores
Line 0xe8035e3a9440 : 2 stores
Line 0xe8035e3aa440 : 2 stores
Line 0xe8035e3d8900 : 4 stores
Line 0xd79e629911c0 : 1 stores
Line 0xe8035e3a8cc0 : 6 stores
Line 0xe8035e3a8c00 : 5 stores
Line 0xe8035e389780 : 3 stores
Line 0xe8035e3a93c0 : 3 stores
Line 0xe8035e3aa3c0 : 4 stores
Line 0xe8035e3a8c40 : 4 stores
Line 0xe8035e389680 : 1 stores
Line 0xe8035e3a8b40 : 2 stores
Line 0xe8035e3895c0 : 1 stores
Line 0xe8035e3a9300 : 2 stores
Line 0xe8035e3aa300 : 2 stores
Line 0xe8035e3d87c0 : 4 stores
Line 0xd79e62991080 : 1 stores
Line 0xe8035e3a8b80 : 6 stores
Line 0xe8035e3a8ac0 : 5 stores
Line 0xe8035e389640 : 3 stores
Line 0xe8035e3a9280 : 3 stores
Line 0xe8035e3aa280 : 4 stores
Line 0xe8035e3a8b00 : 4 stores
Line 0xe8035e389540 : 1 stores
Line 0xe8035e3a8a00 : 2 stores
Line 0xe8035e389480 : 1 stores
Line 0xe8035e3aa1c0 : 2 stores
Line 0xe8035e3a91c0 : 2 stores
Line 0xe8035e3a8a40 : 6 stores
Line 0xe8035e3d5680 : 4 stores
Line 0xd79e6298df40 : 1 stores
Line 0xe8035e3a8980 : 5 stores
Line 0xe8035e389500 : 3 stores
Line 0xe8035e3aa140 : 4 stores
Line 0xe8035e3a9140 : 3 stores
Line 0xe8035e3a89c0 : 4 stores
Line 0xe8035e389400 : 1 stores
Line 0xe8035e3a88c0 : 2 stores
Line 0xe8035e389340 : 1 stores
Line 0xe8035e3aa080 : 2 stores
Line 0xe8035e3a9080 : 2 stores
Line 0xe8035e3a8900 : 6 stores
Line 0xe8035e3d5540 : 4 stores
Line 0xd79e6298de00 : 1 stores
Line 0xe8035e3aa000 : 4 stores
Line 0xe8035e3a9000 : 3 stores
Line 0xe8035e3a8840 : 5 stores
Line 0xe8035e3893c0 : 3 stores
Line 0xe8035e3a8880 : 4 stores
Line 0xe8035e3892c0 : 1 stores
Line 0xe8035e3a8780 : 2 stores
Line 0xe8035e389200 : 1 stores
Line 0xe8035e3a6f40 : 2 stores
Line 0xe8035e3a5f40 : 2 stores
Line 0xe8035e3a87c0 : 6 stores
Line 0xe8035e3d5400 : 4 stores
Line 0xd79e6298dcc0 : 1 stores
Line 0xe8035e3a8700 : 5 stores
Line 0xe8035e389280 : 3 stores
Line 0xe8035e3a6ec0 : 4 stores
Line 0xe8035e3a5ec0 : 3 stores
Line 0xe8035e3a8740 : 4 stores
Line 0xe8035e389180 : 1 stores
Line 0xe8035e3a8640 : 2 stores
Line 0xe8035e3890c0 : 1 stores
Line 0xe8035e3a6e00 : 2 stores
Line 0xe8035e3a5e00 : 2 stores
Line 0xe8035e3a8680 : 6 stores
Line 0xe8035e3d52c0 : 4 stores
Line 0xd79e6298db80 : 1 stores
Line 0xe8035e3a85c0 : 5 stores
Line 0xe8035e389140 : 3 stores
Line 0xe8035e3a6d80 : 4 stores
Line 0xe8035e3a5d80 : 3 stores
Line 0xe8035e3a8600 : 4 stores
Line 0xe8035e389040 : 1 stores
Line 0xe8035e3a8500 : 2 stores
Line 0xe8035e3a6cc0 : 2 stores
Line 0xe8035e3a5cc0 : 2 stores
Line 0xe8035e3a8540 : 6 stores
Line 0xe8035e3d5180 : 4 stores
Line 0xd79e6298da40 : 1 stores
Line 0xe8035e3a8480 : 5 stores
Line 0xe8035e389000 : 3 stores
Line 0xe8035e3a6c40 : 4 stores
Line 0xe8035e3a5c40 : 3 stores
Line 0xe8035e3a84c0 : 4 stores
Line 0xe8035e3a83c0 : 2 stores
Line 0xe8035e3a6b80 : 2 stores
Line 0xe8035e3a5b80 : 2 stores
Line 0xe8035e3a8400 : 6 stores
Line 0xe8035e3d5040 : 4 stores
Line 0xd79e6298d900 : 1 stores
Line 0xe8035e3a8340 : 5 stores
Line 0xe8035e3a6b00 : 4 stores
Line 0xe8035e3a5b00 : 3 stores
Line 0xe8035e3a8380 : 4 stores
Line 0xe8035e3a8280 : 2 stores
Line 0xe8035e3a6a40 : 2 stores
Line 0xe8035e3a5a40 : 2 stores
Line 0xe8035e3a82c0 : 6 stores
Line 0xe8035e3d4f00 : 4 stores
Line 0xd79e6298d7c0 : 1 stores
Line 0xe8035e3a8200 : 5 stores
Line 0xe8035e3a59c0 : 3 stores
Line 0xe8035e3a69c0 : 4 stores
Line 0xe8035e3a8240 : 4 stores
Line 0xe8035e3a8140 : 2 stores
Line 0xe8035e385bc0 : 1 stores
Line 0xe8035e3a5900 : 2 stores
Line 0xe8035e3a6900 : 2 stores
Line 0xe8035e3d4dc0 : 4 stores
Line 0xd79e6298d680 : 1 stores
Line 0xe8035e3a8180 : 6 stores
Line 0xe8035e3a80c0 : 5 stores
Line 0xe8035e385c40 : 3 stores
Line 0xe8035e3a5880 : 3 stores
Line 0xe8035e3a6880 : 4 stores
Line 0xe8035e3a8100 : 4 stores
Line 0xe8035e385b40 : 1 stores
Line 0xe8035e3a8000 : 2 stores
Line 0xe8035e385a80 : 1 stores
Line 0xe8035e3a57c0 : 2 stores
Line 0xe8035e3a67c0 : 2 stores
Line 0xe8035e3a8040 : 6 stores
Line 0xe8035e3d4c80 : 4 stores
Line 0xd79e6298d540 : 1 stores
Line 0xe8035e3a4f80 : 5 stores
Line 0xe8035e385b00 : 3 stores
Line 0xe8035e3a5740 : 3 stores
Line 0xe8035e3a6740 : 4 stores
Line 0xe8035e3a4fc0 : 4 stores
Line 0xe8035e385a00 : 1 stores
Line 0xe8035e3a4ec0 : 2 stores
Line 0xe8035e385940 : 1 stores
Line 0xe8035e3a5680 : 2 stores
Line 0xe8035e3a6680 : 2 stores
Line 0xe8035e3d4b40 : 4 stores
Line 0xd79e6298d400 : 1 stores
Line 0xe8035e3a4f00 : 6 stores
Line 0xe8035e3a4e40 : 5 stores
Line 0xe8035e3859c0 : 3 stores
Line 0xe8035e3a5600 : 3 stores
Line 0xe8035e3a6600 : 4 stores
Line 0xe8035e3a4e80 : 4 stores
Line 0xe8035e3858c0 : 1 stores
Line 0xe8035e3a4d80 : 2 stores
Line 0xe8035e385800 : 1 stores
Line 0xe8035e3a6540 : 2 stores
Line 0xe8035e3a5540 : 2 stores
Line 0xe8035e3a4dc0 : 6 stores
Line 0xe8035e3d4a00 : 4 stores
Line 0xd79e6298d2c0 : 1 stores
Line 0xe8035e3a4d00 : 5 stores
Line 0xe8035e385880 : 3 stores
Line 0xe8035e3a64c0 : 4 stores
Line 0xe8035e3a54c0 : 3 stores
Line 0xe8035e3a4d40 : 4 stores
Line 0xe8035e385780 : 1 stores
Line 0xe8035e3a4c40 : 2 stores
Line 0xe8035e3856c0 : 1 stores
Line 0xe8035e3a5400 : 2 stores
Line 0xe8035e3a6400 : 2 stores
Line 0xe8035e3d48c0 : 4 stores
Line 0xd79e6298d180 : 1 stores
Line 0xe8035e3a4c80 : 6 stores
Line 0xe8035e3a4bc0 : 5 stores
Line 0xe8035e385740 : 3 stores
Line 0xe8035e3a5380 : 3 stores
Line 0xe8035e3a6380 : 4 stores
Line 0xe8035e3a4c00 : 4 stores
Line 0xe8035e385640 : 1 stores
Line 0xe8035e3a4b00 : 2 stores
Line 0xe8035e385580 : 1 stores
Line 0xe8035e3a52c0 : 2 stores
Line 0xe8035e3a62c0 : 2 stores
Line 0xe8035e3d4780 : 4 stores
Line 0xd79e6298d040 : 1 stores
Line 0xe8035e3a4b40 : 6 stores
Line 0xe8035e3a4a80 : 5 stores
Line 0xe8035e385600 : 3 stores
Line 0xe8035e3a5240 : 3 stores
Line 0xe8035e3a6240 : 4 stores
Line 0xe8035e3a4ac0 : 4 stores
Line 0xe8035e385500 : 1 stores
Line 0xe8035e3a49c0 : 2 stores
Line 0xe8035e385440 : 1 stores
Line 0xe8035e3a5180 : 2 stores
Line 0xe8035e3a6180 : 2 stores
Line 0xe8035e3d1640 : 4 stores
Line 0xd79e62989f00 : 1 stores
Line 0xe8035e3a4a00 : 6 stores
Line 0xe8035e3a4940 : 5 stores
Line 0xe8035e3854c0 : 3 stores
Line 0xe8035e3a6100 : 4 stores
Line 0xe8035e3a5100 : 3 stores
Line 0xe8035e3a4980 : 4 stores
Line 0xe8035e3853c0 : 1 stores
Line 0xe8035e3a4880 : 2 stores
Line 0xe8035e3a6040 : 2 stores
Line 0xe8035e3a5040 : 2 stores
Line 0xe8035e385300 : 1 stores
Line 0xe8035e3a48c0 : 6 stores
Line 0xe8035e3d1500 : 4 stores
Line 0xd79e62989dc0 : 1 stores
Line 0xe8035e3a4800 : 5 stores
Line 0xe8035e385380 : 3 stores
Line 0xe8035e3a2fc0 : 4 stores
Line 0xe8035e3a1fc0 : 3 stores
Line 0xe8035e3a4840 : 4 stores
Line 0xe8035e385280 : 1 stores
Line 0xe8035e3a4740 : 2 stores
Line 0xe8035e3851c0 : 1 stores
Line 0xe8035e3a2f00 : 2 stores
Line 0xe8035e3a1f00 : 2 stores
Line 0xe8035e3a4780 : 6 stores
Line 0xe8035e3d13c0 : 4 stores
Line 0xd79e62989c80 : 1 stores
Line 0xe8035e3a46c0 : 5 stores
Line 0xe8035e385240 : 3 stores
Line 0xe8035e3a2e80 : 4 stores
Line 0xe8035e3a1e80 : 3 stores
Line 0xe8035e3a4700 : 4 stores
Line 0xe8035e385140 : 1 stores
Line 0xe8035e3a4600 : 2 stores
Line 0xe8035e385080 : 1 stores
Line 0xe8035e3a2dc0 : 2 stores
Line 0xe8035e3a1dc0 : 2 stores
Line 0xe8035e3a4640 : 6 stores
Line 0xe8035e3d1280 : 4 stores
Line 0xd79e62989b40 : 1 stores
Line 0xe8035e3a4580 : 5 stores
Line 0xe8035e385100 : 3 stores
Line 0xe8035e3a2d40 : 4 stores
Line 0xe8035e3a1d40 : 3 stores
Line 0xe8035e3a45c0 : 4 stores
Line 0xe8035e385000 : 1 stores
Line 0xe8035e3a44c0 : 2 stores
Line 0xe8035e3a1c80 : 2 stores
Line 0xe8035e3a2c80 : 2 stores
Line 0xe8035e3d1140 : 4 stores
Line 0xd79e62989a00 : 1 stores
Line 0xe8035e3a4500 : 6 stores
Line 0xe8035e3a4440 : 5 stores
Line 0xe8035e3a1c00 : 3 stores
Line 0xe8035e3a2c00 : 4 stores
Line 0xe8035e3a4480 : 4 stores
Line 0xe8035e3a4380 : 2 stores
Line 0xe8035e3a1b40 : 2 stores
Line 0xe8035e3a2b40 : 2 stores
Line 0xe8035e3d1000 : 4 stores
Line 0xd79e629898c0 : 1 stores
Line 0xe8035e3a43c0 : 6 stores
Line 0xe8035e3a4300 : 5 stores
Line 0xe8035e3a1ac0 : 3 stores
Line 0xe8035e3a2ac0 : 4 stores
Line 0xe8035e3a4340 : 4 stores
Line 0xe8035e3a4240 : 2 stores
Line 0xe8035e3a1a00 : 2 stores
Line 0xe8035e3a2a00 : 2 stores
Line 0xe8035e3d0ec0 : 4 stores
Line 0xd79e62989780 : 1 stores
Line 0xe8035e3a4280 : 6 stores
Line 0xe8035e3a41c0 : 5 stores
Line 0xe8035e3a1980 : 3 stores
Line 0xe8035e3a2980 : 4 stores
Line 0xe8035e3a4200 : 4 stores
Line 0xe8035e381c40 : 1 stores
Line 0xe8035e3a4100 : 2 stores
Line 0xe8035e381b80 : 1 stores
Line 0xe8035e3a18c0 : 2 stores
Line 0xe8035e3a28c0 : 2 stores
Line 0xe8035e3d0d80 : 4 stores
Line 0xd79e62989640 : 1 stores
Line 0xe8035e3a4140 : 6 stores
Line 0xe8035e3a4080 : 5 stores
Line 0xe8035e381c00 : 3 stores
Line 0xe8035e3a1840 : 3 stores
Line 0xe8035e3a2840 : 4 stores
Line 0xe8035e3a40c0 : 4 stores
Line 0xe8035e381b00 : 1 stores
Line 0xe8035e3a0fc0 : 2 stores
Line 0xe8035e381a40 : 1 stores
Line 0xe8035e3a1780 : 2 stores
Line 0xe8035e3a2780 : 2 stores
Line 0xe8035e3a4000 : 6 stores
Line 0xe8035e3d0c40 : 4 stores
Line 0xd79e62989500 : 1 stores
Line 0xe8035e3a0f40 : 5 stores
Line 0xe8035e381ac0 : 3 stores
Line 0xe8035e3a1700 : 3 stores
Line 0xe8035e3a2700 : 4 stores
Line 0xe8035e3a0f80 : 4 stores
Line 0xe8035e3819c0 : 1 stores
Line 0xe8035e3a0e80 : 2 stores
Line 0xe8035e381900 : 1 stores
Line 0xe8035e3a1640 : 2 stores
Line 0xe8035e3a2640 : 2 stores
Line 0xe8035e3d0b00 : 4 stores
Line 0xd79e629893c0 : 1 stores
Line 0xe8035e3a0ec0 : 6 stores
Line 0xe8035e3a0e00 : 5 stores
Line 0xe8035e381980 : 3 stores
Line 0xe8035e3a15c0 : 3 stores
Line 0xe8035e3a25c0 : 4 stores
Line 0xe8035e3a0e40 : 4 stores
Line 0xe8035e381880 : 1 stores
Line 0xe8035e3a0d40 : 2 stores
Line 0xe8035e3817c0 : 1 stores
Line 0xe8035e3a1500 : 2 stores
Line 0xe8035e3a2500 : 2 stores
Line 0xe8035e3d09c0 : 4 stores
Line 0xd79e62989280 : 1 stores
Line 0xe8035e3a0d80 : 6 stores
Line 0xe8035e3a0cc0 : 5 stores
Line 0xe8035e381840 : 3 stores
Line 0xe8035e3a1480 : 3 stores
Line 0xe8035e3a2480 : 4 stores
Line 0xe8035e3a0d00 : 4 stores
Line 0xe8035e381740 : 1 stores
Line 0xe8035e3a0c00 : 2 stores
Line 0xe8035e381680 : 1 stores
Line 0xe8035e3a13c0 : 2 stores
Line 0xe8035e3a23c0 : 2 stores
Line 0xe8035e3d0880 : 4 stores
Line 0xd79e62989140 : 1 stores
Line 0xe8035e3a0c40 : 6 stores
Line 0xe8035e3a0b80 : 5 stores
Line 0xe8035e381700 : 3 stores
Line 0xe8035e3a1340 : 3 stores
Line 0xe8035e3a2340 : 4 stores
Line 0xe8035e3a0bc0 : 4 stores
Line 0xe8035e381600 : 1 stores
Line 0xe8035e3a0ac0 : 2 stores
Line 0xe8035e381540 : 1 stores
Line 0xe8035e3a1280 : 2 stores
Line 0xe8035e3a2280 : 2 stores
Line 0xe8035e3d0740 : 4 stores
Line 0xd79e62989000 : 1 stores
Line 0xe8035e3a0b00 : 6 stores
Line 0xe8035e3a0a40 : 5 stores
Line 0xe8035e3815c0 : 3 stores
Line 0xe8035e3a1200 : 3 stores
Line 0xe8035e3a2200 : 4 stores
Line 0xe8035e3a0a80 : 4 stores
Line 0xe8035e3814c0 : 1 stores
Line 0xe8035e3a0980 : 2 stores
Line 0xe8035e381400 : 1 stores
Line 0xe8035e3a2140 : 2 stores
Line 0xe8035e3a1140 : 2 stores
Line 0xe8035e3a09c0 : 6 stores
Line 0xe8035e3cd600 : 3 stores
Line 0xd79e62985ec0 : 1 stores
Line 0xe8035e3a0900 : 5 stores
Line 0xe8035e381480 : 3 stores
Line 0xe8035e3a20c0 : 4 stores
Line 0xe8035e3a10c0 : 3 stores
Line 0xe8035e3a0940 : 4 stores
Line 0xe8035e381380 : 1 stores
Line 0xe8035e3a0840 : 2 stores
Line 0xe8035e3a2000 : 2 stores
Line 0xe8035e3a1000 : 2 stores
Line 0xe8035e3812c0 : 1 stores
Line 0xe8035e3a0880 : 6 stores
Line 0xe8035e3cd4c0 : 3 stores
Line 0xd79e62985d80 : 1 stores
Line 0xe8035e3a07c0 : 5 stores
Line 0xe8035e381340 : 3 stores
Line 0xe8035e39df80 : 3 stores
Line 0xe8035e3a0800 : 4 stores
Line 0xe8035e381240 : 1 stores
Line 0xe8035e3a0700 : 2 stores
Line 0xe8035e381180 : 1 stores
Line 0xe8035e39dec0 : 2 stores
Line 0xe8035e3a0740 : 6 stores
Line 0xe8035e3cd380 : 3 stores
Line 0xd79e62985c40 : 1 stores
Line 0xe8035e381200 : 3 stores
Line 0xe8035e39de40 : 3 stores
Line 0xe8035e3a06c0 : 4 stores
Line 0xe8035e381100 : 1 stores
Line 0xe8035e381040 : 1 stores
Line 0xe8035e39dd80 : 2 stores
Line 0xe8035e3cd240 : 3 stores
Line 0xd79e62985b00 : 1 stores
Line 0xe8035e3810c0 : 3 stores
Line 0xe8035e39dd00 : 3 stores
Line 0xe8035e39dc40 : 2 stores
Line 0xe8035e3cd100 : 3 stores
Line 0xd79e629859c0 : 1 stores
Line 0xe8035e39dbc0 : 3 stores
Line 0xe8035e39db00 : 2 stores
Line 0xe8035e3ccfc0 : 4 stores
Line 0xd79e62985880 : 1 stores
Line 0xe8035e39da80 : 3 stores
Line 0xe8035e39d9c0 : 2 stores
Line 0xe8035e3cce80 : 4 stores
Line 0xd79e62985740 : 1 stores
Line 0xe8035e39d940 : 3 stores
Line 0xe8035e37dc00 : 1 stores
Line 0xe8035e39d880 : 2 stores
Line 0xe8035e3ccd40 : 4 stores
Line 0xd79e62985600 : 1 stores
Line 0xe8035e37db40 : 1 stores
Line 0xe8035e37dbc0 : 2 stores
Line 0xe8035e39d800 : 3 stores
Line 0xe8035e37dac0 : 1 stores
Line 0xe8035e39d740 : 2 stores
Line 0xe8035e3ccc00 : 4 stores
Line 0xd79e629854c0 : 1 stores
Line 0xe8035e37da00 : 1 stores
Line 0xe8035e37da80 : 2 stores
Line 0xe8035e39d6c0 : 3 stores
Line 0xe8035e37d980 : 1 stores
Line 0xe8035e39e600 : 2 stores
Line 0xe8035e3ccac0 : 4 stores
Line 0xd79e62985380 : 1 stores
Line 0xe8035e37d8c0 : 1 stores
Line 0xe8035e37d940 : 2 stores
Line 0xe8035e39e580 : 4 stores
Line 0xe8035e37d840 : 1 stores
Line 0xe8035e39e4c0 : 2 stores
Line 0xe8035e3cc980 : 4 stores
Line 0xd79e62985240 : 1 stores
Line 0xe8035e37d780 : 1 stores
Line 0xe8035e37d800 : 2 stores
Line 0xe8035e39e440 : 4 stores
Line 0xe8035e37d700 : 1 stores
Line 0xe8035e39e380 : 2 stores
Line 0xe8035e3cc840 : 4 stores
Line 0xd79e62985100 : 1 stores
Line 0xe8035e37d640 : 1 stores
Line 0xe8035e37d6c0 : 2 stores
Line 0xe8035e39e300 : 4 stores
Line 0xe8035e37d5c0 : 1 stores
Line 0xe8035e39e240 : 2 stores
Line 0xe8035e3c9700 : 4 stores
Line 0xd79e62981fc0 : 1 stores
Line 0xe8035e37d500 : 1 stores
Line 0xe8035e37d580 : 2 stores
Line 0xe8035e39e1c0 : 4 stores
Line 0xe8035e37d480 : 1 stores
Line 0xe8035e39e100 : 2 stores
Line 0xe8035e39e080 : 4 stores
Line 0xe8035e3c95c0 : 4 stores
Line 0xd79e62981e80 : 1 stores
Line 0xe8035e37d3c0 : 1 stores
Line 0xe8035e37d440 : 2 stores
Line 0xe8035e37d340 : 1 stores
Line 0xe8035e399fc0 : 2 stores
Line 0xe8035e3c9480 : 4 stores
Line 0xd79e62981d40 : 1 stores
Line 0xe8035e37d280 : 1 stores
Line 0xe8035e37d300 : 2 stores
Line 0xe8035e399f40 : 3 stores
Line 0xe8035e37d200 : 1 stores
Line 0xe8035e399e80 : 2 stores
Line 0xe8035e3c9340 : 4 stores
Line 0xd79e62981c00 : 1 stores
Line 0xe8035e37d140 : 1 stores
Line 0xe8035e37d1c0 : 2 stores
Line 0xe8035e399e00 : 3 stores
Line 0xe8035e37d0c0 : 1 stores
Line 0xe8035e399d40 : 2 stores
Line 0xe8035e3c9200 : 4 stores
Line 0xd79e62981ac0 : 1 stores
Line 0xe8035e37d000 : 1 stores
Line 0xe8035e37d080 : 2 stores
Line 0xe8035e399cc0 : 3 stores
Line 0xe8035e399c00 : 2 stores
Line 0xe8035e3c90c0 : 4 stores
Line 0xd79e62981980 : 1 stores
Line 0xe8035e399b80 : 3 stores
Line 0xe8035e399ac0 : 2 stores
Line 0xe8035e3c8f80 : 4 stores
Line 0xd79e62981840 : 1 stores
Line 0xe8035e399a40 : 3 stores
Line 0xe8035e399980 : 2 stores
Line 0xe8035e3c8e40 : 4 stores
Line 0xd79e62981700 : 1 stores
Line 0xe8035e399900 : 3 stores
Line 0xe8035e399840 : 2 stores
Line 0xe8035e3c8d00 : 4 stores
Line 0xd79e629815c0 : 1 stores
Line 0xe8035e3997c0 : 3 stores
Line 0xe8035e399700 : 2 stores
Line 0xe8035e3c8bc0 : 4 stores
Line 0xd79e62981480 : 1 stores
Line 0xe8035e39a680 : 4 stores
Line 0xe8035e39a5c0 : 2 stores
Line 0xe8035e3c8a80 : 4 stores
Line 0xd79e62981340 : 1 stores
Line 0xe8035e39a540 : 4 stores
Line 0xe8035e39a480 : 2 stores
Line 0xe8035e3c8940 : 4 stores
Line 0xd79e62981200 : 1 stores
Line 0xe8035e39a400 : 4 stores
Line 0xe8035e39a340 : 2 stores
Line 0xe8035e3c8800 : 4 stores
Line 0xd79e629810c0 : 1 stores
Line 0xe8035e39a2c0 : 4 stores
Line 0xe8035e39a200 : 2 stores
Line 0xe8035e3c56c0 : 4 stores
Line 0xd79e6297df80 : 1 stores
Line 0xe8035e39a180 : 4 stores
Line 0xe8035e39a0c0 : 2 stores
Line 0xe8035e3c5580 : 4 stores
Line 0xd79e6297de40 : 1 stores
Line 0xe8035e39a040 : 4 stores
Line 0xe8035e3c5440 : 4 stores
Line 0xd79e6297dd00 : 1 stores
Line 0xe8035e3c5300 : 4 stores
Line 0xd79e6297dbc0 : 1 stores
Line 0xe8035e3c51c0 : 4 stores
Line 0xd79e6297da80 : 1 stores
Line 0xe8035e395bc0 : 2 stores
Line 0xe8035e3c5080 : 4 stores
Line 0xd79e6297d940 : 1 stores
Line 0xe8035e395b40 : 3 stores
Line 0xe8035e395a80 : 2 stores
Line 0xe8035e3c4f40 : 4 stores
Line 0xd79e6297d800 : 1 stores
Line 0xe8035e395a00 : 3 stores
Line 0xe8035e395940 : 2 stores
Line 0xe8035e3c4e00 : 4 stores
Line 0xd79e6297d6c0 : 1 stores
Line 0xe8035e3958c0 : 3 stores
Line 0xe8035e395800 : 2 stores
Line 0xe8035e3c4cc0 : 4 stores
Line 0xd79e6297d580 : 1 stores
Line 0xe8035e395780 : 3 stores
Line 0xe8035e3956c0 : 2 stores
Line 0xe8035e3c4b80 : 4 stores
Line 0xd79e6297d440 : 1 stores
Line 0xe8035e3c4a40 : 4 stores
Line 0xd79e6297d300 : 1 stores
Line 0xe8035e3c4900 : 4 stores
Line 0xd79e6297d1c0 : 1 stores
Line 0xe8035e3c47c0 : 4 stores
Line 0xd79e6297d080 : 1 stores
Line 0xe8035e3c1680 : 4 stores
Line 0xd79e62979f40 : 1 stores
Line 0xe8035e3c1540 : 4 stores
Line 0xd79e62979e00 : 1 stores
Line 0xe8035e3c1400 : 4 stores
Line 0xd79e62979cc0 : 1 stores
Line 0xe8035e3c12c0 : 4 stores
Line 0xd79e62979b80 : 1 stores
Line 0xe8035e3c1180 : 4 stores
Line 0xd79e62979a40 : 1 stores
Line 0xe8035e3de6c0 : 1 stores
Line 0xd79e62996f80 : 1 stores
Line 0xe8035e391c40 : 4 stores
Line 0xe8035e3de640 : 2 stores
Line 0xd79e62996f00 : 1 stores
Line 0xe8035e391b80 : 2 stores
Line 0xe8035e3c1040 : 4 stores
Line 0xd79e62979900 : 1 stores
Line 0xe8035e3de580 : 1 stores
Line 0xd79e62996e40 : 1 stores
Line 0xe8035e3de600 : 1 stores
Line 0xd79e62996ec0 : 2 stores
Line 0xe8035e391b00 : 4 stores
Line 0xe8035e3de500 : 2 stores
Line 0xd79e62996dc0 : 1 stores
Line 0xe8035e391a40 : 2 stores
Line 0xe8035e3c0f00 : 4 stores
Line 0xd79e629797c0 : 1 stores
Line 0xe8035e3de440 : 1 stores
Line 0xd79e62996d00 : 1 stores
Line 0xe8035e3de4c0 : 1 stores
Line 0xd79e62996d80 : 2 stores
Line 0xe8035e3919c0 : 4 stores
Line 0xe8035e3de3c0 : 2 stores
Line 0xd79e62996c80 : 1 stores
Line 0xe8035e391900 : 2 stores
Line 0xe8035e3c0dc0 : 4 stores
Line 0xd79e62979680 : 1 stores
Line 0xe8035e3de300 : 1 stores
Line 0xd79e62996bc0 : 1 stores
Line 0xe8035e3de380 : 1 stores
Line 0xd79e62996c40 : 2 stores
Line 0xe8035e391880 : 4 stores
Line 0xe8035e3de280 : 2 stores
Line 0xd79e62996b40 : 1 stores
Line 0xe8035e3917c0 : 2 stores
Line 0xe8035e3c0c80 : 4 stores
Line 0xd79e62979540 : 1 stores
Line 0xe8035e3de1c0 : 1 stores
Line 0xd79e62996a80 : 1 stores
Line 0xe8035e3de240 : 1 stores
Line 0xd79e62996b00 : 2 stores
Line 0xe8035e391740 : 4 stores
Line 0xe8035e3de140 : 2 stores
Line 0xd79e62996a00 : 1 stores
Line 0xe8035e3c0b40 : 4 stores
Line 0xd79e62979400 : 1 stores
Line 0xe8035e3de080 : 1 stores
Line 0xd79e62996940 : 1 stores
Line 0xe8035e3de100 : 1 stores
Line 0xd79e629969c0 : 2 stores
Line 0xe8035e3de000 : 2 stores
Line 0xd79e629968c0 : 1 stores
Line 0xe8035e3c0a00 : 4 stores
Line 0xd79e629792c0 : 1 stores
Line 0xe8035e3ddf40 : 3 stores
Line 0xd79e62996800 : 1 stores
Line 0xe8035e3ddfc0 : 3 stores
Line 0xd79e62996880 : 2 stores
Line 0xe8035e3ddec0 : 1 stores
Line 0xd79e62996780 : 1 stores
Line 0xe8035e3c08c0 : 4 stores
Line 0xd79e62979180 : 1 stores
Line 0xe8035e3dde00 : 3 stores
Line 0xd79e629966c0 : 1 stores
Line 0xe8035e3dde80 : 3 stores
Line 0xd79e62996740 : 2 stores
Line 0xe8035e3ddd80 : 1 stores
Line 0xd79e62996640 : 1 stores
Line 0xe8035e3c0780 : 4 stores
Line 0xd79e62979040 : 1 stores
Line 0xe8035e3ddcc0 : 3 stores
Line 0xd79e62996580 : 1 stores
Line 0xe8035e3ddd40 : 3 stores
Line 0xd79e62996600 : 2 stores
Line 0xe8035e3ddc40 : 1 stores
Line 0xd79e62996500 : 1 stores
Line 0xe8035e3ddb80 : 3 stores
Line 0xd79e62996440 : 1 stores
Line 0xe8035e3ddc00 : 3 stores
Line 0xd79e629964c0 : 2 stores
Line 0xe8035e3ddb00 : 1 stores
Line 0xd79e629963c0 : 1 stores
Line 0xe8035e3dda40 : 3 stores
Line 0xd79e62996300 : 1 stores
Line 0xe8035e3ddac0 : 3 stores
Line 0xd79e62996380 : 2 stores
Line 0xe8035e3dd9c0 : 1 stores
Line 0xd79e62996280 : 1 stores
Line 0xe8035e3dd900 : 3 stores
Line 0xd79e629961c0 : 1 stores
Line 0xe8035e3dd980 : 3 stores
Line 0xd79e62996240 : 2 stores
Line 0xe8035e3dd880 : 1 stores
Line 0xd79e62996140 : 1 stores
Line 0xe8035e3dd7c0 : 3 stores
Line 0xd79e62996080 : 1 stores
Line 0xe8035e3dd840 : 3 stores
Line 0xd79e62996100 : 2 stores
Line 0xe8035e3dd740 : 1 stores
Line 0xd79e62996000 : 1 stores
Line 0xe8035e3da680 : 1 stores
Line 0xd79e62992f40 : 1 stores
Line 0xd79e62993f40 : 1 stores
Line 0xe8035e3da700 : 1 stores
Line 0xd79e62992fc0 : 3 stores
Line 0xd79e62993fc0 : 2 stores
Line 0xe8035e38dc00 : 3 stores
Line 0xe8035e3da600 : 2 stores
Line 0xd79e62992ec0 : 1 stores
Line 0xd79e62993ec0 : 1 stores
Line 0xe8035e3da540 : 1 stores
Line 0xd79e62992e00 : 1 stores
Line 0xe8035e38db40 : 2 stores
Line 0xd79e62993e00 : 1 stores
Line 0xe8035e3da5c0 : 1 stores
Line 0xd79e62992e80 : 3 stores
Line 0xd79e62993e80 : 2 stores
Line 0xe8035e38dac0 : 3 stores
Line 0xe8035e3da4c0 : 2 stores
Line 0xd79e62992d80 : 1 stores
Line 0xd79e62993d80 : 1 stores
Line 0xe8035e3da400 : 1 stores
Line 0xd79e62992cc0 : 1 stores
Line 0xe8035e38da00 : 2 stores
Line 0xd79e62993cc0 : 1 stores
Line 0xd79e62993d40 : 2 stores
Line 0xe8035e3da480 : 1 stores
Line 0xd79e62992d40 : 3 stores
Line 0xe8035e38d980 : 3 stores
Line 0xd79e62993c40 : 1 stores
Line 0xe8035e3da380 : 2 stores
Line 0xd79e62992c40 : 1 stores
Line 0xe8035e3da2c0 : 1 stores
Line 0xd79e62992b80 : 1 stores
Line 0xe8035e38d8c0 : 2 stores
Line 0xd79e62993b80 : 1 stores
Line 0xd79e62993c00 : 2 stores
Line 0xe8035e3da340 : 1 stores
Line 0xd79e62992c00 : 3 stores
Line 0xe8035e38d840 : 3 stores
Line 0xd79e62993b00 : 1 stores
Line 0xe8035e3da240 : 2 stores
Line 0xd79e62992b00 : 1 stores
Line 0xe8035e38cfc0 : 2 stores
Line 0xe8035e3da180 : 1 stores
Line 0xd79e62992a40 : 1 stores
Line 0xe8035e38d780 : 2 stores
Line 0xd79e62993a40 : 1 stores
Line 0xe8035e38cf40 : 5 stores
Line 0xd79e62993ac0 : 2 stores
Line 0xe8035e3da200 : 1 stores
Line 0xd79e62992ac0 : 3 stores
Line 0xe8035e38d700 : 3 stores
Line 0xe8035e38cf80 : 4 stores
Line 0xd79e629939c0 : 1 stores
Line 0xe8035e3da100 : 2 stores
Line 0xd79e629929c0 : 1 stores
Line 0xe8035e38ce80 : 2 stores
Line 0xe8035e3da040 : 1 stores
Line 0xd79e62992900 : 1 stores
Line 0xe8035e38d640 : 2 stores
Line 0xe8035e38cec0 : 6 stores
Line 0xd79e62993900 : 1 stores
Line 0xe8035e38ce00 : 5 stores
Line 0xd79e62993980 : 2 stores
Line 0xe8035e3da0c0 : 1 stores
Line 0xd79e62992980 : 3 stores
Line 0xe8035e38d5c0 : 3 stores
Line 0xe8035e38ce40 : 4 stores
Line 0xe8035e3dafc0 : 1 stores
Line 0xd79e62993880 : 1 stores
Line 0xe8035e3d9fc0 : 1 stores
Line 0xd79e62992880 : 1 stores
Line 0xe8035e38cd40 : 2 stores
Line 0xe8035e3d9f00 : 2 stores
Line 0xd79e629927c0 : 1 stores
Line 0xe8035e38d500 : 2 stores
Line 0xe8035e38cd80 : 6 stores
Line 0xe8035e3daf00 : 3 stores
Line 0xd79e629937c0 : 1 stores
Line 0xe8035e38ccc0 : 5 stores
Line 0xe8035e3d9f80 : 4 stores
Line 0xd79e62992840 : 3 stores
Line 0xe8035e3daf80 : 3 stores
Line 0xd79e62993840 : 2 stores
Line 0xe8035e38d480 : 3 stores
Line 0xe8035e38cd00 : 4 stores
Line 0xe8035e3d9e80 : 1 stores
Line 0xd79e62992740 : 1 stores
Line 0xe8035e3dae80 : 1 stores
Line 0xd79e62993740 : 1 stores
Line 0xe8035e3d9dc0 : 2 stores
Line 0xd79e62992680 : 1 stores
Line 0xe8035e38d3c0 : 2 stores
Line 0xe8035e3dadc0 : 3 stores
Line 0xd79e62993680 : 1 stores
Line 0xe8035e3d9e40 : 4 stores
Line 0xd79e62992700 : 3 stores
Line 0xe8035e3dae40 : 3 stores
Line 0xd79e62993700 : 2 stores
Line 0xe8035e38d340 : 3 stores
Line 0xe8035e3d9d40 : 1 stores
Line 0xd79e62992600 : 1 stores
Line 0xe8035e3dad40 : 1 stores
Line 0xd79e62993600 : 1 stores
Line 0xe8035e3d9c80 : 2 stores
Line 0xd79e62992540 : 1 stores
Line 0xe8035e38d280 : 2 stores
Line 0xe8035e3dac80 : 3 stores
Line 0xd79e62993540 : 1 stores
Line 0xe8035e3dad00 : 3 stores
Line 0xd79e629935c0 : 2 stores
Line 0xe8035e3d9d00 : 4 stores
Line 0xd79e629925c0 : 3 stores
Line 0xe8035e38d200 : 3 stores
Line 0xe8035e3dac00 : 1 stores
Line 0xd79e629934c0 : 1 stores
Line 0xe8035e3d9c00 : 1 stores
Line 0xd79e629924c0 : 1 stores
Line 0xe8035e3d9b40 : 2 stores
Line 0xd79e62992400 : 1 stores
Line 0xe8035e38d140 : 2 stores
Line 0xe8035e3dab40 : 3 stores
Line 0xd79e62993400 : 1 stores
Line 0xe8035e3dabc0 : 3 stores
Line 0xd79e62993480 : 2 stores
Line 0xe8035e3d9bc0 : 4 stores
Line 0xd79e62992480 : 3 stores
Line 0xe8035e38d0c0 : 3 stores
Line 0xe8035e3daac0 : 1 stores
Line 0xd79e62993380 : 1 stores
Line 0xe8035e3d9ac0 : 1 stores
Line 0xd79e62992380 : 1 stores
Line 0xe8035e38d000 : 2 stores
Line 0xe8035e3d9a00 : 2 stores
Line 0xd79e629922c0 : 1 stores
Line 0xe8035e3daa00 : 3 stores
Line 0xd79e629932c0 : 1 stores
Line 0xe8035e3daa80 : 3 stores
Line 0xd79e62993340 : 2 stores
Line 0xe8035e3d9a80 : 4 stores
Line 0xd79e62992340 : 3 stores
Line 0xe8035e3da980 : 1 stores
Line 0xd79e62993240 : 1 stores
Line 0xe8035e3d9980 : 1 stores
Line 0xd79e62992240 : 1 stores
Line 0xe8035e3d98c0 : 2 stores
Line 0xd79e62992180 : 1 stores
Line 0xe8035e3da8c0 : 3 stores
Line 0xd79e62993180 : 1 stores
Line 0xe8035e3da940 : 3 stores
Line 0xd79e62993200 : 2 stores
Line 0xe8035e3d9940 : 4 stores
Line 0xd79e62992200 : 3 stores
Line 0xe8035e3da840 : 1 stores
Line 0xd79e62993100 : 1 stores
Line 0xe8035e3d9840 : 1 stores
Line 0xd79e62992100 : 1 stores
Line 0xe8035e3d9780 : 2 stores
Line 0xd79e62992040 : 1 stores
Line 0xe8035e3da780 : 3 stores
Line 0xd79e62993040 : 1 stores
Line 0xe8035e3d9800 : 4 stores
Line 0xd79e629920c0 : 3 stores
Line 0xe8035e3da800 : 3 stores
Line 0xd79e629930c0 : 2 stores
Line 0xe8035e3d6700 : 2 stores
Line 0xd79e6298efc0 : 1 stores
Line 0xd79e6298ffc0 : 1 stores
Line 0xe8035e3d6640 : 1 stores
Line 0xd79e6298ef00 : 1 stores
Line 0xe8035e389c40 : 2 stores
Line 0xd79e6298ff00 : 1 stores
Line 0xe8035e3d66c0 : 1 stores
Line 0xd79e6298ef80 : 3 stores
Line 0xd79e6298ff80 : 2 stores
Line 0xe8035e389bc0 : 3 stores
Line 0xe8035e3d65c0 : 2 stores
Line 0xd79e6298ee80 : 1 stores
Line 0xd79e6298fe80 : 1 stores
Line 0xe8035e3d6500 : 1 stores
Line 0xd79e6298edc0 : 1 stores
Line 0xe8035e389b00 : 2 stores
Line 0xd79e6298fdc0 : 1 stores
Line 0xe8035e3d6580 : 1 stores
Line 0xd79e6298ee40 : 3 stores
Line 0xd79e6298fe40 : 2 stores
Line 0xe8035e389a80 : 3 stores
Line 0xe8035e3d6480 : 2 stores
Line 0xd79e6298ed40 : 1 stores
Line 0xd79e6298fd40 : 1 stores
Line 0xe8035e3d63c0 : 1 stores
Line 0xd79e6298ec80 : 1 stores
Line 0xe8035e3899c0 : 2 stores
Line 0xd79e6298fc80 : 1 stores
Line 0xe8035e3d6440 : 1 stores
Line 0xd79e6298ed00 : 3 stores
Line 0xd79e6298fd00 : 2 stores
Line 0xe8035e389940 : 3 stores
Line 0xe8035e3d6340 : 2 stores
Line 0xd79e6298ec00 : 1 stores
Line 0xd79e6298fc00 : 1 stores
Line 0xe8035e3d6280 : 1 stores
Line 0xd79e6298eb40 : 1 stores
Line 0xe8035e389880 : 2 stores
Line 0xd79e6298fb40 : 1 stores
Line 0xe8035e3d6300 : 1 stores
Line 0xd79e6298ebc0 : 3 stores
Line 0xd79e6298fbc0 : 2 stores
Line 0xe8035e389800 : 3 stores
Line 0xe8035e3d6200 : 2 stores
Line 0xd79e6298eac0 : 1 stores
Line 0xd79e6298fac0 : 1 stores
Line 0xe8035e388f80 : 2 stores
Line 0xe8035e3d6140 : 1 stores
Line 0xd79e6298ea00 : 1 stores
Line 0xe8035e389740 : 2 stores
Line 0xe8035e388fc0 : 6 stores
Line 0xd79e6298fa00 : 1 stores
Line 0xe8035e388f00 : 5 stores
Line 0xe8035e3d61c0 : 1 stores
Line 0xd79e6298ea80 : 3 stores
Line 0xd79e6298fa80 : 2 stores
Line 0xe8035e3896c0 : 3 stores
Line 0xe8035e388f40 : 4 stores
Line 0xe8035e3d60c0 : 2 stores
Line 0xd79e6298e980 : 1 stores
Line 0xd79e6298f980 : 1 stores
Line 0xe8035e388e40 : 2 stores
Line 0xe8035e3d6000 : 1 stores
Line 0xd79e6298e8c0 : 1 stores
Line 0xe8035e389600 : 2 stores
Line 0xe8035e388e80 : 6 stores
Line 0xd79e6298f8c0 : 1 stores
Line 0xe8035e388dc0 : 5 stores
Line 0xe8035e3d6080 : 1 stores
Line 0xd79e6298e940 : 3 stores
Line 0xd79e6298f940 : 2 stores
Line 0xe8035e389580 : 3 stores
Line 0xe8035e388e00 : 4 stores
Line 0xe8035e3d5f80 : 1 stores
Line 0xd79e6298e840 : 1 stores
Line 0xe8035e3d6f80 : 1 stores
Line 0xd79e6298f840 : 1 stores
Line 0xe8035e388d00 : 2 stores
Line 0xe8035e3d5ec0 : 2 stores
Line 0xd79e6298e780 : 1 stores
Line 0xe8035e3894c0 : 2 stores
Line 0xe8035e388d40 : 6 stores
Line 0xe8035e3d6ec0 : 3 stores
Line 0xd79e6298f780 : 1 stores
Line 0xe8035e388c80 : 5 stores
Line 0xe8035e3d6f40 : 3 stores
Line 0xd79e6298f800 : 2 stores
Line 0xe8035e3d5f40 : 4 stores
Line 0xd79e6298e800 : 3 stores
Line 0xe8035e389440 : 3 stores
Line 0xe8035e388cc0 : 4 stores
Line 0xe8035e3d6e40 : 1 stores
Line 0xd79e6298f700 : 1 stores
Line 0xe8035e3d5e40 : 1 stores
Line 0xd79e6298e700 : 1 stores
Line 0xe8035e3d5d80 : 2 stores
Line 0xd79e6298e640 : 1 stores
Line 0xe8035e389380 : 2 stores
Line 0xe8035e3d6d80 : 3 stores
Line 0xd79e6298f640 : 1 stores
Line 0xe8035e3d6e00 : 3 stores
Line 0xd79e6298f6c0 : 2 stores
Line 0xe8035e3d5e00 : 4 stores
Line 0xd79e6298e6c0 : 3 stores
Line 0xe8035e389300 : 3 stores
Line 0xe8035e3d6d00 : 1 stores
Line 0xd79e6298f5c0 : 1 stores
Line 0xe8035e3d5d00 : 1 stores
Line 0xd79e6298e5c0 : 1 stores
Line 0xe8035e3d5c40 : 2 stores
Line 0xd79e6298e500 : 1 stores
Line 0xe8035e389240 : 2 stores
Line 0xa1abd7f35fc0 : 1 stores
Line 0xe8035e3d6c40 : 3 stores
Line 0xd79e6298f500 : 1 stores
Line 0xe8035e3d6cc0 : 3 stores
Line 0xd79e6298f580 : 2 stores
Line 0xe8035e3d5cc0 : 4 stores
Line 0xd79e6298e580 : 3 stores
Line 0xe8035e3891c0 : 3 stores
Line 0xe8035e3d6bc0 : 1 stores
Line 0xd79e6298f480 : 1 stores
Line 0xe8035e3d5bc0 : 1 stores
Line 0xd79e6298e480 : 1 stores
Line 0xe8035e3d5b00 : 2 stores
Line 0xd79e6298e3c0 : 1 stores
Line 0xe8035e389100 : 2 stores
Line 0xa1abd7f35e80 : 1 stores
Line 0xe8035e3d6b00 : 3 stores
Line 0xd79e6298f3c0 : 1 stores
Line 0xe8035e389080 : 3 stores
Line 0xe8035e3d6b80 : 3 stores
Line 0xd79e6298f440 : 2 stores
Line 0xe8035e3d5b80 : 4 stores
Line 0xd79e6298e440 : 3 stores
Line 0xe8035e3d6a80 : 1 stores
Line 0xd79e6298f340 : 1 stores
Line 0xe8035e3d5a80 : 1 stores
Line 0xd79e6298e340 : 1 stores
Line 0xe8035e3d59c0 : 2 stores
Line 0xd79e6298e280 : 1 stores
Line 0xa1abd7f35d40 : 1 stores
Line 0xe8035e3d69c0 : 3 stores
Line 0xd79e6298f280 : 1 stores
Line 0xe8035e3d6a40 : 3 stores
Line 0xd79e6298f300 : 2 stores
Line 0xe8035e3d5a40 : 4 stores
Line 0xd79e6298e300 : 3 stores
Line 0xe8035e3d6940 : 1 stores
Line 0xd79e6298f200 : 1 stores
Line 0xe8035e3d5940 : 1 stores
Line 0xd79e6298e200 : 1 stores
Line 0xe8035e3d5880 : 2 stores
Line 0xd79e6298e140 : 1 stores
Line 0xa1abd7f35c00 : 1 stores
Line 0xe8035e3d6880 : 3 stores
Line 0xd79e6298f140 : 1 stores
Line 0xe8035e3d6900 : 3 stores
Line 0xd79e6298f1c0 : 2 stores
Line 0xe8035e3d5900 : 4 stores
Line 0xd79e6298e1c0 : 3 stores
Line 0xe8035e3d6800 : 1 stores
Line 0xd79e6298f0c0 : 1 stores
Line 0xe8035e3d5800 : 1 stores
Line 0xd79e6298e0c0 : 1 stores
Line 0xe8035e3d5740 : 2 stores
Line 0xd79e6298e000 : 1 stores
Line 0xa1abd7f35ac0 : 1 stores
Line 0xe8035e3d6740 : 3 stores
Line 0xd79e6298f000 : 1 stores
Line 0xe8035e3d57c0 : 4 stores
Line 0xd79e6298e080 : 3 stores
Line 0xe8035e3d67c0 : 3 stores
Line 0xd79e6298f080 : 2 stores
Line 0xd79e6298bf80 : 1 stores
Line 0xe8035e3d26c0 : 2 stores
Line 0xd79e6298af80 : 1 stores
Line 0xd79e6298bec0 : 1 stores
Line 0xe8035e385c00 : 2 stores
Line 0xa1abd7f35980 : 1 stores
Line 0xe8035e3d2600 : 1 stores
Line 0xd79e6298aec0 : 1 stores
Line 0xd79e6298bf40 : 3 stores
Line 0xe8035e3d2680 : 1 stores
Line 0xd79e6298af40 : 2 stores
Line 0xe8035e385b80 : 3 stores
Line 0xd79e6298be40 : 1 stores
Line 0xe8035e3d2580 : 2 stores
Line 0xd79e6298ae40 : 1 stores
Line 0xd79e6298bd80 : 1 stores
Line 0xe8035e385ac0 : 2 stores
Line 0xa1abd7f35840 : 1 stores
Line 0xe8035e3d24c0 : 1 stores
Line 0xd79e6298ad80 : 1 stores
Line 0xd79e6298be00 : 3 stores
Line 0xe8035e3d2540 : 1 stores
Line 0xd79e6298ae00 : 2 stores
Line 0xe8035e385a40 : 3 stores
Line 0xd79e6298bd00 : 1 stores
Line 0xe8035e3d2440 : 2 stores
Line 0xd79e6298ad00 : 1 stores
Line 0xd79e6298bc40 : 1 stores
Line 0xe8035e385980 : 2 stores
Line 0xa1abd7f35700 : 1 stores
Line 0xe8035e3d2380 : 1 stores
Line 0xd79e6298ac40 : 1 stores
Line 0xd79e6298bcc0 : 3 stores
Line 0xe8035e3d2400 : 1 stores
Line 0xd79e6298acc0 : 2 stores
Line 0xe8035e385900 : 3 stores
Line 0xd79e6298bbc0 : 1 stores
Line 0xe8035e3d2300 : 2 stores
Line 0xd79e6298abc0 : 1 stores
Line 0xd79e6298bb00 : 1 stores
Line 0xe8035e385840 : 2 stores
Line 0xa1abd7f355c0 : 1 stores
Line 0xe8035e3d2240 : 1 stores
Line 0xd79e6298ab00 : 1 stores
Line 0xe8035e3d22c0 : 1 stores
Line 0xd79e6298ab80 : 2 stores
Line 0xd79e6298bb80 : 3 stores
Line 0xe8035e3857c0 : 3 stores
Line 0xe8035e3d21c0 : 2 stores
Line 0xd79e6298aa80 : 1 stores
Line 0xd79e6298ba80 : 1 stores
Line 0xe8035e384f40 : 2 stores
Line 0xd79e6298b9c0 : 1 stores
Line 0xe8035e385700 : 2 stores
Line 0xa1abd7f35480 : 1 stores
Line 0xe8035e384f80 : 6 stores
Line 0xe8035e3d2100 : 1 stores
Line 0xd79e6298a9c0 : 1 stores
Line 0xe8035e384ec0 : 5 stores
Line 0xd79e6298ba40 : 3 stores
Line 0xe8035e3d2180 : 1 stores
Line 0xd79e6298aa40 : 2 stores
Line 0xe8035e385680 : 3 stores
Line 0xe8035e384f00 : 4 stores
Line 0xd79e6298b940 : 1 stores
Line 0xe8035e3d2080 : 2 stores
Line 0xd79e6298a940 : 1 stores
Line 0xe8035e384e00 : 2 stores
Line 0xe8035e3d2fc0 : 3 stores
Line 0xd79e6298b880 : 1 stores
Line 0xe8035e3855c0 : 2 stores
Line 0xa1abd7f35340 : 1 stores
Line 0xe8035e384e40 : 6 stores
Line 0xe8035e3d1fc0 : 2 stores
Line 0xd79e6298a880 : 1 stores
Line 0xe8035e384d80 : 5 stores
Line 0xd79e6298b900 : 3 stores
Line 0xe8035e3d2040 : 1 stores
Line 0xd79e6298a900 : 2 stores
Line 0xe8035e385540 : 3 stores
Line 0xe8035e384dc0 : 4 stores
Line 0xe8035e3d2f40 : 1 stores
Line 0xd79e6298b800 : 1 stores
Line 0xe8035e3d1f40 : 1 stores
Line 0xd79e6298a800 : 1 stores
Line 0xe8035e384cc0 : 2 stores
Line 0xe8035e3d2e80 : 3 stores
Line 0xd79e6298b740 : 1 stores
Line 0xe8035e385480 : 2 stores
Line 0xe8035e384d00 : 6 stores
Line 0xa1abd7f35200 : 1 stores
Line 0xe8035e3d1e80 : 2 stores
Line 0xd79e6298a740 : 1 stores
Line 0xe8035e3d1f00 : 4 stores
Line 0xd79e6298a7c0 : 2 stores
Line 0xe8035e3d2f00 : 3 stores
Line 0xd79e6298b7c0 : 3 stores
Line 0xe8035e385400 : 3 stores
Line 0xe8035e384c80 : 4 stores
Line 0xe8035e3d1e00 : 1 stores
Line 0xd79e6298a6c0 : 1 stores
Line 0xe8035e3d2e00 : 1 stores
Line 0xd79e6298b6c0 : 1 stores
Line 0xe8035e3d2d40 : 3 stores
Line 0xd79e6298b600 : 1 stores
Line 0xe8035e385340 : 2 stores
Line 0xa1abd7f350c0 : 1 stores
Line 0xe8035e3d1d40 : 2 stores
Line 0xd79e6298a600 : 1 stores
Line 0xe8035e3d1dc0 : 4 stores
Line 0xd79e6298a680 : 2 stores
Line 0xe8035e3d2dc0 : 3 stores
Line 0xd79e6298b680 : 3 stores
Line 0xe8035e3852c0 : 3 stores
Line 0xe8035e3d1cc0 : 1 stores
Line 0xd79e6298a580 : 1 stores
Line 0xe8035e3d2cc0 : 1 stores
Line 0xd79e6298b580 : 1 stores
Line 0xe8035e3d2c00 : 3 stores
Line 0xd79e6298b4c0 : 1 stores
Line 0xe8035e385200 : 2 stores
Line 0xa1abd7f31f80 : 1 stores
Line 0xe8035e3d1c00 : 2 stores
Line 0xd79e6298a4c0 : 1 stores
Line 0xe8035e3d1c80 : 4 stores
Line 0xd79e6298a540 : 2 stores
Line 0xe8035e3d2c80 : 3 stores
Line 0xd79e6298b540 : 3 stores
Line 0xe8035e385180 : 3 stores
Line 0xe8035e3d1b80 : 1 stores
Line 0xd79e6298a440 : 1 stores
Line 0xe8035e3d2b80 : 1 stores
Line 0xd79e6298b440 : 1 stores
Line 0xe8035e3d2ac0 : 3 stores
Line 0xd79e6298b380 : 1 stores
Line 0xe8035e3850c0 : 2 stores
Line 0xa1abd7f31e40 : 1 stores
Line 0xe8035e3d1ac0 : 2 stores
Line 0xd79e6298a380 : 1 stores
Line 0xe8035e385040 : 3 stores
Line 0xe8035e3d1b40 : 4 stores
Line 0xd79e6298a400 : 2 stores
Line 0xe8035e3d2b40 : 3 stores
Line 0xd79e6298b400 : 3 stores
Line 0xe8035e3d1a40 : 1 stores
Line 0xd79e6298a300 : 1 stores
Line 0xe8035e3d2a40 : 1 stores
Line 0xd79e6298b300 : 1 stores
Line 0xe8035e3d2980 : 3 stores
Line 0xd79e6298b240 : 1 stores
Line 0xa1abd7f31d00 : 1 stores
Line 0xe8035e3d1980 : 2 stores
Line 0xd79e6298a240 : 1 stores
Line 0xe8035e3d2a00 : 3 stores
Line 0xd79e6298b2c0 : 3 stores
Line 0xe8035e3d1a00 : 4 stores
Line 0xd79e6298a2c0 : 2 stores
Line 0xe8035e3d2900 : 1 stores
Line 0xd79e6298b1c0 : 1 stores
Line 0xe8035e3d1900 : 1 stores
Line 0xd79e6298a1c0 : 1 stores
Line 0xe8035e3d2840 : 3 stores
Line 0xd79e6298b100 : 1 stores
Line 0xa1abd7f31bc0 : 1 stores
Line 0xe8035e3d1840 : 2 stores
Line 0xd79e6298a100 : 1 stores
Line 0xe8035e3d28c0 : 3 stores
Line 0xd79e6298b180 : 3 stores
Line 0xe8035e3d18c0 : 4 stores
Line 0xd79e6298a180 : 2 stores
Line 0xe8035e3d27c0 : 1 stores
Line 0xd79e6298b080 : 1 stores
Line 0xe8035e3d17c0 : 1 stores
Line 0xd79e6298a080 : 1 stores
Line 0xd79e62987fc0 : 1 stores
Line 0xa1abd7f31a80 : 1 stores
Line 0xe8035e3ce700 : 1 stores
Line 0xd79e62986fc0 : 1 stores
Line 0xe8035e3d2780 : 3 stores
Line 0xd79e6298b040 : 3 stores
Line 0xe8035e3d1780 : 4 stores
Line 0xd79e6298a040 : 2 stores
Line 0xd79e62987f40 : 1 stores
Line 0xe8035e3ce680 : 2 stores
Line 0xd79e62986f40 : 1 stores
Line 0xd79e62987e80 : 1 stores
Line 0xe8035e381bc0 : 2 stores
Line 0xa1abd7f31940 : 1 stores
Line 0xe8035e3ce5c0 : 1 stores
Line 0xd79e62986e80 : 1 stores
Line 0xd79e62987f00 : 3 stores
Line 0xe8035e3ce640 : 1 stores
Line 0xd79e62986f00 : 2 stores
Line 0xe8035e381b40 : 3 stores
Line 0xd79e62987e00 : 1 stores
Line 0xe8035e3ce540 : 2 stores
Line 0xd79e62986e00 : 1 stores
Line 0xd79e62987d40 : 1 stores
Line 0xe8035e381a80 : 2 stores
Line 0xa1abd7f31800 : 1 stores
Line 0xe8035e3ce480 : 1 stores
Line 0xd79e62986d40 : 1 stores
Line 0xd79e62987dc0 : 3 stores
Line 0xe8035e3ce500 : 1 stores
Line 0xd79e62986dc0 : 2 stores
Line 0xe8035e381a00 : 3 stores
Line 0xd79e62987cc0 : 1 stores
Line 0xe8035e3ce400 : 2 stores
Line 0xd79e62986cc0 : 1 stores
Line 0xd79e62987c00 : 1 stores
Line 0xe8035e381940 : 2 stores
Line 0xa1abd7f316c0 : 1 stores
Line 0xe8035e3ce340 : 1 stores
Line 0xd79e62986c00 : 1 stores
Line 0xd79e62987c80 : 3 stores
Line 0xe8035e3ce3c0 : 1 stores
Line 0xd79e62986c80 : 2 stores
Line 0xe8035e3818c0 : 3 stores
Line 0xd79e62987b80 : 1 stores
Line 0xe8035e3ce2c0 : 2 stores
Line 0xd79e62986b80 : 1 stores
Line 0xd79e62987ac0 : 1 stores
Line 0xe8035e381800 : 2 stores
Line 0xa1abd7f31580 : 1 stores
Line 0xe8035e3ce200 : 1 stores
Line 0xd79e62986ac0 : 1 stores
Line 0xe8035e380fc0 : 5 stores
Line 0xd79e62987b40 : 3 stores
Line 0xe8035e3ce280 : 1 stores
Line 0xd79e62986b40 : 2 stores
Line 0xe8035e381780 : 3 stores
Line 0xd79e62987a40 : 1 stores
Line 0xe8035e3ce180 : 2 stores
Line 0xd79e62986a40 : 1 stores
Line 0xe8035e380f00 : 2 stores
Line 0xd79e62987980 : 1 stores
Line 0xe8035e3816c0 : 2 stores
Line 0xa1abd7f31440 : 1 stores
Line 0xe8035e380f40 : 6 stores
Line 0xe8035e3ce0c0 : 1 stores
Line 0xd79e62986980 : 1 stores
Line 0xe8035e380e80 : 5 stores
Line 0xd79e62987a00 : 3 stores
Line 0xe8035e3ce140 : 1 stores
Line 0xd79e62986a00 : 2 stores
Line 0xe8035e381640 : 3 stores
Line 0xe8035e380ec0 : 4 stores
Line 0xd79e62987900 : 1 stores
Line 0xe8035e3ce040 : 2 stores
Line 0xd79e62986900 : 1 stores
Line 0xe8035e380dc0 : 2 stores
Line 0xe8035e3cef80 : 2 stores
Line 0xd79e62987840 : 1 stores
Line 0xe8035e381580 : 2 stores
Line 0xa1abd7f31300 : 1 stores
Line 0xe8035e380e00 : 6 stores
Line 0xe8035e3cdf80 : 3 stores
Line 0xd79e62986840 : 1 stores
Line 0xe8035e380d40 : 5 stores
Line 0xe8035e3ce000 : 1 stores
Line 0xd79e629868c0 : 2 stores
Line 0xd79e629878c0 : 3 stores
Line 0xe8035e381500 : 3 stores
Line 0xe8035e380d80 : 4 stores
Line 0xe8035e3cdf00 : 1 stores
Line 0xd79e629867c0 : 1 stores
Line 0xe8035e3cef00 : 1 stores
Line 0xd79e629877c0 : 1 stores
Line 0xe8035e380c80 : 2 stores
Line 0xe8035e3cee40 : 2 stores
Line 0xd79e62987700 : 1 stores
Line 0xe8035e381440 : 2 stores
Line 0xe8035e380cc0 : 6 stores
Line 0xa1abd7f311c0 : 1 stores
Line 0xe8035e3cde40 : 3 stores
Line 0xd79e62986700 : 1 stores
Line 0xe8035e3cdec0 : 3 stores
Line 0xd79e62986780 : 2 stores
Line 0xe8035e3ceec0 : 4 stores
Line 0xd79e62987780 : 3 stores
Line 0xe8035e3813c0 : 3 stores
Line 0xe8035e3cddc0 : 1 stores
Line 0xd79e62986680 : 1 stores
Line 0xe8035e3cedc0 : 1 stores
Line 0xd79e62987680 : 1 stores
Line 0xe8035e3ced00 : 2 stores
Line 0xd79e629875c0 : 1 stores
Line 0xe8035e381300 : 2 stores
Line 0xa1abd7f31080 : 1 stores
Line 0xe8035e3cdd00 : 3 stores
Line 0xd79e629865c0 : 1 stores
Line 0xe8035e3cdd80 : 3 stores
Line 0xd79e62986640 : 2 stores
Line 0xe8035e3ced80 : 4 stores
Line 0xd79e62987640 : 3 stores
Line 0xe8035e381280 : 3 stores
Line 0xe8035e3cdc80 : 1 stores
Line 0xd79e62986540 : 1 stores
Line 0xe8035e3cec80 : 1 stores
Line 0xd79e62987540 : 1 stores
Line 0xe8035e3cebc0 : 2 stores
Line 0xd79e62987480 : 1 stores
Line 0xe8035e3811c0 : 2 stores
Line 0xe8035e3cdbc0 : 3 stores
Line 0xd79e62986480 : 1 stores
Line 0xe8035e3cdc40 : 3 stores
Line 0xd79e62986500 : 2 stores
Line 0xe8035e3cec40 : 4 stores
Line 0xd79e62987500 : 3 stores
Line 0xe8035e381140 : 3 stores
Line 0xe8035e3cdb40 : 1 stores
Line 0xd79e62986400 : 1 stores
Line 0xe8035e3ceb40 : 1 stores
Line 0xd79e62987400 : 1 stores
Line 0xe8035e3cea80 : 2 stores
Line 0xd79e62987340 : 1 stores
Line 0xe8035e381080 : 2 stores
Line 0xe8035e3cda80 : 3 stores
Line 0xd79e62986340 : 1 stores
Line 0xe8035e381000 : 3 stores
Line 0xe8035e3cdb00 : 3 stores
Line 0xd79e629863c0 : 2 stores
Line 0xe8035e3ceb00 : 4 stores
Line 0xd79e629873c0 : 3 stores
Line 0xe8035e3cda00 : 1 stores
Line 0xd79e629862c0 : 1 stores
Line 0xe8035e3cea00 : 1 stores
Line 0xd79e629872c0 : 1 stores
Line 0xe8035e3ce940 : 2 stores
Line 0xd79e62987200 : 1 stores
Line 0xe8035e3cd940 : 3 stores
Line 0xd79e62986200 : 1 stores
Line 0xe8035e3cd9c0 : 3 stores
Line 0xd79e62986280 : 2 stores
Line 0xe8035e3ce9c0 : 4 stores
Line 0xd79e62987280 : 3 stores
Line 0xe8035e3cd8c0 : 1 stores
Line 0xd79e62986180 : 1 stores
Line 0xe8035e3ce8c0 : 1 stores
Line 0xd79e62987180 : 1 stores
Line 0xe8035e3ce800 : 2 stores
Line 0xd79e629870c0 : 1 stores
Line 0xe8035e3cd800 : 3 stores
Line 0xd79e629860c0 : 1 stores
Line 0xe8035e3ce880 : 4 stores
Line 0xd79e62987140 : 3 stores
Line 0xe8035e3cd880 : 3 stores
Line 0xd79e62986140 : 2 stores
Line 0xe8035e3ce780 : 1 stores
Line 0xd79e62987040 : 1 stores
Line 0xe8035e3cd780 : 1 stores
Line 0xd79e62986040 : 1 stores
Line 0xe8035e3ca6c0 : 1 stores
Line 0xd79e62982f80 : 1 stores
Line 0xd79e62983f80 : 1 stores
Line 0xe8035e3ce740 : 4 stores
Line 0xd79e62987000 : 3 stores
Line 0xe8035e3cd740 : 3 stores
Line 0xd79e62986000 : 2 stores
Line 0xe8035e37dc40 : 4 stores
Line 0xe8035e3ca640 : 2 stores
Line 0xd79e62982f00 : 1 stores
Line 0xd79e62983f00 : 1 stores
Line 0xe8035e3ca580 : 1 stores
Line 0xd79e62982e40 : 1 stores
Line 0xe8035e37db80 : 2 stores
Line 0xe8035e396580 : 2 stores
Line 0xea2063ad900 : 1 stores
Line 0xd79e62983e40 : 1 stores
Line 0xe8035e3ca600 : 1 stores
Line 0xd79e62982ec0 : 3 stores
Line 0xd79e62983ec0 : 2 stores
Line 0xe8035e37db00 : 4 stores
Line 0xe8035e3ca500 : 2 stores
Line 0xd79e62982dc0 : 1 stores
Line 0xd79e62983dc0 : 1 stores
Line 0xe8035e3ca440 : 1 stores
Line 0xd79e62982d00 : 1 stores
Line 0xe8035e37da40 : 2 stores
Line 0xe8035e396440 : 2 stores
Line 0xea2063ad7c0 : 1 stores
Line 0xd79e62983d00 : 1 stores
Line 0xd79e62983d80 : 2 stores
Line 0xe8035e3ca4c0 : 1 stores
Line 0xd79e62982d80 : 3 stores
Line 0xe8035e37d9c0 : 4 stores
Line 0xd79e62983c80 : 1 stores
Line 0xe8035e3ca3c0 : 2 stores
Line 0xd79e62982c80 : 1 stores
Line 0xe8035e3ca300 : 1 stores
Line 0xd79e62982bc0 : 1 stores
Line 0xe8035e37d900 : 2 stores
Line 0xe8035e396300 : 2 stores
Line 0xea2063ad680 : 1 stores
Line 0xd79e62983bc0 : 1 stores
Line 0xe8035e3ca380 : 1 stores
Line 0xd79e62982c40 : 3 stores
Line 0xd79e62983c40 : 2 stores
Line 0xe8035e37d880 : 4 stores
Line 0xd79e62983b40 : 1 stores
Line 0xe8035e3ca280 : 2 stores
Line 0xd79e62982b40 : 1 stores
Line 0xe8035e3ca1c0 : 1 stores
Line 0xd79e62982a80 : 1 stores
Line 0xe8035e37d7c0 : 2 stores
Line 0xe8035e3961c0 : 2 stores
Line 0xea2063ad540 : 1 stores
Line 0xd79e62983a80 : 1 stores
Line 0xe8035e37cf80 : 5 stores
Line 0xd79e62983b00 : 2 stores
Line 0xe8035e3ca240 : 1 stores
Line 0xd79e62982b00 : 3 stores
Line 0xe8035e37d740 : 4 stores
Line 0xe8035e37cfc0 : 4 stores
Line 0xd79e62983a00 : 1 stores
Line 0xe8035e3ca140 : 2 stores
Line 0xd79e62982a00 : 1 stores
Line 0xe8035e37cec0 : 2 stores
Line 0xe8035e3ca080 : 1 stores
Line 0xd79e62982940 : 1 stores
Line 0xe8035e37d680 : 2 stores
Line 0xe8035e37cf00 : 6 stores
Line 0xe8035e396080 : 2 stores
Line 0xea2063ad400 : 1 stores
Line 0xd79e62983940 : 1 stores
Line 0xe8035e37ce40 : 5 stores
Line 0xd79e629839c0 : 2 stores
Line 0xe8035e3ca100 : 1 stores
Line 0xd79e629829c0 : 3 stores
Line 0xe8035e37d600 : 4 stores
Line 0xe8035e37ce80 : 4 stores
Line 0xd79e629838c0 : 1 stores
Line 0xe8035e3ca000 : 2 stores
Line 0xd79e629828c0 : 1 stores
Line 0xe8035e37cd80 : 2 stores
Line 0xe8035e3c9f40 : 2 stores
Line 0xd79e62982800 : 1 stores
Line 0xe8035e37d540 : 2 stores
Line 0xe8035e37cdc0 : 6 stores
Line 0xe8035e395f40 : 1 stores
Line 0xea2063ad2c0 : 1 stores
Line 0xe8035e3caf40 : 3 stores
Line 0xd79e62983800 : 1 stores
Line 0xe8035e37cd00 : 5 stores
Line 0xe8035e3cafc0 : 3 stores
Line 0xd79e62983880 : 2 stores
Line 0xe8035e3c9fc0 : 4 stores
Line 0xd79e62982880 : 3 stores
Line 0xe8035e37d4c0 : 4 stores
Line 0xe8035e37cd40 : 4 stores
Line 0xe8035e3caec0 : 1 stores
Line 0xd79e62983780 : 1 stores
Line 0xe8035e3c9ec0 : 1 stores
Line 0xd79e62982780 : 1 stores
Line 0xe8035e3c9e00 : 2 stores
Line 0xd79e629826c0 : 1 stores
Line 0xe8035e37d400 : 2 stores
Line 0xe8035e37cc80 : 6 stores
Line 0xe8035e395e00 : 1 stores
Line 0xea2063ad180 : 1 stores
Line 0xe8035e3cae00 : 3 stores
Line 0xd79e629836c0 : 1 stores
Line 0xe8035e3cae80 : 3 stores
Line 0xd79e62983740 : 2 stores
Line 0xe8035e3c9e80 : 4 stores
Line 0xd79e62982740 : 3 stores
Line 0xe8035e37d380 : 4 stores
Line 0xe8035e3cad80 : 1 stores
Line 0xd79e62983640 : 1 stores
Line 0xe8035e3c9d80 : 1 stores
Line 0xd79e62982640 : 1 stores
Line 0xe8035e3c9cc0 : 2 stores
Line 0xd79e62982580 : 1 stores
Line 0xe8035e37d2c0 : 2 stores
Line 0xe8035e395cc0 : 1 stores
Line 0xea2063ad040 : 1 stores
Line 0xe8035e3cacc0 : 3 stores
Line 0xd79e62983580 : 1 stores
Line 0xe8035e3c9d40 : 4 stores
Line 0xd79e62982600 : 3 stores
Line 0xe8035e3cad40 : 3 stores
Line 0xd79e62983600 : 2 stores
Line 0xe8035e37d240 : 4 stores
Line 0xe8035e3c9c40 : 1 stores
Line 0xd79e62982500 : 1 stores
Line 0xe8035e3cac40 : 1 stores
Line 0xd79e62983500 : 1 stores
Line 0xe8035e3c9b80 : 2 stores
Line 0xd79e62982440 : 1 stores
Line 0xe8035e37d180 : 2 stores
Line 0xe8035e3cab80 : 3 stores
Line 0xd79e62983440 : 1 stores
Line 0xe8035e3c9c00 : 4 stores
Line 0xd79e629824c0 : 3 stores
Line 0xe8035e3cac00 : 3 stores
Line 0xd79e629834c0 : 2 stores
Line 0xe8035e37d100 : 4 stores
Line 0xe8035e3c9b00 : 1 stores
Line 0xd79e629823c0 : 1 stores
Line 0xe8035e3cab00 : 1 stores
Line 0xd79e629833c0 : 1 stores
Line 0xe8035e3c9a40 : 2 stores
Line 0xd79e62982300 : 1 stores
Line 0xe8035e37d040 : 2 stores
Line 0xe8035e3caa40 : 3 stores
Line 0xd79e62983300 : 1 stores
Line 0xe8035e3c9ac0 : 4 stores
Line 0xd79e62982380 : 3 stores
Line 0xe8035e3caac0 : 3 stores
Line 0xd79e62983380 : 2 stores
Line 0xe8035e3c99c0 : 1 stores
Line 0xd79e62982280 : 1 stores
Line 0xe8035e3ca9c0 : 1 stores
Line 0xd79e62983280 : 1 stores
Line 0xe8035e3c9900 : 2 stores
Line 0xd79e629821c0 : 1 stores
Line 0xe8035e3ca900 : 3 stores
Line 0xd79e629831c0 : 1 stores
Line 0xe8035e3ca980 : 3 stores
Line 0xd79e62983240 : 2 stores
Line 0xe8035e3c9980 : 4 stores
Line 0xd79e62982240 : 3 stores
Line 0xe8035e3ca880 : 1 stores
Line 0xd79e62983140 : 1 stores
Line 0xe8035e3c9880 : 1 stores
Line 0xd79e62982140 : 1 stores
Line 0xe8035e3c97c0 : 2 stores
Line 0xd79e62982080 : 1 stores
Line 0xe8035e3ca7c0 : 3 stores
Line 0xd79e62983080 : 1 stores
Line 0xe8035e3ca840 : 3 stores
Line 0xd79e62983100 : 2 stores
Line 0xe8035e3c9840 : 4 stores
Line 0xd79e62982100 : 3 stores
Line 0xe8035e3ca740 : 1 stores
Line 0xd79e62983000 : 1 stores
Line 0xe8035e3c9740 : 1 stores
Line 0xd79e62982000 : 1 stores
Line 0xd79e6297ff40 : 1 stores
Line 0xe8035e392680 : 2 stores
Line 0xea2063a9a00 : 1 stores
Line 0xe8035e3c6680 : 1 stores
Line 0xd79e6297ef40 : 1 stores
Line 0xe8035e3c6700 : 1 stores
Line 0xd79e6297efc0 : 2 stores
Line 0xd79e6297ffc0 : 3 stores
Line 0xe8035e3c6600 : 2 stores
Line 0xd79e6297eec0 : 1 stores
Line 0xd79e6297fec0 : 1 stores
Line 0xd79e6297fe00 : 1 stores
Line 0xe8035e392540 : 2 stores
Line 0xea2063a98c0 : 1 stores
Line 0xe8035e3c6540 : 1 stores
Line 0xd79e6297ee00 : 1 stores
Line 0xd79e6297fe80 : 3 stores
Line 0xe8035e3c65c0 : 1 stores
Line 0xd79e6297ee80 : 2 stores
Line 0xd79e6297fd80 : 1 stores
Line 0xe8035e3c64c0 : 2 stores
Line 0xd79e6297ed80 : 1 stores
Line 0xd79e6297fcc0 : 1 stores
Line 0xe8035e392400 : 2 stores
Line 0xea2063a9780 : 1 stores
Line 0xe8035e3c6400 : 1 stores
Line 0xd79e6297ecc0 : 1 stores
Line 0xd79e6297fd40 : 3 stores
Line 0xe8035e3c6480 : 1 stores
Line 0xd79e6297ed40 : 2 stores
Line 0xd79e6297fc40 : 1 stores
Line 0xe8035e3c6380 : 2 stores
Line 0xd79e6297ec40 : 1 stores
Line 0xd79e6297fb80 : 1 stores
Line 0xe8035e3922c0 : 2 stores
Line 0xea2063a9640 : 1 stores
Line 0xe8035e3c62c0 : 1 stores
Line 0xd79e6297eb80 : 1 stores
Line 0xe8035e3c6340 : 1 stores
Line 0xd79e6297ec00 : 2 stores
Line 0xd79e6297fc00 : 3 stores
Line 0xe8035e3c6240 : 2 stores
Line 0xd79e6297eb00 : 1 stores
Line 0xd79e6297fb00 : 1 stores
Line 0xd79e6297fa40 : 1 stores
Line 0xe8035e392180 : 2 stores
Line 0xea2063a9500 : 1 stores
Line 0xe8035e3c6180 : 1 stores
Line 0xd79e6297ea40 : 1 stores
Line 0xe8035e3c6200 : 1 stores
Line 0xd79e6297eac0 : 2 stores
Line 0xd79e6297fac0 : 3 stores
Line 0xe8035e3c6100 : 2 stores
Line 0xd79e6297e9c0 : 1 stores
Line 0xd79e6297f9c0 : 1 stores
Line 0xd79e6297f900 : 1 stores
Line 0xe8035e392040 : 2 stores
Line 0xea2063a93c0 : 1 stores
Line 0xe8035e3c6040 : 1 stores
Line 0xd79e6297e900 : 1 stores
Line 0xe8035e3c60c0 : 1 stores
Line 0xd79e6297e980 : 2 stores
Line 0xd79e6297f980 : 3 stores
Line 0xe8035e3c5fc0 : 1 stores
Line 0xd79e6297e880 : 1 stores
Line 0xe8035e3c6fc0 : 1 stores
Line 0xd79e6297f880 : 1 stores
Line 0xe8035e3c6f00 : 3 stores
Line 0xd79e6297f7c0 : 1 stores
Line 0xe8035e391f00 : 1 stores
Line 0xea2063a9280 : 1 stores
Line 0xe8035e3c5f00 : 2 stores
Line 0xd79e6297e7c0 : 1 stores
Line 0xe8035e3c5f80 : 4 stores
Line 0xd79e6297e840 : 2 stores
Line 0xe8035e3c6f80 : 3 stores
Line 0xd79e6297f840 : 3 stores
Line 0xe8035e3c5e80 : 1 stores
Line 0xd79e6297e740 : 1 stores
Line 0xe8035e3c6e80 : 1 stores
Line 0xd79e6297f740 : 1 stores
Line 0xe8035e3c6dc0 : 3 stores
Line 0xd79e6297f680 : 1 stores
Line 0xe8035e391dc0 : 1 stores
Line 0xea2063a9140 : 1 stores
Line 0xe8035e3c5dc0 : 2 stores
Line 0xd79e6297e680 : 1 stores
Line 0xe8035e3c5e40 : 4 stores
Line 0xd79e6297e700 : 2 stores
Line 0xe8035e3c6e40 : 3 stores
Line 0xd79e6297f700 : 3 stores
Line 0xe8035e3c5d40 : 1 stores
Line 0xd79e6297e600 : 1 stores
Line 0xe8035e3c6d40 : 1 stores
Line 0xd79e6297f600 : 1 stores
Line 0xe8035e3c6c80 : 3 stores
Line 0xd79e6297f540 : 1 stores
Line 0xe8035e391c80 : 1 stores
Line 0xea2063a9000 : 1 stores
Line 0xe8035e3c5c80 : 2 stores
Line 0xd79e6297e540 : 1 stores
Line 0xe8035e3c5d00 : 4 stores
Line 0xd79e6297e5c0 : 2 stores
Line 0xe8035e3c6d00 : 3 stores
Line 0xd79e6297f5c0 : 3 stores
Line 0xe8035e3c5c00 : 1 stores
Line 0xd79e6297e4c0 : 1 stores
Line 0xe8035e3c6c00 : 1 stores
Line 0xd79e6297f4c0 : 1 stores
Line 0xe8035e3c6b40 : 3 stores
Line 0xd79e6297f400 : 1 stores
Line 0xe8035e38eb40 : 2 stores
Line 0xea2063a5ec0 : 1 stores
Line 0xe8035e3c5b40 : 2 stores
Line 0xd79e6297e400 : 1 stores
Line 0xe8035e3c5bc0 : 4 stores
Line 0xd79e6297e480 : 2 stores
Line 0xe8035e3c6bc0 : 3 stores
Line 0xd79e6297f480 : 3 stores
Line 0xe8035e3c5ac0 : 1 stores
Line 0xd79e6297e380 : 1 stores
Line 0xe8035e3c6ac0 : 1 stores
Line 0xd79e6297f380 : 1 stores
Line 0xe8035e3c6a00 : 3 stores
Line 0xd79e6297f2c0 : 1 stores
Line 0xe8035e38ea00 : 2 stores
Line 0xea2063a5d80 : 1 stores
Line 0xe8035e3c5a00 : 2 stores
Line 0xd79e6297e2c0 : 1 stores
Line 0xe8035e3c5a80 : 4 stores
Line 0xd79e6297e340 : 2 stores
Line 0xe8035e3c6a80 : 3 stores
Line 0xd79e6297f340 : 3 stores
Line 0xe8035e3c5980 : 1 stores
Line 0xd79e6297e240 : 1 stores
Line 0xe8035e3c6980 : 1 stores
Line 0xd79e6297f240 : 1 stores
Line 0xe8035e3c68c0 : 3 stores
Line 0xd79e6297f180 : 1 stores
Line 0xe8035e38e8c0 : 2 stores
Line 0xea2063a5c40 : 1 stores
Line 0xe8035e3c58c0 : 2 stores
Line 0xd79e6297e180 : 1 stores
Line 0xe8035e3c6940 : 3 stores
Line 0xd79e6297f200 : 3 stores
Line 0xe8035e3c5940 : 4 stores
Line 0xd79e6297e200 : 2 stores
Line 0xe8035e3c6840 : 1 stores
Line 0xd79e6297f100 : 1 stores
Line 0xe8035e3c5840 : 1 stores
Line 0xd79e6297e100 : 1 stores
Line 0xe8035e3c6780 : 3 stores
Line 0xd79e6297f040 : 1 stores
Line 0xe8035e38e780 : 2 stores
Line 0xea2063a5b00 : 1 stores
Line 0xe8035e3c5780 : 2 stores
Line 0xd79e6297e040 : 1 stores
Line 0xe8035e3c6800 : 3 stores
Line 0xd79e6297f0c0 : 3 stores
Line 0xe8035e3c5800 : 4 stores
Line 0xd79e6297e0c0 : 2 stores
Line 0xe8035e3c2700 : 2 stores
Line 0xd79e6297afc0 : 1 stores
Line 0xd79e6297bfc0 : 1 stores
Line 0xe8035e3c2640 : 1 stores
Line 0xd79e6297af00 : 1 stores
Line 0xe8035e38e640 : 2 stores
Line 0xea2063a59c0 : 1 stores
Line 0xd79e6297bf00 : 1 stores
Line 0xd79e6297bf80 : 2 stores
Line 0xe8035e3c26c0 : 1 stores
Line 0xd79e6297af80 : 3 stores
Line 0xd79e6297be80 : 1 stores
Line 0xe8035e3c25c0 : 2 stores
Line 0xd79e6297ae80 : 1 stores
Line 0xe8035e3c2500 : 1 stores
Line 0xd79e6297adc0 : 1 stores
Line 0xe8035e38e500 : 2 stores
Line 0xea2063a5880 : 1 stores
Line 0xd79e6297bdc0 : 1 stores
Line 0xd79e6297be40 : 2 stores
Line 0xe8035e3c2580 : 1 stores
Line 0xd79e6297ae40 : 3 stores
Line 0xd79e6297bd40 : 1 stores
Line 0xe8035e3c2480 : 2 stores
Line 0xd79e6297ad40 : 1 stores
Line 0xe8035e3c23c0 : 1 stores
Line 0xd79e6297ac80 : 1 stores
Line 0xe8035e38e3c0 : 2 stores
Line 0xea2063a5740 : 1 stores
Line 0xd79e6297bc80 : 1 stores
Line 0xd79e6297bd00 : 2 stores
Line 0xe8035e3c2440 : 1 stores
Line 0xd79e6297ad00 : 3 stores
Line 0xd79e6297bc00 : 1 stores
Line 0xe8035e3c2340 : 2 stores
Line 0xd79e6297ac00 : 1 stores
Line 0xe8035e3c2280 : 1 stores
Line 0xd79e6297ab40 : 1 stores
Line 0xe8035e38e280 : 2 stores
Line 0xea2063a5600 : 1 stores
Line 0xd79e6297bb40 : 1 stores
Line 0xe8035e3c2300 : 1 stores
Line 0xd79e6297abc0 : 3 stores
Line 0xd79e6297bbc0 : 2 stores
Line 0xe8035e3c2200 : 2 stores
Line 0xd79e6297aac0 : 1 stores
Line 0xd79e6297bac0 : 1 stores
Line 0xe8035e3c2140 : 1 stores
Line 0xd79e6297aa00 : 1 stores
Line 0xe8035e38e140 : 2 stores
Line 0xea2063a54c0 : 1 stores
Line 0xd79e6297ba00 : 1 stores
Line 0xe8035e3c21c0 : 1 stores
Line 0xd79e6297aa80 : 3 stores
Line 0xd79e6297ba80 : 2 stores
Line 0xe8035e3c20c0 : 2 stores
Line 0xd79e6297a980 : 1 stores
Line 0xd79e6297b980 : 1 stores
Line 0xe8035e3c2000 : 1 stores
Line 0xd79e6297a8c0 : 1 stores
Line 0xe8035e38e000 : 2 stores
Line 0xea2063a5380 : 1 stores
Line 0xd79e6297b8c0 : 1 stores
Line 0xd79e6297b940 : 2 stores
Line 0xe8035e3c2080 : 1 stores
Line 0xd79e6297a940 : 3 stores
Line 0xe8035e3c2f80 : 1 stores
Line 0xd79e6297b840 : 1 stores
Line 0xe8035e3c1f80 : 1 stores
Line 0xd79e6297a840 : 1 stores
Line 0xe8035e3c1ec0 : 2 stores
Line 0xd79e6297a780 : 1 stores
Line 0xe8035e38dec0 : 1 stores
Line 0xea2063a5240 : 1 stores
Line 0xe8035e3c2ec0 : 3 stores
Line 0xd79e6297b780 : 1 stores
Line 0xe8035e3c2f40 : 3 stores
Line 0xd79e6297b800 : 2 stores
Line 0xe8035e3c1f40 : 4 stores
Line 0xd79e6297a800 : 3 stores
Line 0xe8035e3c2e40 : 1 stores
Line 0xd79e6297b700 : 1 stores
Line 0xe8035e3c1e40 : 1 stores
Line 0xd79e6297a700 : 1 stores
Line 0xe8035e3c1d80 : 2 stores
Line 0xd79e6297a640 : 1 stores
Line 0xe8035e38dd80 : 1 stores
Line 0xea2063a5100 : 1 stores
Line 0xe8035e3c2d80 : 3 stores
Line 0xd79e6297b640 : 1 stores
Line 0xe8035e3c2e00 : 3 stores
Line 0xd79e6297b6c0 : 2 stores
Line 0xe8035e3c1e00 : 4 stores
Line 0xd79e6297a6c0 : 3 stores
Line 0xe8035e3c2d00 : 1 stores
Line 0xd79e6297b5c0 : 1 stores
Line 0xe8035e3c1d00 : 1 stores
Line 0xd79e6297a5c0 : 1 stores
Line 0xe8035e3c1c40 : 2 stores
Line 0xd79e6297a500 : 1 stores
Line 0xe8035e38ac40 : 2 stores
Line 0xea2063a1fc0 : 1 stores
Line 0xe8035e3c2c40 : 3 stores
Line 0xd79e6297b500 : 1 stores
Line 0xe8035e3c2cc0 : 3 stores
Line 0xd79e6297b580 : 2 stores
Line 0xe8035e3c1cc0 : 4 stores
Line 0xd79e6297a580 : 3 stores
Line 0xe8035e3c2bc0 : 1 stores
Line 0xd79e6297b480 : 1 stores
Line 0xe8035e3c1bc0 : 1 stores
Line 0xd79e6297a480 : 1 stores
Line 0xe8035e3c1b00 : 2 stores
Line 0xd79e6297a3c0 : 1 stores
Line 0xe8035e38ab00 : 2 stores
Line 0xea2063a1e80 : 1 stores
Line 0xe8035e3c2b00 : 3 stores
Line 0xd79e6297b3c0 : 1 stores
Line 0xe8035e3c2b80 : 3 stores
Line 0xd79e6297b440 : 2 stores
Line 0xe8035e3c1b80 : 4 stores
Line 0xd79e6297a440 : 3 stores
Line 0xe8035e3c2a80 : 1 stores
Line 0xd79e6297b340 : 1 stores
Line 0xe8035e3c1a80 : 1 stores
Line 0xd79e6297a340 : 1 stores
Line 0xe8035e3c19c0 : 2 stores
Line 0xd79e6297a280 : 1 stores
Line 0xe8035e3de700 : 4 stores
Line 0xd79e62996fc0 : 2 stores
Line 0xe8035e38a9c0 : 2 stores
Line 0xea2063a1d40 : 1 stores
Line 0xe8035e3c29c0 : 3 stores
Line 0xd79e6297b280 : 1 stores
Line 0xe8035e3c2a40 : 3 stores
Line 0xd79e6297b300 : 2 stores
Line 0xe8035e3c1a40 : 4 stores
Line 0xd79e6297a300 : 3 stores
Line 0xe8035e3de680 : 2 stores
Line 0xd79e62996f40 : 4 stores
Line 0xe8035e3c2940 : 1 stores
Line 0xd79e6297b200 : 1 stores
Line 0xe8035e3c1940 : 1 stores
Line 0xd79e6297a200 : 1 stores
Line 0xe8035e3c1880 : 2 stores
Line 0xd79e6297a140 : 1 stores
Line 0xe8035e3de5c0 : 4 stores
Line 0xd79e62996e80 : 2 stores
Line 0xe8035e38a880 : 2 stores
Line 0xea2063a1c00 : 1 stores
Line 0xe8035e3c2880 : 3 stores
Line 0xd79e6297b140 : 1 stores
Line 0xe8035e3c2900 : 3 stores
Line 0xd79e6297b1c0 : 2 stores
Line 0xe8035e3c1900 : 4 stores
Line 0xd79e6297a1c0 : 3 stores
Line 0xe8035e3de540 : 2 stores
Line 0xd79e62996e00 : 4 stores
Line 0xe8035e3c2800 : 1 stores
Line 0xd79e6297b0c0 : 1 stores
Line 0xe8035e3c1800 : 1 stores
Line 0xd79e6297a0c0 : 1 stores
Line 0xe8035e3c1740 : 2 stores
Line 0xd79e6297a000 : 1 stores
Line 0xe8035e3c17c0 : 4 stores
Line 0xd79e6297a080 : 3 stores
Line 0xe8035e3de480 : 4 stores
Line 0xd79e62996d40 : 2 stores
Line 0xe8035e38a740 : 2 stores
Line 0xea2063a1ac0 : 1 stores
Line 0xe8035e3c2740 : 3 stores
Line 0xd79e6297b000 : 1 stores
Line 0xe8035e3c27c0 : 3 stores
Line 0xd79e6297b080 : 2 stores
Line 0xe8035e3de400 : 2 stores
Line 0xd79e62996cc0 : 4 stores
Line 0xd79e62977f80 : 1 stores
Line 0xe8035e3be6c0 : 2 stores
Line 0xd79e62976f80 : 1 stores
Line 0xe8035e3be600 : 1 stores
Line 0xd79e62976ec0 : 1 stores
Line 0xe8035e3de340 : 4 stores
Line 0xd79e62996c00 : 2 stores
Line 0xe8035e38a600 : 2 stores
Line 0xea2063a1980 : 1 stores
Line 0xd79e62977ec0 : 1 stores
Line 0xe8035e3be680 : 1 stores
Line 0xd79e62976f40 : 3 stores
Line 0xd79e62977f40 : 2 stores
Line 0xe8035e3de2c0 : 2 stores
Line 0xd79e62996b80 : 4 stores
Line 0xe8035e3be580 : 2 stores
Line 0xd79e62976e40 : 1 stores
Line 0xd79e62977e40 : 1 stores
Line 0xe8035e3be4c0 : 1 stores
Line 0xd79e62976d80 : 1 stores
Line 0xe8035e3de200 : 4 stores
Line 0xd79e62996ac0 : 2 stores
Line 0xe8035e38a4c0 : 2 stores
Line 0xea2063a1840 : 1 stores
Line 0xd79e62977d80 : 1 stores
Line 0xe8035e3be540 : 1 stores
Line 0xd79e62976e00 : 3 stores
Line 0xd79e62977e00 : 2 stores
Line 0xe8035e3de180 : 2 stores
Line 0xd79e62996a40 : 4 stores
Line 0xe8035e3be440 : 2 stores
Line 0xd79e62976d00 : 1 stores
Line 0xd79e62977d00 : 1 stores
Line 0xe8035e3be380 : 1 stores
Line 0xd79e62976c40 : 1 stores
Line 0xe8035e3de0c0 : 4 stores
Line 0xd79e62996980 : 2 stores
Line 0xe8035e38a380 : 2 stores
Line 0xea2063a1700 : 1 stores
Line 0xd79e62977c40 : 1 stores
Line 0xe8035e3be400 : 1 stores
Line 0xd79e62976cc0 : 3 stores
Line 0xd79e62977cc0 : 2 stores
Line 0xe8035e3de040 : 2 stores
Line 0xd79e62996900 : 4 stores
Line 0xe8035e3be300 : 2 stores
Line 0xd79e62976bc0 : 1 stores
Line 0xd79e62977bc0 : 1 stores
Line 0xe8035e3be240 : 1 stores
Line 0xd79e62976b00 : 1 stores
Line 0xe8035e3ddf80 : 1 stores
Line 0xd79e62996840 : 2 stores
Line 0xe8035e38a240 : 2 stores
Line 0xea2063a15c0 : 1 stores
Line 0xd79e62977b00 : 1 stores
Line 0xe8035e3be2c0 : 1 stores
Line 0xd79e62976b80 : 3 stores
Line 0xd79e62977b80 : 2 stores
Line 0xe8035e3ddf00 : 2 stores
Line 0xd79e629967c0 : 4 stores
Line 0xe8035e3be1c0 : 2 stores
Line 0xd79e62976a80 : 1 stores
Line 0xd79e62977a80 : 1 stores
Line 0xe8035e3dd680 : 3 stores
Line 0xd79e62995f40 : 2 stores
Line 0xe8035e3be100 : 1 stores
Line 0xd79e629769c0 : 1 stores
Line 0xe8035e3dde40 : 1 stores
Line 0xd79e62996700 : 2 stores
Line 0xe8035e38a100 : 2 stores
Line 0xea2063a1480 : 1 stores
Line 0xe8035e3dd6c0 : 1 stores
Line 0xd79e62995f80 : 6 stores
Line 0xd79e629779c0 : 1 stores
Line 0xe8035e3dd600 : 1 stores
Line 0xd79e62995ec0 : 5 stores
Line 0xe8035e3be180 : 1 stores
Line 0xd79e62976a40 : 3 stores
Line 0xd79e62977a40 : 2 stores
Line 0xe8035e3dddc0 : 2 stores
Line 0xd79e62996680 : 4 stores
Line 0xe8035e3dd640 : 2 stores
Line 0xd79e62995f00 : 4 stores
Line 0xe8035e3be080 : 2 stores
Line 0xd79e62976940 : 1 stores
Line 0xd79e62977940 : 1 stores
Line 0xe8035e3dd540 : 3 stores
Line 0xd79e62995e00 : 2 stores
Line 0xe8035e3bdfc0 : 3 stores
Line 0xd79e62976880 : 1 stores
Line 0xe8035e3ddd00 : 1 stores
Line 0xd79e629965c0 : 2 stores
Line 0xe8035e389fc0 : 1 stores
Line 0xea2063a1340 : 1 stores
Line 0xe8035e3dd580 : 1 stores
Line 0xd79e62995e40 : 6 stores
Line 0xe8035e3befc0 : 2 stores
Line 0xd79e62977880 : 1 stores
Line 0xe8035e3dd4c0 : 1 stores
Line 0xd79e62995d80 : 5 stores
Line 0xe8035e3be040 : 1 stores
Line 0xd79e62976900 : 3 stores
Line 0xd79e62977900 : 2 stores
Line 0xe8035e3ddc80 : 2 stores
Line 0xd79e62996540 : 4 stores
Line 0xe8035e3dd500 : 2 stores
Line 0xd79e62995dc0 : 4 stores
Line 0xe8035e3bdf40 : 1 stores
Line 0xd79e62976800 : 1 stores
Line 0xe8035e3bef40 : 1 stores
Line 0xd79e62977800 : 1 stores
Line 0xe8035e3dd400 : 3 stores
Line 0xd79e62995cc0 : 2 stores
Line 0xe8035e3bde80 : 3 stores
Line 0xd79e62976740 : 1 stores
Line 0xe8035e3ddbc0 : 1 stores
Line 0xd79e62996480 : 2 stores
Line 0xe8035e389e80 : 1 stores
Line 0xea2063a1200 : 1 stores
Line 0xe8035e3dd440 : 1 stores
Line 0xd79e62995d00 : 6 stores
Line 0xe8035e3bee80 : 2 stores
Line 0xd79e62977740 : 1 stores
Line 0xe8035e3dd380 : 1 stores
Line 0xd79e62995c40 : 5 stores
Line 0xe8035e3bdf00 : 3 stores
Line 0xd79e629767c0 : 3 stores
Line 0xe8035e3bef00 : 4 stores
Line 0xd79e629777c0 : 2 stores
Line 0xe8035e3ddb40 : 2 stores
Line 0xd79e62996400 : 4 stores
Line 0xe8035e3dd3c0 : 2 stores
Line 0xd79e62995c80 : 4 stores
Line 0xe8035e3bde00 : 1 stores
Line 0xd79e629766c0 : 1 stores
Line 0xe8035e3bee00 : 1 stores
Line 0xd79e629776c0 : 1 stores
Line 0xe8035e3dd2c0 : 3 stores
Line 0xd79e62995b80 : 2 stores
Line 0xe8035e3bdd40 : 3 stores
Line 0xd79e62976600 : 1 stores
Line 0xe8035e3dda80 : 1 stores
Line 0xd79e62996340 : 2 stores
Line 0xe8035e389d40 : 1 stores
Line 0xea2063a10c0 : 1 stores
Line 0xe8035e3dd300 : 1 stores
Line 0xd79e62995bc0 : 6 stores
Line 0xe8035e3bed40 : 2 stores
Line 0xd79e62977600 : 1 stores
Line 0xe8035e3dd240 : 1 stores
Line 0xd79e62995b00 : 5 stores
Line 0xe8035e3bddc0 : 3 stores
Line 0xd79e62976680 : 3 stores
Line 0xe8035e3bedc0 : 4 stores
Line 0xd79e62977680 : 2 stores
Line 0xe8035e3dda00 : 2 stores
Line 0xd79e629962c0 : 4 stores
Line 0xe8035e3dd280 : 2 stores
Line 0xd79e62995b40 : 4 stores
Line 0xe8035e3bdcc0 : 1 stores
Line 0xd79e62976580 : 1 stores
Line 0xe8035e3becc0 : 1 stores
Line 0xd79e62977580 : 1 stores
Line 0xe8035e3dd180 : 3 stores
Line 0xd79e62995a40 : 2 stores
Line 0xe8035e3bdc00 : 3 stores
Line 0xd79e629764c0 : 1 stores
Line 0xe8035e3dd940 : 1 stores
Line 0xd79e62996200 : 2 stores
Line 0xe8035e386c00 : 2 stores
Line 0xea20639df80 : 1 stores
Line 0xe8035e3dd1c0 : 1 stores
Line 0xd79e62995a80 : 6 stores
Line 0xe8035e3bec00 : 2 stores
Line 0xd79e629774c0 : 1 stores
Line 0xe8035e3dd100 : 1 stores
Line 0xd79e629959c0 : 5 stores
Line 0xe8035e3bdc80 : 3 stores
Line 0xd79e62976540 : 3 stores
Line 0xe8035e3bec80 : 4 stores
Line 0xd79e62977540 : 2 stores
Line 0xe8035e3dd8c0 : 2 stores
Line 0xd79e62996180 : 4 stores
Line 0xe8035e3dd140 : 2 stores
Line 0xd79e62995a00 : 4 stores
Line 0xe8035e3bdb80 : 1 stores
Line 0xd79e62976440 : 1 stores
Line 0xe8035e3beb80 : 1 stores
Line 0xd79e62977440 : 1 stores
Line 0xe8035e3dd040 : 3 stores
Line 0xd79e62995900 : 2 stores
Line 0xe8035e3bdac0 : 3 stores
Line 0xd79e62976380 : 1 stores
Line 0xe8035e3dd800 : 1 stores
Line 0xd79e629960c0 : 2 stores
Line 0xe8035e386ac0 : 2 stores
Line 0xea20639de40 : 1 stores
Line 0xe8035e3dd080 : 1 stores
Line 0xd79e62995940 : 6 stores
Line 0xe8035e3beac0 : 2 stores
Line 0xd79e62977380 : 1 stores
Line 0xe8035e3dcfc0 : 2 stores
Line 0xd79e62995880 : 5 stores
Line 0xe8035e3bdb40 : 3 stores
Line 0xd79e62976400 : 3 stores
Line 0xe8035e3beb40 : 4 stores
Line 0xd79e62977400 : 2 stores
Line 0xe8035e3dd780 : 2 stores
Line 0xd79e62996040 : 4 stores
Line 0xe8035e3dd000 : 2 stores
Line 0xd79e629958c0 : 4 stores
Line 0xe8035e3bda40 : 1 stores
Line 0xd79e62976300 : 1 stores
Line 0xe8035e3bea40 : 1 stores
Line 0xd79e62977300 : 1 stores
Line 0xe8035e3dcf00 : 1 stores
Line 0xd79e629957c0 : 2 stores
Line 0xe8035e3bd980 : 3 stores
Line 0xd79e62976240 : 1 stores
Line 0xe8035e3da6c0 : 3 stores
Line 0xd79e62992f80 : 2 stores
Line 0xd79e62993f80 : 2 stores
Line 0xe8035e386980 : 2 stores
Line 0xea20639dd00 : 1 stores
Line 0xe8035e3dcf40 : 5 stores
Line 0xd79e62995800 : 6 stores
Line 0xe8035e3be980 : 2 stores
Line 0xd79e62977240 : 1 stores
Line 0xe8035e3dce80 : 2 stores
Line 0xd79e62995740 : 5 stores
Line 0xe8035e3bda00 : 3 stores
Line 0xd79e629762c0 : 3 stores
Line 0xe8035e3bea00 : 4 stores
Line 0xd79e629772c0 : 2 stores
Line 0xe8035e3da640 : 3 stores
Line 0xd79e62992f00 : 3 stores
Line 0xd79e62993f00 : 4 stores
Line 0xe8035e3dcec0 : 6 stores
Line 0xd79e62995780 : 4 stores
Line 0xe8035e3bd900 : 1 stores
Line 0xd79e629761c0 : 1 stores
Line 0xe8035e3be900 : 1 stores
Line 0xd79e629771c0 : 1 stores
Line 0xe8035e3dcdc0 : 1 stores
Line 0xd79e62995680 : 2 stores
Line 0xe8035e3bd840 : 3 stores
Line 0xd79e62976100 : 1 stores
Line 0xe8035e3da580 : 3 stores
Line 0xd79e62992e40 : 2 stores
Line 0xd79e62993e40 : 2 stores
Line 0xe8035e386840 : 2 stores
Line 0xea20639dbc0 : 1 stores
Line 0xe8035e3dce00 : 5 stores
Line 0xd79e629956c0 : 6 stores
Line 0xe8035e3be840 : 2 stores
Line 0xd79e62977100 : 1 stores
Line 0xe8035e3dcd40 : 2 stores
Line 0xd79e62995600 : 5 stores
Line 0xe8035e3bd8c0 : 3 stores
Line 0xd79e62976180 : 3 stores
Line 0xe8035e3be8c0 : 4 stores
Line 0xd79e62977180 : 2 stores
Line 0xe8035e3da500 : 3 stores
Line 0xd79e62992dc0 : 3 stores
Line 0xd79e62993dc0 : 4 stores
Line 0xe8035e3dcd80 : 6 stores
Line 0xd79e62995640 : 4 stores
Line 0xe8035e3bd7c0 : 1 stores
Line 0xd79e62976080 : 1 stores
Line 0xe8035e3be7c0 : 1 stores
Line 0xd79e62977080 : 1 stores
Line 0xe8035e3dcc80 : 1 stores
Line 0xd79e62995540 : 2 stores
Line 0xd79e62993d00 : 2 stores
Line 0xe8035e3da440 : 3 stores
Line 0xd79e62992d00 : 2 stores
Line 0xe8035e3dccc0 : 5 stores
Line 0xd79e62995580 : 6 stores
Line 0xe8035e386700 : 2 stores
Line 0xea20639da80 : 1 stores
Line 0xe8035e3dcc00 : 2 stores
Line 0xd79e629954c0 : 5 stores
Line 0xe8035e3be780 : 4 stores
Line 0xd79e62977040 : 2 stores
Line 0xe8035e3bd780 : 3 stores
Line 0xd79e62976040 : 3 stores
Line 0xd79e62993c80 : 4 stores
Line 0xe8035e3da3c0 : 3 stores
Line 0xd79e62992c80 : 3 stores
Line 0xe8035e3dcc40 : 6 stores
Line 0xd79e62995500 : 4 stores
Line 0xe8035e3dcb40 : 1 stores
Line 0xd79e62995400 : 2 stores
Line 0xd79e62993bc0 : 2 stores
Line 0xe8035e3da300 : 3 stores
Line 0xd79e62992bc0 : 2 stores
Line 0xe8035e3dcb80 : 5 stores
Line 0xd79e62995440 : 6 stores
Line 0xe8035e3865c0 : 2 stores
Line 0xea20639d940 : 1 stores
Line 0xe8035e3dcac0 : 2 stores
Line 0xd79e62995380 : 5 stores
Line 0xd79e62993b40 : 4 stores
Line 0xe8035e3da280 : 3 stores
Line 0xd79e62992b40 : 3 stores
Line 0xe8035e3dcb00 : 6 stores
Line 0xd79e629953c0 : 4 stores
Line 0xe8035e3dca00 : 1 stores
Line 0xd79e629952c0 : 2 stores
Line 0xd79e62993a80 : 2 stores
Line 0xe8035e3da1c0 : 3 stores
Line 0xd79e62992a80 : 2 stores
Line 0xe8035e3dca40 : 5 stores
Line 0xd79e62995300 : 6 stores
Line 0xe8035e386480 : 2 stores
Line 0xea20639d800 : 1 stores
Line 0xe8035e3dc980 : 2 stores
Line 0xd79e62995240 : 5 stores
Line 0xd79e62993a00 : 4 stores
Line 0xe8035e3da140 : 3 stores
Line 0xd79e62992a00 : 3 stores
Line 0xe8035e3dc9c0 : 6 stores
Line 0xd79e62995280 : 4 stores
Line 0xe8035e3dc8c0 : 1 stores
Line 0xd79e62995180 : 2 stores
Line 0xd79e62993940 : 2 stores
Line 0xe8035e3da080 : 3 stores
Line 0xd79e62992940 : 2 stores
Line 0xe8035e3dc900 : 5 stores
Line 0xd79e629951c0 : 6 stores
Line 0xe8035e386340 : 2 stores
Line 0xea20639d6c0 : 1 stores
Line 0xe8035e3dc840 : 2 stores
Line 0xd79e62995100 : 5 stores
Line 0xd79e629938c0 : 4 stores
Line 0xe8035e3da000 : 3 stores
Line 0xd79e629928c0 : 3 stores
Line 0xe8035e3dc880 : 6 stores
Line 0xd79e62995140 : 4 stores
Line 0xe8035e3dc780 : 1 stores
Line 0xd79e62995040 : 2 stores
Line 0xe8035e3daf40 : 1 stores
Line 0xd79e62993800 : 2 stores
Line 0xe8035e3d9f40 : 1 stores
Line 0xd79e62992800 : 2 stores
Line 0xe8035e3dc7c0 : 5 stores
Line 0xd79e62995080 : 6 stores
Line 0xe8035e386200 : 2 stores
Line 0xea20639d580 : 1 stores
Line 0xe8035e3d9700 : 1 stores
Line 0xd79e62991fc0 : 5 stores
Line 0xe8035e3d9ec0 : 2 stores
Line 0xd79e62992780 : 3 stores
Line 0xe8035e3daec0 : 2 stores
Line 0xd79e62993780 : 4 stores
Line 0xe8035e3dc740 : 6 stores
Line 0xd79e62995000 : 4 stores
Line 0xe8035e3d9640 : 2 stores
Line 0xd79e62991f00 : 2 stores
Line 0xe8035e3d9e00 : 1 stores
Line 0xd79e629926c0 : 2 stores
Line 0xe8035e3dae00 : 1 stores
Line 0xd79e629936c0 : 2 stores
Line 0xe8035e3860c0 : 2 stores
Line 0xea20639d440 : 1 stores
Line 0xe8035e3d9680 : 1 stores
Line 0xd79e62991f40 : 6 stores
Line 0xe8035e3d95c0 : 1 stores
Line 0xd79e62991e80 : 5 stores
Line 0xe8035e3dad80 : 2 stores
Line 0xd79e62993640 : 4 stores
Line 0xe8035e3d9d80 : 2 stores
Line 0xd79e62992640 : 3 stores
Line 0xe8035e3d9600 : 2 stores
Line 0xd79e62991ec0 : 4 stores
Line 0xe8035e3d9500 : 2 stores
Line 0xd79e62991dc0 : 2 stores
Line 0xe8035e3dacc0 : 1 stores
Line 0xd79e62993580 : 2 stores
Line 0xe8035e3d9cc0 : 1 stores
Line 0xd79e62992580 : 2 stores
Line 0xe8035e3d9540 : 1 stores
Line 0xd79e62991e00 : 6 stores
Line 0xe8035e385f80 : 1 stores
Line 0xea20639d300 : 1 stores
Line 0xe8035e3d9480 : 1 stores
Line 0xd79e62991d40 : 5 stores
Line 0xe8035e3dac40 : 2 stores
Line 0xd79e62993500 : 4 stores
Line 0xe8035e3d9c40 : 2 stores
Line 0xd79e62992500 : 3 stores
Line 0xe8035e3d94c0 : 2 stores
Line 0xd79e62991d80 : 4 stores
Line 0xe8035e3d93c0 : 2 stores
Line 0xd79e62991c80 : 2 stores
Line 0xe8035e3dab80 : 1 stores
Line 0xd79e62993440 : 2 stores
Line 0xe8035e3d9b80 : 1 stores
Line 0xd79e62992440 : 2 stores
Line 0xe8035e3d9400 : 1 stores
Line 0xd79e62991cc0 : 6 stores
Line 0xe8035e385e40 : 1 stores
Line 0xea20639d1c0 : 1 stores
Line 0xe8035e3d9340 : 1 stores
Line 0xd79e62991c00 : 5 stores
Line 0xe8035e3dab00 : 2 stores
Line 0xd79e629933c0 : 4 stores
Line 0xe8035e3d9b00 : 2 stores
Line 0xd79e629923c0 : 3 stores
Line 0xe8035e3d9380 : 2 stores
Line 0xd79e62991c40 : 4 stores
Line 0xe8035e3d9280 : 2 stores
Line 0xd79e62991b40 : 2 stores
Line 0xe8035e3daa40 : 1 stores
Line 0xd79e62993300 : 2 stores
Line 0xe8035e3d9a40 : 1 stores
Line 0xd79e62992300 : 2 stores
Line 0xe8035e3d92c0 : 1 stores
Line 0xd79e62991b80 : 6 stores
Line 0xe8035e385d00 : 1 stores
Line 0xea20639d080 : 1 stores
Line 0xe8035e3d9200 : 1 stores
Line 0xd79e62991ac0 : 5 stores
Line 0xe8035e3da9c0 : 2 stores
Line 0xd79e62993280 : 4 stores
Line 0xe8035e3d99c0 : 2 stores
Line 0xd79e62992280 : 3 stores
Line 0xe8035e3d9240 : 2 stores
Line 0xd79e62991b00 : 4 stores
Line 0xe8035e3d9140 : 2 stores
Line 0xd79e62991a00 : 2 stores
Line 0xe8035e3da900 : 1 stores
Line 0xd79e629931c0 : 2 stores
Line 0xe8035e3d9900 : 1 stores
Line 0xd79e629921c0 : 2 stores
Line 0xe8035e3d9180 : 1 stores
Line 0xd79e62991a40 : 6 stores
Line 0xe8035e382bc0 : 2 stores
Line 0xea206399f40 : 1 stores
Line 0xe8035e3d90c0 : 1 stores
Line 0xd79e62991980 : 5 stores
Line 0xe8035e3da880 : 2 stores
Line 0xd79e62993140 : 4 stores
Line 0xe8035e3d9880 : 2 stores
Line 0xd79e62992140 : 3 stores
Line 0xe8035e3d9100 : 2 stores
Line 0xd79e629919c0 : 4 stores
Line 0xe8035e3d9000 : 2 stores
Line 0xd79e629918c0 : 2 stores
Line 0xe8035e3da7c0 : 1 stores
Line 0xd79e62993080 : 2 stores
Line 0xe8035e3da740 : 2 stores
Line 0xd79e62993000 : 4 stores
Line 0xe8035e3d97c0 : 1 stores
Line 0xd79e62992080 : 2 stores
Line 0xe8035e3d9740 : 2 stores
Line 0xd79e62992000 : 3 stores
Line 0xe8035e3d9040 : 1 stores
Line 0xd79e62991900 : 6 stores
Line 0xe8035e382a80 : 2 stores
Line 0xea206399e00 : 1 stores
Line 0xea2062fe6c0 : 2 stores
Line 0xea2062dfa00 : 3 stores
Line 0x98f569066400 : 1 stores
Line 0xea2062fe640 : 3 stores
Line 0xea2062de900 : 1 stores
Line 0xea2062df900 : 1 stores
Line 0x98f569066300 : 5 stores
Line 0xea2062df840 : 1 stores
Line 0x98f569066240 : 2 stores
Line 0xea2062fe580 : 2 stores
Line 0xea2062df8c0 : 3 stores
Line 0x98f5690662c0 : 1 stores
Line 0xea2062fe500 : 3 stores
Line 0xea2062de7c0 : 1 stores
Line 0xea2062df7c0 : 1 stores
Line 0x98f5690661c0 : 5 stores
Line 0xea2062df700 : 1 stores
Line 0x98f569066100 : 2 stores
Line 0xea2062ff440 : 2 stores
Line 0x98f569085e40 : 4 stores
Line 0xea2062df780 : 3 stores
Line 0x98f569066180 : 1 stores
Line 0xea2062ff3c0 : 4 stores
Line 0x98f569085dc0 : 2 stores
Line 0xea2062de680 : 1 stores
Line 0xea2062df680 : 1 stores
Line 0x98f569066080 : 5 stores
Line 0xea2062df5c0 : 1 stores
Line 0x98f569065fc0 : 1 stores
Line 0xea2062ff300 : 2 stores
Line 0xea2062df640 : 3 stores
Line 0x98f569066040 : 1 stores
Line 0xea2062ff280 : 4 stores
Line 0xea2062de540 : 1 stores
Line 0xea2062df540 : 1 stores
Line 0x98f569065f40 : 1 stores
Line 0xea2062df480 : 1 stores
Line 0x98f569065e80 : 1 stores
Line 0xea2062ff1c0 : 2 stores
Line 0xea2062df500 : 3 stores
Line 0x98f569065f00 : 2 stores
Line 0xea2062ff140 : 4 stores
Line 0xea2062ff080 : 2 stores
Line 0xea2062ff000 : 4 stores
Line 0xea2062fd3c0 : 2 stores
Line 0xea2062fd280 : 2 stores
Line 0xea2062fd140 : 2 stores
Line 0xea2062fd000 : 2 stores
Line 0xea2062bd400 : 1 stores
Line 0xea2062bd2c0 : 1 stores
Line 0xea2062bd180 : 1 stores
Line 0xea2062bd040 : 1 stores
Line 0xea2062b9f00 : 1 stores
Line 0xea2062da440 : 1 stores
Line 0xea2062da3c0 : 1 stores
Line 0xea2062b9dc0 : 1 stores
Line 0xea2062da300 : 1 stores
Line 0xea2062da380 : 2 stores
Line 0xea2062da280 : 1 stores
Line 0xea2062f7f00 : 2 stores
Line 0x98f56907e900 : 3 stores
Line 0xea2062b9c80 : 1 stores
Line 0xea2062da1c0 : 1 stores
Line 0xea2062da240 : 2 stores
Line 0xea2062da140 : 1 stores
Line 0xea2062f7dc0 : 2 stores
Line 0x98f56907e7c0 : 3 stores
Line 0xea2062b9b40 : 1 stores
Line 0xea2062da080 : 1 stores
Line 0xea2062da100 : 2 stores
Line 0xea2062da000 : 1 stores
Line 0xea2062f7c80 : 2 stores
Line 0x98f56907e680 : 3 stores
Line 0xea2062b9a00 : 1 stores
Line 0xea2062f7b40 : 2 stores
Line 0x98f56907e540 : 3 stores
Line 0xea2062f7a00 : 2 stores
Line 0x98f56907e400 : 3 stores
Line 0xea2062f78c0 : 2 stores
Line 0x98f56907e2c0 : 3 stores
Line 0xea2062f7780 : 2 stores
Line 0x98f56907e180 : 3 stores
Line 0xea2062f7640 : 2 stores
Line 0x98f56907e040 : 3 stores
Line 0xea2062f7500 : 2 stores
Line 0x98f56907df00 : 1 stores
Line 0xea2062f73c0 : 2 stores
Line 0x98f56907ddc0 : 1 stores
Line 0xea2062f7340 : 4 stores
Line 0xea2062f7280 : 2 stores
Line 0xea2062f7200 : 4 stores
Line 0xea2062f7140 : 2 stores
Line 0xea2062b5ec0 : 1 stores
Line 0xea2062d6400 : 1 stores
Line 0xea2062f70c0 : 4 stores
Line 0xea2062d6380 : 1 stores
Line 0xea2062f7000 : 2 stores
Line 0xea2062b5d80 : 1 stores
Line 0xea2062d62c0 : 1 stores
Line 0xea2062d6340 : 2 stores
Line 0xea2062f3f80 : 3 stores
Line 0x98f56907a980 : 1 stores
Line 0xea2062d6240 : 1 stores
Line 0xea2062f3ec0 : 2 stores
Line 0x98f56907a8c0 : 4 stores
Line 0xea2062b5c40 : 1 stores
Line 0xea2062d6180 : 1 stores
Line 0xea2062d6200 : 2 stores
Line 0xea2062f3e40 : 3 stores
Line 0x98f56907a840 : 1 stores
Line 0xea2062d6100 : 1 stores
Line 0xea2062f3d80 : 2 stores
Line 0x98f56907a780 : 4 stores
Line 0xea2062b5b00 : 1 stores
Line 0xea2062d6040 : 1 stores
Line 0xea2062d60c0 : 2 stores
Line 0xea2062f3d00 : 3 stores
Line 0x98f56907a700 : 1 stores
Line 0xea2062f3c40 : 2 stores
Line 0x98f56907a640 : 4 stores
Line 0xea2062b59c0 : 1 stores
Line 0xea2062f3bc0 : 3 stores
Line 0x98f56907a5c0 : 1 stores
Line 0xea2062f3b00 : 2 stores
Line 0x98f56907a500 : 4 stores
Line 0xea2062f3a80 : 3 stores
Line 0x98f56907a480 : 1 stores
Line 0xea2062f39c0 : 2 stores
Line 0x98f56907a3c0 : 4 stores
Line 0xea2062f3940 : 3 stores
Line 0x98f56907a340 : 1 stores
Line 0xea2062f3880 : 2 stores
Line 0x98f56907a280 : 4 stores
Line 0xea2062f3800 : 3 stores
Line 0x98f56907a200 : 1 stores
Line 0xea2062f3740 : 2 stores
Line 0x98f56907a140 : 4 stores
Line 0xea2062f36c0 : 3 stores
Line 0x98f56907a0c0 : 1 stores
Line 0xea2062f3600 : 2 stores
Line 0x98f56907a000 : 4 stores
Line 0xea2062f3580 : 3 stores
Line 0x98f569079f80 : 2 stores
Line 0xea2062f34c0 : 2 stores
Line 0x98f569079ec0 : 4 stores
Line 0xea2062f3380 : 2 stores
Line 0xea2062f3240 : 2 stores
Line 0xea2062b1fc0 : 1 stores
Line 0xea2062f3100 : 2 stores
Line 0xea2062b1e80 : 1 stores
Line 0xea2062b1d40 : 1 stores
Line 0xe8035e3d5600 : 2 stores
Line 0xd79e6298dec0 : 2 stores
Line 0xea2062b1c00 : 1 stores
Line 0xe8035e3d54c0 : 2 stores
Line 0xd79e6298dd80 : 2 stores
Line 0xea2062b1ac0 : 1 stores
Line 0xe8035e3d5380 : 2 stores
Line 0xd79e6298dc40 : 2 stores
Line 0xea2062cef80 : 1 stores
Line 0xea2062b1980 : 1 stores
Line 0xe8035e3d5240 : 2 stores
Line 0xd79e6298db00 : 2 stores
Line 0xea2062cff40 : 2 stores
Line 0x98f569056940 : 3 stores
Line 0xea2062cee40 : 1 stores
Line 0xea2062cfe00 : 2 stores
Line 0x98f569056800 : 3 stores
Line 0xea2062ced00 : 1 stores
Line 0xea2062cfcc0 : 2 stores
Line 0x98f5690566c0 : 3 stores
Line 0xea2062cebc0 : 1 stores
Line 0xea2062cfb80 : 2 stores
Line 0x98f569056580 : 3 stores
Line 0xea2062cea80 : 1 stores
Line 0xea2062edf40 : 2 stores
Line 0xea2062cfa40 : 2 stores
Line 0x98f569056440 : 3 stores
Line 0xea2062edf00 : 4 stores
Line 0xea2062ce940 : 1 stores
Line 0xea2062ede00 : 2 stores
Line 0xea2062cf900 : 2 stores
Line 0x98f569056300 : 3 stores
Line 0xea2062eddc0 : 4 stores
Line 0xea2062ce800 : 1 stores
Line 0xea2062edcc0 : 2 stores
Line 0xea2062cf7c0 : 2 stores
Line 0x98f5690561c0 : 3 stores
Line 0xea2062ee400 : 4 stores
Line 0xea2062edc80 : 4 stores
Line 0xea2062ce6c0 : 1 stores
Line 0xea2062edb80 : 2 stores
Line 0xea2062cf680 : 2 stores
Line 0x98f569056080 : 3 stores
Line 0xea2062ee2c0 : 4 stores
Line 0xea2062edb40 : 4 stores
Line 0xea2062ce580 : 1 stores
Line 0xea2062eda40 : 2 stores
Line 0xea2062cf540 : 2 stores
Line 0x98f569055f40 : 1 stores
Line 0xea2062ee180 : 4 stores
Line 0xea2062eda00 : 4 stores
Line 0xea2062ed900 : 2 stores
Line 0xea2062cf380 : 1 stores
Line 0xea2062cf400 : 2 stores
Line 0x98f569055e00 : 1 stores
Line 0xea2062ee040 : 4 stores
Line 0xea2062ed8c0 : 4 stores
Line 0xea2062ed7c0 : 2 stores
Line 0xea2062cf240 : 1 stores
Line 0xea2062cf2c0 : 2 stores
Line 0xea2062ed780 : 4 stores
Line 0xea2062ed680 : 2 stores
Line 0xea2062cf100 : 1 stores
Line 0xea2062cf180 : 2 stores
Line 0xea2062ed640 : 4 stores
Line 0xea2062ed540 : 2 stores
Line 0xea2062cf040 : 2 stores
Line 0xea2062ed500 : 4 stores
Line 0xea2062ed440 : 6 stores
Line 0xea2062ed380 : 5 stores
Line 0xea2062ed3c0 : 4 stores
Line 0xea2062ed300 : 6 stores
Line 0xea2062ed240 : 5 stores
Line 0xea2062ed280 : 4 stores
Line 0xea2062ed1c0 : 6 stores
Line 0xea2062ed100 : 5 stores
Line 0xea2062ed140 : 4 stores
Line 0xea2062ed080 : 6 stores
Line 0xea2062e9fc0 : 5 stores
Line 0xea2062ed000 : 4 stores
Line 0xea2062e9f00 : 2 stores
Line 0xea2062e9f40 : 6 stores
Line 0xea2062e9e80 : 5 stores
Line 0xea2062e9ec0 : 4 stores
Line 0xea2062e9dc0 : 2 stores
Line 0xea2062e9e00 : 6 stores
Line 0xea2062e9d40 : 5 stores
Line 0xea2062e9d80 : 4 stores
Line 0xea2062e9c80 : 2 stores
Line 0xea2062ea440 : 2 stores
Line 0xea2062e9cc0 : 6 stores
Line 0xea2062e9c00 : 5 stores
Line 0xea2062ea3c0 : 3 stores
Line 0xea2062e9c40 : 4 stores
Line 0xea2062e9b40 : 2 stores
Line 0xea2062ea300 : 2 stores
Line 0xea2062e9b80 : 6 stores
Line 0xea2062e9ac0 : 5 stores
Line 0xea2062ea280 : 3 stores
Line 0xea2062e9b00 : 4 stores
Line 0xea2062e9a00 : 2 stores
Line 0xea2062ea1c0 : 2 stores
Line 0xea2062e9a40 : 6 stores
Line 0xea2062e9980 : 5 stores
Line 0xea2062ea140 : 3 stores
Line 0xea2062e99c0 : 4 stores
Line 0xea2062e98c0 : 2 stores
Line 0xea2062ea080 : 2 stores
Line 0xea2062ea000 : 3 stores
Line 0xea2062e9900 : 6 stores
Line 0xea2062e9840 : 5 stores
Line 0xea2062e9880 : 4 stores
Line 0xea2062e9780 : 2 stores
Line 0xea2062e97c0 : 6 stores
Line 0xea2062e9700 : 5 stores
Line 0xea2062e9740 : 4 stores
Line 0xea2062e9640 : 2 stores
Line 0xea2062e9680 : 6 stores
Line 0xea2062e95c0 : 5 stores
Line 0xea2062e9600 : 4 stores
Line 0xea2062e9500 : 2 stores
Line 0xea2062e9540 : 6 stores
Line 0xea2062e9480 : 5 stores
Line 0xea2062e94c0 : 4 stores
Line 0xea2062e9340 : 5 stores
Line 0xea2062e9200 : 5 stores
Line 0xea2062e90c0 : 5 stores
Line 0xea2062c63c0 : 1 stores
Line 0xea2062e3fc0 : 3 stores
Line 0x98f56906a9c0 : 2 stores
Line 0xea2062c6280 : 1 stores
Line 0xea2062e2f00 : 2 stores
Line 0xea2062e3f00 : 2 stores
Line 0x98f56906a900 : 3 stores
Line 0xea2062e3e80 : 3 stores
Line 0x98f56906a880 : 2 stores
Line 0xea2062c6140 : 1 stores
Line 0xea2062e2dc0 : 2 stores
Line 0xea2062e3dc0 : 2 stores
Line 0x98f56906a7c0 : 3 stores
Line 0xea2062e3d40 : 3 stores
Line 0x98f56906a740 : 2 stores
Line 0xea2062c6000 : 1 stores
Line 0xea2062e2c80 : 2 stores
Line 0xea2062e3c80 : 2 stores
Line 0x98f56906a680 : 3 stores
Line 0xea2062e3c00 : 3 stores
Line 0x98f56906a600 : 2 stores
Line 0xea2062e3b40 : 2 stores
Line 0x98f56906a540 : 3 stores
Line 0xea2062e2b40 : 2 stores
Line 0xea2062e3ac0 : 3 stores
Line 0x98f56906a4c0 : 2 stores
Line 0xea2062e2a00 : 2 stores
Line 0xea2062e3a00 : 2 stores
Line 0x98f56906a400 : 3 stores
Line 0xea2062e3980 : 3 stores
Line 0x98f56906a380 : 2 stores
Line 0xea2062e28c0 : 2 stores
Line 0xea2062e38c0 : 2 stores
Line 0x98f56906a2c0 : 3 stores
Line 0xea2062e3840 : 3 stores
Line 0x98f56906a240 : 2 stores
Line 0xea2062e2780 : 2 stores
Line 0xea2062e3780 : 2 stores
Line 0x98f56906a180 : 3 stores
Line 0xea2062e3700 : 3 stores
Line 0x98f56906a100 : 2 stores
Line 0xea2062e2640 : 2 stores
Line 0xea2062e3640 : 2 stores
Line 0x98f56906a040 : 3 stores
Line 0xea2062e35c0 : 3 stores
Line 0x98f569069fc0 : 1 stores
Line 0xea2062e2500 : 2 stores
Line 0xea2062e3500 : 2 stores
Line 0x98f569069f00 : 1 stores
Line 0xea2062e3480 : 3 stores
Line 0x98f569069e80 : 1 stores
Line 0xea2062e33c0 : 2 stores
Line 0x98f569069dc0 : 1 stores
Line 0xea2062e3340 : 3 stores
Line 0xea2062e3280 : 2 stores
Line 0xea2062e3200 : 3 stores
Line 0xea2062c2400 : 1 stores
Line 0xea2062e3140 : 2 stores
Line 0xea2062e30c0 : 3 stores
Line 0xea2062c2380 : 1 stores
Line 0xea2062c22c0 : 1 stores
Line 0xea2062e3000 : 2 stores
Line 0xea2062c2340 : 3 stores
Line 0xea2062dff80 : 3 stores
Line 0x98f569066980 : 4 stores
Line 0xea2062c2240 : 1 stores
Line 0xea2062c2180 : 1 stores
Line 0xea2062dfec0 : 2 stores
Line 0x98f5690668c0 : 6 stores
Line 0xea2062c2200 : 3 stores
Line 0xea2062dfe40 : 3 stores
Line 0x98f569066840 : 4 stores
Line 0xea2062c2100 : 1 stores
Line 0xea2062c2040 : 1 stores
Line 0xea2062dfd80 : 2 stores
Line 0x98f569066780 : 6 stores
Line 0xea2062c20c0 : 3 stores
Line 0xea2062dfd00 : 3 stores
Line 0x98f569066700 : 4 stores
Line 0xea2062dfc40 : 2 stores
Line 0x98f569066640 : 6 stores
Line 0xea2062dfbc0 : 3 stores
Line 0x98f5690665c0 : 4 stores
Line 0xea2062dfb00 : 2 stores
Line 0x98f569066500 : 6 stores
Line 0xea2062dfa80 : 3 stores
Line 0x98f569066480 : 4 stores
Line 0xea2062df9c0 : 2 stores
Line 0x98f5690663c0 : 6 stores
Line 0xea2062df940 : 3 stores
Line 0x98f569066340 : 4 stores
Line 0xea2062df880 : 2 stores
Line 0x98f569066280 : 6 stores
Line 0xea2062df800 : 3 stores
Line 0x98f569066200 : 4 stores
Line 0xea2062df740 : 2 stores
Line 0x98f569066140 : 6 stores
Line 0xe8035e392b80 : 2 stores
Line 0xea2063a9f00 : 1 stores
Line 0x8ad3301364c0 : 1 stores
Line 0xea2062df6c0 : 3 stores
Line 0x98f5690660c0 : 4 stores
Line 0xea2062df600 : 2 stores
Line 0x98f569066000 : 6 stores
Line 0xe8035e392a40 : 2 stores
Line 0xea2063a9dc0 : 1 stores
Line 0x8ad330136380 : 1 stores
Line 0xea2062df580 : 3 stores
Line 0x98f569065f80 : 4 stores
Line 0xea2062df4c0 : 2 stores
Line 0x98f569065ec0 : 4 stores
Line 0xe8035e392900 : 2 stores
Line 0xea2063a9c80 : 1 stores
Line 0x8ad330136240 : 1 stores
Line 0xea2062df440 : 3 stores
Line 0x98f569065e40 : 4 stores
Line 0xe8035e3927c0 : 2 stores
Line 0xea2063a9b40 : 1 stores
Line 0x8ad330136100 : 1 stores
Line 0xea2062df300 : 3 stores
Line 0xea2062df1c0 : 3 stores
Line 0xea2062df080 : 3 stores
Line 0xe8035e39ec40 : 2 stores
Line 0x8ad330142580 : 1 stores
Line 0xea2062baec0 : 1 stores
Line 0xe8035e39eb00 : 2 stores
Line 0x8ad330142440 : 1 stores
Line 0xea2062bad80 : 1 stores
Line 0xe8035e39e9c0 : 2 stores
Line 0x8ad330142300 : 1 stores
Line 0xea2062bac40 : 1 stores
Line 0xe8035e39e880 : 2 stores
Line 0x8ad3301421c0 : 1 stores
Line 0xea2062bab00 : 1 stores
Line 0xea2062d9f40 : 2 stores
Line 0xe8035e39e740 : 2 stores
Line 0x8ad330142080 : 1 stores
Line 0xea2062ba9c0 : 1 stores
Line 0xea2062d9ec0 : 5 stores
Line 0xea2062d9e00 : 2 stores
Line 0xea2062ba880 : 1 stores
Line 0xea2062d9d80 : 5 stores
Line 0xea2062ba900 : 3 stores
Line 0xea2062d9cc0 : 2 stores
Line 0xea2062ba740 : 1 stores
Line 0xea2062d9c40 : 5 stores
Line 0xea2062ba7c0 : 3 stores
Line 0xea2062d9b80 : 2 stores
Line 0xea2062ba600 : 1 stores
Line 0xea2062d9b00 : 5 stores
Line 0xea2062ba680 : 3 stores
Line 0xea2062d9a40 : 2 stores
Line 0xea2062ba4c0 : 1 stores
Line 0xea2062d99c0 : 5 stores
Line 0xea2062ba540 : 3 stores
Line 0xea2062d9900 : 2 stores
Line 0xea2062ba380 : 1 stores
Line 0xea2062d9880 : 5 stores
Line 0xea2062ba400 : 3 stores
Line 0xea2062d97c0 : 2 stores
Line 0xea2062ba240 : 1 stores
Line 0xea2062d9740 : 5 stores
Line 0xea2062ba2c0 : 3 stores
Line 0xea2062d9680 : 2 stores
Line 0xea2062ba100 : 1 stores
Line 0xea2062d9600 : 5 stores
Line 0xea2062ba180 : 3 stores
Line 0xea2062ba080 : 1 stores
Line 0xea2062d9540 : 2 stores
Line 0xe8035e39ad40 : 2 stores
Line 0x8ad33013e680 : 1 stores
Line 0xea2062b6fc0 : 1 stores
Line 0xea2062d94c0 : 5 stores
Line 0xea2062ba040 : 3 stores
Line 0xe8035e39ac00 : 2 stores
Line 0x8ad33013e540 : 1 stores
Line 0xea2062b6e80 : 1 stores
Line 0xea2062d9440 : 6 stores
Line 0xea2062d93c0 : 4 stores
Line 0xe8035e39aac0 : 2 stores
Line 0x8ad33013e400 : 1 stores
Line 0xea2062b6d40 : 1 stores
Line 0xea2062d9300 : 6 stores
Line 0xea2062d9280 : 4 stores
Line 0xe8035e39a980 : 2 stores
Line 0x8ad33013e2c0 : 1 stores
Line 0xea2062b6c00 : 1 stores
Line 0xea2062d91c0 : 6 stores
Line 0xea2062d9140 : 4 stores
Line 0xe8035e39a840 : 2 stores
Line 0x8ad33013e180 : 1 stores
Line 0xea2062b6ac0 : 1 stores
Line 0xea2062d9080 : 6 stores
Line 0xea2062d5fc0 : 5 stores
Line 0xea2062d9000 : 4 stores
Line 0xea2062d5f00 : 2 stores
Line 0xe8035e39a700 : 2 stores
Line 0x8ad33013e040 : 1 stores
Line 0xea2062b6980 : 1 stores
Line 0xea2062d5f40 : 6 stores
Line 0xea2062d5e80 : 5 stores
Line 0xea2062d5ec0 : 4 stores
Line 0xea2062b6900 : 1 stores
Line 0xea2062d5dc0 : 2 stores
Line 0xea2062b6840 : 1 stores
Line 0xea2062d5e00 : 6 stores
Line 0xea2062d5d40 : 5 stores
Line 0xea2062b68c0 : 3 stores
Line 0xea2062d5d80 : 4 stores
Line 0xea2062b67c0 : 1 stores
Line 0xea2062d5c80 : 2 stores
Line 0xea2062b6700 : 1 stores
Line 0xea2062d6440 : 2 stores
Line 0xea2062d5cc0 : 6 stores
Line 0xea2062d5c00 : 5 stores
Line 0xea2062b6780 : 3 stores
Line 0xea2062d63c0 : 4 stores
Line 0xea2062d5c40 : 4 stores
Line 0xea2062b6680 : 1 stores
Line 0xea2062d5b40 : 2 stores
Line 0xea2062b65c0 : 1 stores
Line 0xea2062d6300 : 2 stores
Line 0xea2062d5b80 : 6 stores
Line 0xea2062d5ac0 : 5 stores
Line 0xea2062b6640 : 3 stores
Line 0xea2062d6280 : 4 stores
Line 0xea2062d5b00 : 4 stores
Line 0xea2062b6540 : 1 stores
Line 0xea2062d5a00 : 2 stores
Line 0xea2062b6480 : 1 stores
Line 0xea2062d61c0 : 2 stores
Line 0xea2062d5a40 : 6 stores
Line 0xea2062d5980 : 5 stores
Line 0xea2062b6500 : 3 stores
Line 0xea2062d6140 : 4 stores
Line 0xea2062d59c0 : 4 stores
Line 0xea2062b6400 : 1 stores
Line 0xea2062d58c0 : 2 stores
Line 0xea2062b6340 : 1 stores
Line 0xea2062d6080 : 2 stores
Line 0xea2062d5900 : 6 stores
Line 0xea2062d5840 : 5 stores
Line 0xea2062b63c0 : 3 stores
Line 0xea2062d6000 : 4 stores
Line 0xea2062d5880 : 4 stores
Line 0xea2062b62c0 : 1 stores
Line 0xea2062d5780 : 2 stores
Line 0xea2062b6200 : 1 stores
Line 0xea2062d57c0 : 6 stores
Line 0xea2062d5700 : 5 stores
Line 0xea2062b6280 : 3 stores
Line 0xea2062d5740 : 4 stores
Line 0xea2062b6180 : 1 stores
Line 0xea2062d5640 : 2 stores
Line 0xea2062b60c0 : 1 stores
Line 0xea2062d5680 : 6 stores
Line 0xea2062d55c0 : 5 stores
Line 0xea2062b6140 : 3 stores
Line 0xea2062d5600 : 4 stores
Line 0xea2062b6040 : 1 stores
Line 0xea2062d5500 : 2 stores
Line 0xea2062d5540 : 6 stores
Line 0xea2062b2f80 : 1 stores
Line 0xe8035e3d6840 : 2 stores
Line 0xd79e6298f100 : 4 stores
Line 0xea2062d5480 : 5 stores
Line 0xea2062b6000 : 3 stores
Line 0xea2062d54c0 : 4 stores
Line 0xea2062d5400 : 6 stores
Line 0xe8035e396bc0 : 2 stores
Line 0xea2063adf40 : 1 stores
Line 0x8ad33013a500 : 1 stores
Line 0xea2062b2e40 : 1 stores
Line 0xea2062d52c0 : 6 stores
Line 0xe8035e396a80 : 2 stores
Line 0xea2063ade00 : 1 stores
Line 0x8ad33013a3c0 : 1 stores
Line 0xea2062b2d00 : 1 stores
Line 0xea2062d5180 : 6 stores
Line 0xe8035e396940 : 2 stores
Line 0xea2063adcc0 : 1 stores
Line 0x8ad33013a280 : 1 stores
Line 0xea2062b2bc0 : 1 stores
Line 0xea2062d5040 : 6 stores
Line 0xe8035e396800 : 2 stores
Line 0xea2063adb80 : 1 stores
Line 0x8ad33013a140 : 1 stores
Line 0xea2062b2a80 : 1 stores
Line 0xe8035e3966c0 : 2 stores
Line 0xea2063ada40 : 1 stores
Line 0x8ad33013a000 : 1 stores
Line 0xea2062b2940 : 1 stores
Line 0xea2062b28c0 : 1 stores
Line 0xe8035e3d6180 : 3 stores
Line 0xd79e6298ea40 : 2 stores
Line 0xea2062b2800 : 1 stores
Line 0xea2062b2880 : 2 stores
Line 0xea2062b2780 : 1 stores
Line 0xe8035e3d6040 : 3 stores
Line 0xd79e6298e900 : 2 stores
Line 0xea2062b26c0 : 1 stores
Line 0xea2062b2740 : 2 stores
Line 0xea2062b2640 : 1 stores
Line 0xe8035e3d5f00 : 1 stores
Line 0xd79e6298e7c0 : 2 stores
Line 0xea2062b2580 : 1 stores
Line 0xea2062b2600 : 2 stores
Line 0xea2062b2500 : 1 stores
Line 0xe8035e3d5dc0 : 1 stores
Line 0xd79e6298e680 : 2 stores
Line 0xe8035e448600 : 2 stores
Line 0xfdfd3a7c6d40 : 5 stores
Line 0xea2062b2440 : 1 stores
Line 0xea2062b24c0 : 2 stores
Line 0xea2062b23c0 : 1 stores
Line 0xe8035e3d5c80 : 1 stores
Line 0xd79e6298e540 : 2 stores
Line 0xe8035e4484c0 : 2 stores
Line 0xfdfd3a7c6c00 : 5 stores
Line 0xea2062b2300 : 1 stores
Line 0xea2062b2380 : 2 stores
Line 0xea2062cefc0 : 3 stores
Line 0xea2062cffc0 : 4 stores
Line 0x98f5690569c0 : 2 stores
Line 0xea2062b2280 : 1 stores
Line 0xe8035e3d5b40 : 1 stores
Line 0xd79e6298e400 : 2 stores
Line 0xea2062cef00 : 2 stores
Line 0xea2062cff00 : 2 stores
Line 0x98f569056900 : 1 stores
Line 0xe8035e448380 : 2 stores
Line 0xfdfd3a7c6ac0 : 5 stores
Line 0xea2062b21c0 : 1 stores
Line 0xea2062b2240 : 2 stores
Line 0xea2062cee80 : 3 stores
Line 0xea2062cfe80 : 4 stores
Line 0x98f569056880 : 2 stores
Line 0xea2062b2140 : 1 stores
Line 0xe8035e3d5a00 : 1 stores
Line 0xd79e6298e2c0 : 2 stores
Line 0xea2062cedc0 : 2 stores
Line 0xea2062cfdc0 : 2 stores
Line 0x98f5690567c0 : 1 stores
Line 0xe8035e448240 : 2 stores
Line 0xfdfd3a7c6980 : 5 stores
Line 0xea20632a140 : 1 stores
Line 0xea2062b2080 : 1 stores
Line 0xea2062b2100 : 2 stores
Line 0xea2062ced40 : 3 stores
Line 0xea2062cfd40 : 4 stores
Line 0x98f569056740 : 2 stores
Line 0xea2062b2000 : 1 stores
Line 0xe8035e3d58c0 : 1 stores
Line 0xd79e6298e180 : 2 stores
Line 0xea2062cec80 : 2 stores
Line 0xea2062cfc80 : 2 stores
Line 0x98f569056680 : 1 stores
Line 0xe8035e448100 : 2 stores
Line 0xfdfd3a7c6840 : 5 stores
Line 0xea20632a000 : 1 stores
Line 0xe8035e3a0600 : 6 stores
Line 0x8ad330143f40 : 1 stores
Line 0xe8035e3a0680 : 5 stores
Line 0x8ad330143fc0 : 2 stores
Line 0xea2062cec00 : 3 stores
Line 0xea2062cfc00 : 4 stores
Line 0x98f569056600 : 2 stores
Line 0xe8035e3a0580 : 4 stores
Line 0x8ad330143ec0 : 1 stores
Line 0xea2062cfb40 : 2 stores
Line 0x98f569056540 : 1 stores
Line 0xea2062ceb40 : 2 stores
Line 0xfdfd3a7c6700 : 5 stores
Line 0xea206329ec0 : 5 stores
Line 0xe8035e3a04c0 : 6 stores
Line 0x8ad330143e00 : 1 stores
Line 0xe8035e3a0540 : 5 stores
Line 0x8ad330143e80 : 2 stores
Line 0xea2062cfac0 : 4 stores
Line 0x98f5690564c0 : 2 stores
Line 0xea2062ceac0 : 3 stores
Line 0xe8035e3a0440 : 4 stores
Line 0x8ad330143d80 : 1 stores
Line 0xe8035e392cc0 : 2 stores
Line 0x8ad330136600 : 1 stores
Line 0xea2063aa040 : 2 stores
Line 0xea2062cfa00 : 2 stores
Line 0x98f569056400 : 1 stores
Line 0xea2062cea00 : 2 stores
Line 0xfdfd3a7c65c0 : 5 stores
Line 0xea206329d80 : 5 stores
Line 0xe8035e3a0380 : 6 stores
Line 0x8ad330143cc0 : 1 stores
Line 0xe8035e3a0400 : 5 stores
Line 0x8ad330143d40 : 2 stores
Line 0xea2062cf980 : 4 stores
Line 0x98f569056380 : 2 stores
Line 0xea2062ce980 : 3 stores
Line 0xe8035e3a0300 : 4 stores
Line 0x8ad330143c40 : 1 stores
Line 0xea2062cf8c0 : 2 stores
Line 0x98f5690562c0 : 1 stores
Line 0xea2062ce8c0 : 2 stores
Line 0xfdfd3a7c6480 : 5 stores
Line 0xea206329c40 : 5 stores
Line 0xe8035e3a0240 : 6 stores
Line 0x8ad330143b80 : 1 stores
Line 0xe8035e3a02c0 : 5 stores
Line 0x8ad330143c00 : 2 stores
Line 0xea2062cf840 : 4 stores
Line 0x98f569056240 : 2 stores
Line 0xea2062ce840 : 3 stores
Line 0xea2062cf780 : 2 stores
Line 0x98f569056180 : 1 stores
Line 0xea2062ce780 : 2 stores
Line 0xfdfd3a7c6340 : 4 stores
Line 0xea206329b00 : 5 stores
Line 0xea2062cf700 : 4 stores
Line 0x98f569056100 : 2 stores
Line 0xea2062ce700 : 3 stores
Line 0xea2062cf640 : 2 stores
Line 0x98f569056040 : 1 stores
Line 0xea2062ce640 : 2 stores
Line 0xfdfd3a7c6200 : 4 stores
Line 0xea2063299c0 : 5 stores
Line 0xea2062ce5c0 : 3 stores
Line 0xea2062cf5c0 : 4 stores
Line 0x98f569055fc0 : 1 stores
Line 0xea2062ce500 : 2 stores
Line 0xea2062cf500 : 2 stores
Line 0x98f569055f00 : 1 stores
Line 0xfdfd3a7c60c0 : 4 stores
Line 0xea206329880 : 5 stores
Line 0xea2062ce480 : 3 stores
Line 0xea2062cf480 : 4 stores
Line 0x98f569055e80 : 1 stores
Line 0xfdfd3a7c5f80 : 1 stores
Line 0xea206329740 : 5 stores
Line 0xea2062cf340 : 4 stores
Line 0xfdfd3a7c5e40 : 1 stores
Line 0xea206329600 : 5 stores
Line 0xea2062cf200 : 4 stores
Line 0xea2062cf0c0 : 4 stores
Line 0xea2062cd400 : 5 stores
Line 0xea2062b98c0 : 1 stores
Line 0xe8035e39d640 : 3 stores
Line 0x8ad330140f80 : 2 stores
Line 0xea2062cd440 : 4 stores
Line 0xea2062cd340 : 2 stores
Line 0xea2062cd380 : 6 stores
Line 0xea2062cd2c0 : 5 stores
Line 0xea2062b9780 : 1 stores
Line 0xe8035e39d500 : 3 stores
Line 0x8ad330140e40 : 2 stores
Line 0xea2062cd300 : 4 stores
Line 0xea2062cd200 : 2 stores
Line 0xea2062cd240 : 6 stores
Line 0xea2062cd180 : 5 stores
Line 0xea2062b9640 : 1 stores
Line 0xe8035e39d3c0 : 3 stores
Line 0x8ad330140d00 : 2 stores
Line 0xea2062cd1c0 : 4 stores
Line 0xea2062cd0c0 : 2 stores
Line 0xea2062cd100 : 6 stores
Line 0xea2062cd040 : 5 stores
Line 0xea2062b9500 : 1 stores
Line 0xe8035e39d280 : 3 stores
Line 0x8ad330140bc0 : 2 stores
Line 0xea2062cd080 : 4 stores
Line 0xe8035e38aec0 : 2 stores
Line 0xea2063a2240 : 2 stores
Line 0xe8035e38ae00 : 1 stores
Line 0xea2063a2180 : 4 stores
Line 0xea2062b5880 : 1 stores
Line 0xe8035e399600 : 3 stores
Line 0x8ad33013cf40 : 2 stores
Line 0xea2063a3200 : 2 stores
Line 0xe8035e38ae80 : 1 stores
Line 0xea2063a2200 : 2 stores
Line 0xe8035e38ad80 : 2 stores
Line 0xea2063a2100 : 2 stores
Line 0xe8035e38acc0 : 1 stores
Line 0xea2063a2040 : 4 stores
Line 0xea2062b5740 : 1 stores
Line 0xe8035e3994c0 : 3 stores
Line 0x8ad33013ce00 : 2 stores
Line 0xea2063a30c0 : 2 stores
Line 0xe8035e38ad40 : 1 stores
Line 0xea2063a20c0 : 2 stores
Line 0xe8035e38ab80 : 1 stores
Line 0xea2063a1f00 : 4 stores
Line 0xea2062b5600 : 1 stores
Line 0xe8035e3d8ec0 : 1 stores
Line 0xd79e62991780 : 2 stores
Line 0xe8035e399380 : 3 stores
Line 0x8ad33013ccc0 : 2 stores
Line 0xea2063a2f80 : 1 stores
Line 0xe8035e38ac00 : 1 stores
Line 0xea2063a1f80 : 6 stores
Line 0xe8035e38aa40 : 1 stores
Line 0xea2063a1dc0 : 4 stores
Line 0xea2062b54c0 : 1 stores
Line 0xe8035e3d8d80 : 1 stores
Line 0xd79e62991640 : 2 stores
Line 0xe8035e399240 : 3 stores
Line 0x8ad33013cb80 : 2 stores
Line 0xea2063a2e40 : 1 stores
Line 0xe8035e38aac0 : 1 stores
Line 0xea2063a1e40 : 6 stores
Line 0xe8035e38a900 : 1 stores
Line 0xea2063a1c80 : 4 stores
Line 0xea2062c5f80 : 6 stores
Line 0xea2062c5ec0 : 5 stores
Line 0xe8035e38a980 : 1 stores
Line 0xea2063a1d00 : 6 stores
Line 0xea2062b5380 : 1 stores
Line 0xe8035e3d8c40 : 1 stores
Line 0xd79e62991500 : 2 stores
Line 0xe8035e399100 : 3 stores
Line 0x8ad33013ca40 : 2 stores
Line 0xea2063a2d00 : 1 stores
Line 0xea2062c5f00 : 4 stores
Line 0xe8035e38a7c0 : 1 stores
Line 0xea2063a1b40 : 4 stores
Line 0xea2062c5e40 : 6 stores
Line 0xea2062c5d80 : 5 stores
Line 0xea2062b5240 : 1 stores
Line 0xe8035e3d8b00 : 1 stores
Line 0xd79e629913c0 : 2 stores
Line 0xe8035e398fc0 : 1 stores
Line 0x8ad33013c900 : 2 stores
Line 0xea2063a2bc0 : 1 stores
Line 0xe8035e38a840 : 1 stores
Line 0xea2063a1bc0 : 6 stores
Line 0xea2062c5dc0 : 4 stores
Line 0xe8035e38a680 : 1 stores
Line 0xea2063a1a00 : 4 stores
Line 0xea2062c5d00 : 6 stores
Line 0xea2062c5c40 : 5 stores
Line 0xea2062b5100 : 1 stores
Line 0xe8035e3d89c0 : 1 stores
Line 0xd79e62991280 : 2 stores
Line 0xe8035e398e80 : 1 stores
Line 0x8ad33013c7c0 : 2 stores
Line 0xea2063a2a80 : 1 stores
Line 0xe8035e38a700 : 1 stores
Line 0xea2063a1a80 : 6 stores
Line 0xea2062c6400 : 3 stores
Line 0xea2062c5c80 : 4 stores
Line 0xea2062c6340 : 2 stores
Line 0xea2062c5bc0 : 6 stores
Line 0xe8035e398cc0 : 2 stores
Line 0x8ad33013c600 : 1 stores
Line 0xea2063a28c0 : 1 stores
Line 0xea2062c5b00 : 5 stores
Line 0xe8035e398d40 : 1 stores
Line 0x8ad33013c680 : 2 stores
Line 0xea2063a2940 : 1 stores
Line 0xea2062c62c0 : 3 stores
Line 0xea2062c5b40 : 4 stores
Line 0xea2063a2840 : 2 stores
Line 0xea2062b3ec0 : 3 stores
Line 0xea2062c6200 : 2 stores
Line 0xea2062c5a80 : 6 stores
Line 0xea2063a2780 : 1 stores
Line 0xea2062c59c0 : 5 stores
Line 0xea2063a2800 : 1 stores
Line 0xea2062c6180 : 3 stores
Line 0xea2062c5a00 : 4 stores
Line 0xea2063a2700 : 2 stores
Line 0xea2062b3d80 : 3 stores
Line 0xea2062c60c0 : 2 stores
Line 0xea2062c5940 : 6 stores
Line 0xea2063a2640 : 1 stores
Line 0xea2062c6040 : 3 stores
Line 0xea2062c5880 : 5 stores
Line 0xea2063a26c0 : 1 stores
Line 0xea2062c58c0 : 4 stores
Line 0xea2063a25c0 : 2 stores
Line 0xea2062b3c40 : 3 stores
Line 0xea2062c5800 : 6 stores
Line 0xea2063a2500 : 1 stores
Line 0xea2062c5740 : 5 stores
Line 0xea2063a2580 : 1 stores
Line 0xea2062c5780 : 4 stores
Line 0xea2062b3b00 : 3 stores
Line 0xea2063a2480 : 2 stores
Line 0xea2062c56c0 : 6 stores
Line 0xea2063a23c0 : 1 stores
Line 0xea2062c5600 : 5 stores
Line 0xea2063a2440 : 1 stores
Line 0xea2062c5640 : 4 stores
Line 0xe8035e38afc0 : 1 stores
Line 0xea2063a2340 : 2 stores
Line 0xea2062b39c0 : 3 stores
Line 0xe8035e386f00 : 1 stores
Line 0xea20639e280 : 3 stores
Line 0xea2062c5580 : 6 stores
Line 0xea2062c54c0 : 5 stores
Line 0xe8035e38af80 : 4 stores
Line 0xea2063a2300 : 1 stores
Line 0xea2062c5500 : 4 stores
Line 0xe8035e386e80 : 2 stores
Line 0xea20639e200 : 3 stores
Line 0xe8035e386dc0 : 1 stores
Line 0xea20639e140 : 3 stores
Line 0xea2062c5440 : 6 stores
Line 0xea2062b1840 : 1 stores
Line 0xe8035e3d5100 : 2 stores
Line 0xd79e6298d9c0 : 2 stores
Line 0xe8035e3955c0 : 3 stores
Line 0x8ad330138f00 : 2 stores
Line 0xea20639f1c0 : 2 stores
Line 0xe8035e386e40 : 1 stores
Line 0xea20639e1c0 : 2 stores
Line 0xea2062c53c0 : 4 stores
Line 0xe8035e386d40 : 2 stores
Line 0xea20639e0c0 : 3 stores
Line 0xe8035e386c80 : 1 stores
Line 0xea20639e000 : 3 stores
Line 0xea2062c5300 : 6 stores
Line 0xea2062b1700 : 1 stores
Line 0xe8035e3d4fc0 : 1 stores
Line 0xd79e6298d880 : 2 stores
Line 0xe8035e395480 : 3 stores
Line 0x8ad330138dc0 : 2 stores
Line 0xea20639f080 : 2 stores
Line 0xe8035e386d00 : 1 stores
Line 0xea20639e080 : 2 stores
Line 0xea2062c5280 : 4 stores
Line 0xe8035e386b40 : 1 stores
Line 0xea20639dec0 : 4 stores
Line 0xea2062c51c0 : 6 stores
Line 0xea2062b15c0 : 1 stores
Line 0xe8035e3d4e80 : 1 stores
Line 0xd79e6298d740 : 2 stores
Line 0xe8035e395340 : 3 stores
Line 0x8ad330138c80 : 2 stores
Line 0xea20639ef40 : 1 stores
Line 0xe8035e386bc0 : 1 stores
Line 0xea20639df40 : 6 stores
Line 0xea2062c5140 : 4 stores
Line 0xe8035e386a00 : 1 stores
Line 0xea20639dd80 : 4 stores
Line 0xea2062c5080 : 6 stores
Line 0xea2062c5000 : 4 stores
Line 0xea2062c1fc0 : 5 stores
Line 0xea2062b1480 : 1 stores
Line 0xe8035e3d4d40 : 1 stores
Line 0xd79e6298d600 : 2 stores
Line 0xe8035e395200 : 3 stores
Line 0x8ad330138b40 : 2 stores
Line 0xea20639ee00 : 1 stores
Line 0xe8035e386a80 : 1 stores
Line 0xea20639de00 : 6 stores
Line 0xea2062c1f00 : 2 stores
Line 0xe8035e3868c0 : 1 stores
Line 0xea20639dc40 : 4 stores
Line 0xea2062c1f40 : 6 stores
Line 0xea2062c1e80 : 5 stores
Line 0xe8035e386940 : 1 stores
Line 0xea20639dcc0 : 6 stores
Line 0xea2062b1340 : 1 stores
Line 0xe8035e3d4c00 : 1 stores
Line 0xd79e6298d4c0 : 2 stores
Line 0xe8035e3950c0 : 3 stores
Line 0x8ad330138a00 : 2 stores
Line 0xea20639ecc0 : 1 stores
Line 0xea2062c1ec0 : 4 stores
Line 0xea2062c1dc0 : 2 stores
Line 0xe8035e386780 : 1 stores
Line 0xea20639db00 : 4 stores
Line 0xea2062c1e00 : 6 stores
Line 0xea2062c1d40 : 5 stores
Line 0xe8035e386800 : 1 stores
Line 0xea20639db80 : 6 stores
Line 0xea2062b1200 : 1 stores
Line 0xe8035e3d4ac0 : 1 stores
Line 0xd79e6298d380 : 2 stores
Line 0xe8035e394f80 : 1 stores
Line 0x8ad3301388c0 : 2 stores
Line 0xea20639eb80 : 1 stores
Line 0xea2062c1d80 : 4 stores
Line 0xea2062c1c80 : 2 stores
Line 0xe8035e386640 : 1 stores
Line 0xea20639d9c0 : 4 stores
Line 0xea2062c2440 : 2 stores
Line 0xea2062c1cc0 : 6 stores
Line 0xea2062c1c00 : 5 stores
Line 0xe8035e3866c0 : 1 stores
Line 0xea20639da40 : 6 stores
Line 0xea2062b10c0 : 1 stores
Line 0xe8035e3d4980 : 1 stores
Line 0xd79e6298d240 : 2 stores
Line 0xe8035e394e40 : 1 stores
Line 0x8ad330138780 : 2 stores
Line 0xea20639ea40 : 1 stores
Line 0xea2062c23c0 : 3 stores
Line 0xea2062c1c40 : 4 stores
Line 0xea2062affc0 : 3 stores
Line 0xe8035e394d40 : 5 stores
Line 0x8ad330138680 : 1 stores
Line 0xea20639e940 : 2 stores
Line 0xea2062c1b40 : 2 stores
Line 0xea2062c2300 : 2 stores
Line 0xea2062c1b80 : 6 stores
Line 0xe8035e394c80 : 2 stores
Line 0x8ad3301385c0 : 1 stores
Line 0xea20639e880 : 1 stores
Line 0xea2062c1ac0 : 5 stores
Line 0xe8035e394d00 : 1 stores
Line 0x8ad330138640 : 2 stores
Line 0xea20639e900 : 1 stores
Line 0xea2062c2280 : 3 stores
Line 0xea2062c1b00 : 4 stores
Line 0xea2062afe80 : 3 stores
Line 0xea20639e800 : 2 stores
Line 0xea2062c1a00 : 2 stores
Line 0xea2062c21c0 : 2 stores
Line 0xea2062c1a40 : 6 stores
Line 0xea20639e740 : 1 stores
Line 0xea2062c1980 : 5 stores
Line 0xea20639e7c0 : 1 stores
Line 0xea2062c2140 : 3 stores
Line 0xea2062c19c0 : 4 stores
Line 0xea20639e6c0 : 2 stores
Line 0xea2062afd40 : 3 stores
Line 0xea2062c18c0 : 2 stores
Line 0xea2062c2080 : 2 stores
Line 0xea2062c1900 : 6 stores
Line 0xea20639e600 : 1 stores
Line 0xea2062c2000 : 3 stores
Line 0xea2062c1840 : 5 stores
Line 0xea20639e680 : 1 stores
Line 0xea2062c1880 : 4 stores
Line 0xea20639e580 : 2 stores
Line 0xea2062afc00 : 3 stores
Line 0xea2062c1780 : 2 stores
Line 0xea2062c17c0 : 6 stores
Line 0xea20639e4c0 : 1 stores
Line 0xea2062c1700 : 5 stores
Line 0xea20639e540 : 1 stores
Line 0xea2062c1740 : 4 stores
Line 0xea20639e440 : 2 stores
Line 0xea2062afac0 : 3 stores
Line 0xea2062c1640 : 2 stores
Line 0xea2062c1680 : 6 stores
Line 0xea20639e380 : 1 stores
Line 0xea2062c15c0 : 5 stores
Line 0xea20639e400 : 1 stores
Line 0xea2062c1600 : 4 stores
Line 0xe8035e386f80 : 1 stores
Line 0xea20639e300 : 2 stores
Line 0xea2062af980 : 3 stores
Line 0xea2062c1500 : 2 stores
Line 0xe8035e382ec0 : 1 stores
Line 0xea20639a240 : 4 stores
Line 0xea2062c1540 : 6 stores
Line 0x98f569043e00 : 1 stores
Line 0xea20631a040 : 1 stores
Line 0xe8035e391640 : 1 stores
Line 0x8ad330134f80 : 1 stores
Line 0xea20639b240 : 3 stores
Line 0xea2062c1480 : 5 stores
Line 0xe8035e386f40 : 4 stores
Line 0xea20639e2c0 : 1 stores
Line 0xea2062c14c0 : 4 stores
Line 0xe8035e3915c0 : 1 stores
Line 0x8ad330134f00 : 1 stores
Line 0xea20639b1c0 : 3 stores
Line 0xe8035e382e40 : 2 stores
Line 0xea20639a1c0 : 2 stores
Line 0xe8035e382d80 : 1 stores
Line 0xea20639a100 : 4 stores
Line 0x98f569043cc0 : 1 stores
Line 0xea206319f00 : 5 stores
Line 0xe8035e391500 : 1 stores
Line 0x8ad330134e40 : 1 stores
Line 0xea20639b100 : 3 stores
Line 0xe8035e391580 : 2 stores
Line 0x8ad330134ec0 : 2 stores
Line 0xea20639b180 : 2 stores
Line 0xe8035e382e00 : 1 stores
Line 0xea20639a180 : 2 stores
Line 0xea2062c1380 : 4 stores
Line 0xe8035e391480 : 1 stores
Line 0x8ad330134dc0 : 1 stores
Line 0xea20639b080 : 3 stores
Line 0xe8035e382d00 : 2 stores
Line 0xea20639a080 : 2 stores
Line 0xe8035e382c40 : 1 stores
Line 0xea206399fc0 : 4 stores
Line 0x98f569043b80 : 1 stores
Line 0xea206319dc0 : 5 stores
Line 0xe8035e3913c0 : 1 stores
Line 0x8ad330134d00 : 1 stores
Line 0xea20639afc0 : 1 stores
Line 0xe8035e382cc0 : 1 stores
Line 0xea20639a040 : 2 stores
Line 0xe8035e391440 : 2 stores
Line 0x8ad330134d80 : 2 stores
Line 0xea20639b040 : 2 stores
Line 0xea2062c1240 : 4 stores
Line 0xe8035e391340 : 1 stores
Line 0x8ad330134c80 : 1 stores
Line 0xea20639af40 : 2 stores
Line 0xe8035e382b00 : 1 stores
Line 0xea206399e80 : 4 stores
Line 0x98f569043a40 : 1 stores
Line 0xea206319c80 : 5 stores
Line 0xe8035e391280 : 1 stores
Line 0x8ad330134bc0 : 1 stores
Line 0xea20639ae80 : 1 stores
Line 0xe8035e382b80 : 1 stores
Line 0xea206399f00 : 6 stores
Line 0xe8035e391300 : 2 stores
Line 0x8ad330134c40 : 2 stores
Line 0xea20639af00 : 1 stores
Line 0xea2062c1100 : 4 stores
Line 0xe8035e391200 : 1 stores
Line 0x8ad330134b40 : 1 stores
Line 0xea20639ae00 : 2 stores
Line 0xe8035e3829c0 : 1 stores
Line 0xea206399d40 : 4 stores
Line 0xe8035e391140 : 1 stores
Line 0x8ad330134a80 : 1 stores
Line 0xea20639ad40 : 1 stores
Line 0xe8035e3911c0 : 2 stores
Line 0x8ad330134b00 : 2 stores
Line 0xea20639adc0 : 1 stores
Line 0xe8035e382a40 : 1 stores
Line 0xea206399dc0 : 6 stores
Line 0xe8035e3910c0 : 1 stores
Line 0x8ad330134a00 : 1 stores
Line 0xea20639acc0 : 2 stores
Line 0xe8035e382940 : 2 stores
Line 0xea206399cc0 : 1 stores
Line 0xe8035e382880 : 1 stores
Line 0xea206399c00 : 4 stores
Line 0xe8035e391000 : 1 stores
Line 0x8ad330134940 : 1 stores
Line 0xea20639ac00 : 1 stores
Line 0xe8035e391080 : 2 stores
Line 0x8ad3301349c0 : 2 stores
Line 0xea20639ac80 : 1 stores
Line 0xe8035e382900 : 1 stores
Line 0xea206399c80 : 6 stores
Line 0xe8035e390f80 : 5 stores
Line 0x8ad3301348c0 : 1 stores
Line 0xea20639ab80 : 2 stores
Line 0xe8035e382800 : 2 stores
Line 0xea206399b80 : 1 stores
Line 0xea2063a7240 : 2 stores
Line 0x8ad330133800 : 1 stores
Line 0xe8035e382740 : 1 stores
Line 0xea206399ac0 : 4 stores
Line 0xe8035e390ec0 : 2 stores
Line 0x8ad330134800 : 1 stores
Line 0xea20639aac0 : 1 stores
Line 0xe8035e3827c0 : 1 stores
Line 0xea206399b40 : 6 stores
Line 0xe8035e390f40 : 1 stores
Line 0x8ad330134880 : 2 stores
Line 0xea20639ab40 : 1 stores
Line 0xe8035e3826c0 : 2 stores
Line 0xea206399a40 : 1 stores
Line 0xe8035e390e40 : 5 stores
Line 0x8ad330134780 : 1 stores
Line 0xea20639aa40 : 2 stores
Line 0xea2063a7100 : 2 stores
Line 0x8ad3301336c0 : 1 stores
Line 0xe8035e382600 : 1 stores
Line 0xea206399980 : 4 stores
Line 0xe8035e390d80 : 2 stores
Line 0x8ad3301346c0 : 1 stores
Line 0xea20639a980 : 1 stores
Line 0xe8035e382680 : 1 stores
Line 0xea206399a00 : 6 stores
Line 0xe8035e390e00 : 1 stores
Line 0x8ad330134740 : 2 stores
Line 0xea20639aa00 : 1 stores
Line 0xe8035e382580 : 2 stores
Line 0xea206399900 : 1 stores
Line 0xe8035e390d00 : 5 stores
Line 0x8ad330134640 : 1 stores
Line 0xea20639a900 : 2 stores
Line 0xea2063a6fc0 : 1 stores
Line 0x8ad330133580 : 1 stores
Line 0xe8035e3824c0 : 1 stores
Line 0xea206399840 : 4 stores
Line 0xea20639a840 : 1 stores
Line 0xe8035e382540 : 1 stores
Line 0xea2063998c0 : 6 stores
Line 0xe8035e390cc0 : 1 stores
Line 0x8ad330134600 : 2 stores
Line 0xea20639a8c0 : 1 stores
Line 0xe8035e382440 : 2 stores
Line 0xea2063997c0 : 1 stores
Line 0xea20639a7c0 : 2 stores
Line 0xea2063a6e80 : 1 stores
Line 0x8ad330133440 : 1 stores
Line 0xe8035e382380 : 1 stores
Line 0xea206399700 : 4 stores
Line 0x98f5690402c0 : 1 stores
Line 0xea206316500 : 1 stores
Line 0xea20639a700 : 1 stores
Line 0xe8035e382400 : 1 stores
Line 0xea206399780 : 6 stores
Line 0xea20639a780 : 1 stores
Line 0xe8035e382300 : 2 stores
Line 0xea206399680 : 1 stores
Line 0xea20639a680 : 2 stores
Line 0xe8035e382240 : 1 stores
Line 0xea2063995c0 : 4 stores
Line 0x98f569040180 : 1 stores
Line 0xea2063163c0 : 1 stores
Line 0xea20639a5c0 : 1 stores
Line 0xe8035e3822c0 : 1 stores
Line 0xea206399640 : 6 stores
Line 0xea20639a640 : 1 stores
Line 0xe8035e3821c0 : 2 stores
Line 0xea206399540 : 1 stores
Line 0xea20639a540 : 2 stores
Line 0xe8035e382100 : 1 stores
Line 0xea206399480 : 4 stores
Line 0x98f569040040 : 1 stores
Line 0xea206316280 : 1 stores
Line 0xea20639a480 : 1 stores
Line 0xea20639a500 : 1 stores
Line 0xe8035e382180 : 1 stores
Line 0xea206399500 : 6 stores
Line 0xea20639a400 : 2 stores
Line 0xe8035e382080 : 2 stores
Line 0xea206399400 : 1 stores
Line 0xe8035e381fc0 : 3 stores
Line 0xea206399340 : 4 stores
Line 0xea206316140 : 1 stores
Line 0xe8035e382fc0 : 2 stores
Line 0xea20639a340 : 1 stores
Line 0xea20639a3c0 : 1 stores
Line 0xe8035e382040 : 1 stores
Line 0xea2063993c0 : 6 stores
Line 0xe8035e382f40 : 1 stores
Line 0xea20639a2c0 : 2 stores
Line 0xe8035e381f40 : 1 stores
Line 0xea2063992c0 : 1 stores
Line 0xea206316000 : 1 stores
Line 0xe8035e378e00 : 5 stores
Line 0x98f5690b9f40 : 1 stores
Line 0xea2062bd440 : 5 stores
Line 0xe8035e378e80 : 2 stores
Line 0x98f5690b9fc0 : 2 stores
Line 0xea2063335c0 : 4 stores
Line 0xe8035e378d80 : 6 stores
Line 0x98f5690b9ec0 : 1 stores
Line 0xea2062bd380 : 2 stores
Line 0xea2062bd3c0 : 6 stores
Line 0xea206315ec0 : 5 stores
Line 0xe8035e378cc0 : 5 stores
Line 0x98f5690b9e00 : 1 stores
Line 0xea2062bd300 : 5 stores
Line 0xe8035e378d40 : 2 stores
Line 0x98f5690b9e80 : 2 stores
Line 0xea206333480 : 4 stores
Line 0xea2062bd340 : 4 stores
Line 0xe8035e379c40 : 1 stores
Line 0x98f5690bad80 : 1 stores
Line 0xea2062bd240 : 2 stores
Line 0xe8035e379b80 : 3 stores
Line 0x98f5690bacc0 : 1 stores
Line 0xea2062bd280 : 6 stores
Line 0xea206315d80 : 5 stores
Line 0xea2062bd1c0 : 5 stores
Line 0xea206333340 : 4 stores
Line 0xe8035e379c00 : 3 stores
Line 0x98f5690bad40 : 3 stores
Line 0xea2062bd200 : 4 stores
Line 0xe8035e379b00 : 1 stores
Line 0x98f5690bac40 : 1 stores
Line 0xea2062bd100 : 2 stores
Line 0xe8035e379a40 : 3 stores
Line 0x98f5690bab80 : 1 stores
Line 0xea206315c40 : 5 stores
Line 0xea2062bd140 : 6 stores
Line 0xea2062bd080 : 5 stores
Line 0xe8035e379ac0 : 3 stores
Line 0x98f5690bac00 : 3 stores
Line 0xea2062ba840 : 3 stores
Line 0xea2062bd0c0 : 4 stores
Line 0xe8035e3799c0 : 1 stores
Line 0x98f5690bab00 : 1 stores
Line 0xea2062b9fc0 : 2 stores
Line 0xe8035e379900 : 3 stores
Line 0x98f5690baa40 : 1 stores
Line 0xea206315b00 : 5 stores
Line 0xea2062bd000 : 6 stores
Line 0x98f56905ce00 : 5 stores
Line 0xea206333040 : 2 stores
Line 0xea2062b9f40 : 5 stores
Line 0xe8035e379980 : 3 stores
Line 0x98f5690baac0 : 3 stores
Line 0xea2062ba700 : 3 stores
Line 0xe8035e379880 : 1 stores
Line 0x98f5690ba9c0 : 1 stores
Line 0xea206333fc0 : 4 stores
Line 0x98f56905cd80 : 6 stores
Line 0xea206332fc0 : 3 stores
Line 0xea2062b9e80 : 2 stores
Line 0xe8035e3797c0 : 3 stores
Line 0x98f5690ba900 : 1 stores
Line 0xea206333f00 : 2 stores
Line 0xea2063159c0 : 5 stores
Line 0x98f56905ccc0 : 5 stores
Line 0xea206332f00 : 2 stores
Line 0xea2062b9e00 : 5 stores
Line 0x98f56905cd40 : 2 stores
Line 0xea206332f80 : 1 stores
Line 0xe8035e379840 : 3 stores
Line 0x98f5690ba980 : 3 stores
Line 0xea206333f80 : 1 stores
Line 0xea2062ba5c0 : 3 stores
Line 0x98f56905cc40 : 6 stores
Line 0xea206332e80 : 3 stores
Line 0xe8035e379740 : 1 stores
Line 0x98f5690ba880 : 1 stores
Line 0xea206333e80 : 4 stores
Line 0xea2062b9d40 : 2 stores
Line 0xe8035e379680 : 3 stores
Line 0x98f5690ba7c0 : 1 stores
Line 0xea206333dc0 : 2 stores
Line 0xea206315880 : 5 stores
Line 0x98f56905cb80 : 5 stores
Line 0xea206332dc0 : 2 stores
Line 0xea2062b9cc0 : 5 stores
Line 0xe8035e379700 : 3 stores
Line 0x98f5690ba840 : 3 stores
Line 0xea206333e40 : 1 stores
Line 0x98f56905cc00 : 2 stores
Line 0xea206332e40 : 1 stores
Line 0xea2062ba480 : 3 stores
Line 0xe8035e379600 : 1 stores
Line 0x98f5690ba740 : 1 stores
Line 0xea206333d40 : 4 stores
Line 0x98f56905cb00 : 6 stores
Line 0xea206332d40 : 3 stores
Line 0xea2062b9c00 : 2 stores
Line 0xe8035e379540 : 3 stores
Line 0x98f5690ba680 : 1 stores
Line 0xea206333c80 : 2 stores
Line 0x8ad330142a80 : 1 stores
Line 0xea206315740 : 5 stores
Line 0x98f56905ca40 : 5 stores
Line 0xea206332c80 : 2 stores
Line 0xea2062b9b80 : 5 stores
Line 0xe8035e3795c0 : 3 stores
Line 0x98f5690ba700 : 3 stores
Line 0xea206333d00 : 1 stores
Line 0x98f56905cac0 : 2 stores
Line 0xea206332d00 : 1 stores
Line 0xe8035e3794c0 : 1 stores
Line 0x98f5690ba600 : 1 stores
Line 0xea206333c00 : 4 stores
Line 0x98f56905c9c0 : 6 stores
Line 0xea206332c00 : 3 stores
Line 0xea2062b9ac0 : 2 stores
Line 0xe8035e379400 : 3 stores
Line 0x98f5690ba540 : 1 stores
Line 0xea206333b40 : 2 stores
Line 0x8ad330142940 : 1 stores
Line 0xea206315600 : 5 stores
Line 0x98f56905c900 : 5 stores
Line 0xea206332b40 : 2 stores
Line 0xea2062b9a40 : 5 stores
Line 0xe8035e379480 : 3 stores
Line 0x98f5690ba5c0 : 3 stores
Line 0xea206333bc0 : 1 stores
Line 0xe8035e379380 : 1 stores
Line 0x98f5690ba4c0 : 1 stores
Line 0xea206333ac0 : 4 stores
Line 0x98f56905c880 : 6 stores
Line 0xea206332ac0 : 3 stores
Line 0xea2062b9980 : 2 stores
Line 0xe8035e3792c0 : 3 stores
Line 0x98f5690ba400 : 1 stores
Line 0xea206333a00 : 2 stores
Line 0xe8035e39eec0 : 2 stores
Line 0x8ad330142800 : 1 stores
Line 0x98f56903c280 : 1 stores
Line 0xea2063124c0 : 1 stores
Line 0x98f56905c7c0 : 5 stores
Line 0xea206332a00 : 2 stores
Line 0xe8035e39d680 : 1 stores
Line 0x8ad330140fc0 : 1 stores
Line 0xea2062b9900 : 5 stores
Line 0xe8035e379340 : 3 stores
Line 0x98f5690ba480 : 3 stores
Line 0xea206333a80 : 1 stores
Line 0x98f56905c740 : 6 stores
Line 0xea206332980 : 3 stores
Line 0xe8035e379240 : 1 stores
Line 0x98f5690ba380 : 1 stores
Line 0xea206333980 : 4 stores
Line 0xe8035e39d5c0 : 1 stores
Line 0x8ad330140f00 : 1 stores
Line 0x8ad330133780 : 1 stores
Line 0xea2063a71c0 : 4 stores
Line 0xea2062b9840 : 2 stores
Line 0xe8035e39ed80 : 2 stores
Line 0x8ad3301426c0 : 1 stores
Line 0xea2062bb000 : 2 stores
Line 0xe8035e379180 : 3 stores
Line 0x98f5690ba2c0 : 1 stores
Line 0xea2063338c0 : 2 stores
Line 0x98f56903c140 : 1 stores
Line 0xea206312380 : 1 stores
Line 0x98f56905c680 : 5 stores
Line 0xea2063328c0 : 2 stores
Line 0xe8035e39d540 : 1 stores
Line 0x8ad330140e80 : 1 stores
Line 0xea2062b97c0 : 5 stores
Line 0xe8035e379200 : 3 stores
Line 0x98f5690ba340 : 3 stores
Line 0xea206333940 : 1 stores
Line 0x98f56905c600 : 6 stores
Line 0xea206332840 : 3 stores
Line 0xe8035e379100 : 1 stores
Line 0x98f5690ba240 : 1 stores
Line 0xea206333840 : 4 stores
Line 0xe8035e39d480 : 1 stores
Line 0x8ad330140dc0 : 1 stores
Line 0x8ad330133640 : 1 stores
Line 0xea2063a7080 : 4 stores
Line 0xea2062b9700 : 2 stores
Line 0xe8035e379040 : 3 stores
Line 0x98f5690ba180 : 1 stores
Line 0xea206333780 : 2 stores
Line 0x98f56903c000 : 1 stores
Line 0xea206312240 : 1 stores
Line 0x98f56905c540 : 5 stores
Line 0xea206332780 : 2 stores
Line 0xe8035e39d400 : 1 stores
Line 0x8ad330140d40 : 1 stores
Line 0xea2062b9680 : 5 stores
Line 0xe8035e3790c0 : 3 stores
Line 0x98f5690ba200 : 3 stores
Line 0xea206333800 : 1 stores
Line 0xe8035e378fc0 : 2 stores
Line 0x98f5690ba100 : 1 stores
Line 0xea206333700 : 4 stores
Line 0x98f56905c4c0 : 6 stores
Line 0xea206332700 : 3 stores
Line 0xe8035e39d340 : 1 stores
Line 0x8ad330140c80 : 1 stores
Line 0x8ad330133500 : 1 stores
Line 0xea2063a6f40 : 1 stores
Line 0xea2062b95c0 : 2 stores
Line 0xe8035e378f00 : 1 stores
Line 0x98f5690ba040 : 1 stores
Line 0xea206333640 : 2 stores
Line 0xea206312100 : 1 stores
Line 0x98f56905c400 : 5 stores
Line 0xea206332640 : 2 stores
Line 0xe8035e39d2c0 : 1 stores
Line 0x8ad330140c00 : 1 stores
Line 0xea2062b9540 : 5 stores
Line 0xe8035e378f80 : 4 stores
Line 0x98f5690ba0c0 : 3 stores
Line 0xea2063336c0 : 1 stores
Line 0xe8035e374e80 : 6 stores
Line 0x98f5690b5fc0 : 1 stores
Line 0xe8035e39d200 : 1 stores
Line 0x8ad330140b40 : 1 stores
Line 0x8ad3301333c0 : 1 stores
Line 0xea2063a6e00 : 1 stores
Line 0xea2062b9480 : 2 stores
Line 0xea206311fc0 : 5 stores
Line 0xe8035e374dc0 : 5 stores
Line 0x98f5690b5f00 : 1 stores
Line 0xe8035e374e40 : 2 stores
Line 0x98f5690b5f80 : 2 stores
Line 0xe8035e374d40 : 6 stores
Line 0x98f5690b5e80 : 1 stores
Line 0xea206311e80 : 5 stores
Line 0xe8035e374c80 : 5 stores
Line 0x98f5690b5dc0 : 1 stores
Line 0xe8035e374d00 : 2 stores
Line 0x98f5690b5e40 : 2 stores
Line 0xe8035e375c00 : 1 stores
Line 0x98f5690b6d40 : 1 stores
Line 0xe8035e375b40 : 3 stores
Line 0x98f5690b6c80 : 1 stores
Line 0xea206311d40 : 5 stores
Line 0xe8035e375bc0 : 3 stores
Line 0x98f5690b6d00 : 3 stores
Line 0xe8035e375ac0 : 1 stores
Line 0x98f5690b6c00 : 1 stores
Line 0xe8035e375a00 : 3 stores
Line 0x98f5690b6b40 : 1 stores
Line 0xea2062b6880 : 2 stores
Line 0xea206311c00 : 5 stores
Line 0xe8035e375a80 : 3 stores
Line 0x98f5690b6bc0 : 3 stores
Line 0xea2062b6800 : 3 stores
Line 0xe8035e375980 : 1 stores
Line 0x98f5690b6ac0 : 1 stores
Line 0xea2062b5f80 : 2 stores
Line 0xe8035e3758c0 : 3 stores
Line 0x98f5690b6a00 : 1 stores
Line 0xea2062b6740 : 2 stores
Line 0xea2062b5fc0 : 6 stores
Line 0xea206311ac0 : 5 stores
Line 0xea2062b5f00 : 5 stores
Line 0xe8035e375940 : 3 stores
Line 0x98f5690b6a80 : 3 stores
Line 0xea2062b66c0 : 3 stores
Line 0xea2062b5f40 : 4 stores
Line 0xe8035e375840 : 1 stores
Line 0x98f5690b6980 : 1 stores
Line 0xea2062b5e40 : 2 stores
Line 0xe8035e375780 : 3 stores
Line 0x98f5690b68c0 : 1 stores
Line 0xea2062b6600 : 2 stores
Line 0xea2062b5e80 : 6 stores
Line 0xea206311980 : 5 stores
Line 0xea2062b5dc0 : 5 stores
Line 0xe8035e375800 : 3 stores
Line 0x98f5690b6940 : 3 stores
Line 0xea20632ff40 : 1 stores
Line 0xea2062b6580 : 3 stores
Line 0xea2062b5e00 : 4 stores
Line 0xe8035e375700 : 1 stores
Line 0x98f5690b6840 : 1 stores
Line 0xea2062b5d00 : 2 stores
Line 0xe8035e375640 : 3 stores
Line 0x98f5690b6780 : 1 stores
Line 0xea2062b64c0 : 2 stores
Line 0xea2062b5d40 : 6 stores
Line 0xea206311840 : 5 stores
Line 0xea2062b5c80 : 5 stores
Line 0xe8035e3756c0 : 3 stores
Line 0x98f5690b6800 : 3 stores
Line 0xea20632fe00 : 1 stores
Line 0xea2062b6440 : 3 stores
Line 0xea2062b5cc0 : 4 stores
Line 0xe8035e3755c0 : 1 stores
Line 0x98f5690b6700 : 1 stores
Line 0xea2062b5bc0 : 2 stores
Line 0xe8035e375500 : 3 stores
Line 0x98f5690b6640 : 1 stores
Line 0x8ad33013ea40 : 1 stores
Line 0xea2062b7380 : 2 stores
Line 0xea2062b6380 : 2 stores
Line 0xea2062b5c00 : 6 stores
Line 0xea206311700 : 5 stores
Line 0xea2062b5b40 : 5 stores
Line 0xe8035e375580 : 3 stores
Line 0x98f5690b66c0 : 3 stores
Line 0xea20632fcc0 : 1 stores
Line 0xea2062b6300 : 3 stores
Line 0xea2062b5b80 : 4 stores
Line 0xe8035e375480 : 1 stores
Line 0x98f5690b65c0 : 1 stores
Line 0xea2062b5a80 : 2 stores
Line 0xe8035e3753c0 : 3 stores
Line 0x98f5690b6500 : 1 stores
Line 0xea2062b6240 : 2 stores
Line 0xe8035e39afc0 : 2 stores
Line 0x8ad33013e900 : 1 stores
Line 0xea2062b7240 : 2 stores
Line 0xea20630e5c0 : 1 stores
Line 0xea2062b5ac0 : 6 stores
Line 0xea2062b5a00 : 5 stores
Line 0xe8035e375440 : 3 stores
Line 0x98f5690b6580 : 3 stores
Line 0xea20632fb80 : 1 stores
Line 0xea2062b61c0 : 3 stores
Line 0xea2062b5a40 : 4 stores
Line 0xe8035e375340 : 1 stores
Line 0x98f5690b6480 : 1 stores
Line 0xea2062b5940 : 2 stores
Line 0xe8035e375280 : 3 stores
Line 0x98f5690b63c0 : 1 stores
Line 0xe8035e39ae80 : 2 stores
Line 0x8ad33013e7c0 : 1 stores
Line 0xea2062b7100 : 2 stores
Line 0xea2062b6100 : 2 stores
Line 0xea2062b5980 : 6 stores
Line 0xea20630e480 : 1 stores
Line 0xea2062b6080 : 3 stores
Line 0xe8035e399640 : 1 stores
Line 0x8ad33013cf80 : 1 stores
Line 0xea2063a3240 : 3 stores
Line 0xea2062b58c0 : 5 stores
Line 0xe8035e375300 : 3 stores
Line 0x98f5690b6440 : 3 stores
Line 0xea20632fa40 : 1 stores
Line 0xe8035e375200 : 1 stores
Line 0x98f5690b6340 : 1 stores
Line 0xe8035e399580 : 1 stores
Line 0x8ad33013cec0 : 1 stores
Line 0xea2063a3180 : 3 stores
Line 0xea2062b5800 : 2 stores
Line 0xe8035e375140 : 3 stores
Line 0x98f5690b6280 : 1 stores
Line 0xe8035e38a5c0 : 1 stores
Line 0xea2063a1940 : 6 stores
Line 0xea2062b3fc0 : 2 stores
Line 0xea20630e340 : 1 stores
Line 0xe8035e399500 : 1 stores
Line 0x8ad33013ce40 : 1 stores
Line 0xea2063a3100 : 3 stores
Line 0xea2062b5780 : 5 stores
Line 0xe8035e3751c0 : 3 stores
Line 0x98f5690b6300 : 3 stores
Line 0xea20632f900 : 1 stores
Line 0xe8035e38a540 : 1 stores
Line 0xea2063a18c0 : 4 stores
Line 0xea2062b3f40 : 3 stores
Line 0xe8035e3750c0 : 1 stores
Line 0x98f5690b6200 : 1 stores
Line 0xe8035e399440 : 1 stores
Line 0x8ad33013cd80 : 1 stores
Line 0xea2063a3040 : 3 stores
Line 0xea2062b56c0 : 2 stores
Line 0xe8035e3d8f80 : 2 stores
Line 0xd79e62991840 : 5 stores
Line 0xe8035e375000 : 3 stores
Line 0x98f5690b6140 : 1 stores
Line 0xe8035e38a480 : 1 stores
Line 0xea2063a1800 : 6 stores
Line 0xea2062b3e80 : 2 stores
Line 0xea20630e200 : 1 stores
Line 0xe8035e3993c0 : 1 stores
Line 0x8ad33013cd00 : 1 stores
Line 0xea2063a2fc0 : 2 stores
Line 0xea2062b5640 : 5 stores
Line 0xe8035e3d8f00 : 5 stores
Line 0xd79e629917c0 : 6 stores
Line 0xe8035e375080 : 3 stores
Line 0x98f5690b61c0 : 3 stores
Line 0xea20632f7c0 : 1 stores
Line 0xe8035e38a400 : 1 stores
Line 0xea2063a1780 : 4 stores
Line 0xea2062b3e00 : 3 stores
Line 0xe8035e374f80 : 2 stores
Line 0x98f5690b60c0 : 1 stores
Line 0xe8035e399300 : 1 stores
Line 0x8ad33013cc40 : 1 stores
Line 0xea2063a2f00 : 1 stores
Line 0xea2062b5580 : 2 stores
Line 0xe8035e3d8e40 : 2 stores
Line 0xd79e62991700 : 5 stores
Line 0xe8035e374ec0 : 1 stores
Line 0x98f5690b6000 : 1 stores
Line 0xe8035e38a340 : 1 stores
Line 0xea2063a16c0 : 6 stores
Line 0xea2062b3d40 : 2 stores
Line 0xd79e6298fec0 : 4 stores
Line 0xea20630e0c0 : 1 stores
Line 0xe8035e399280 : 1 stores
Line 0x8ad33013cbc0 : 1 stores
Line 0xea2063a2e80 : 2 stores
Line 0xea2062b5500 : 5 stores
Line 0xe8035e3d8dc0 : 5 stores
Line 0xd79e62991680 : 6 stores
Line 0xe8035e374f40 : 4 stores
Line 0x98f5690b6080 : 3 stores
Line 0xea20632f680 : 1 stores
Line 0xe8035e38a2c0 : 1 stores
Line 0xea2063a1640 : 4 stores
Line 0xea2062b3cc0 : 3 stores
Line 0x98f5690b1f80 : 1 stores
Line 0xfdfd3a7c7dc0 : 2 stores
Line 0x98f569055340 : 1 stores
Line 0xea20632b580 : 1 stores
Line 0xe8035e3991c0 : 1 stores
Line 0x8ad33013cb00 : 1 stores
Line 0xea2063a2dc0 : 1 stores
Line 0xea2062b5440 : 2 stores
Line 0xe8035e3d8d00 : 2 stores
Line 0xd79e629915c0 : 5 stores
Line 0x98f5690b1ec0 : 1 stores
Line 0xfdfd3a7c7d00 : 1 stores
Line 0xe8035e38a200 : 1 stores
Line 0xea2063a1580 : 6 stores
Line 0xea2062b3c00 : 2 stores
Line 0xd79e6298fd80 : 4 stores
Line 0xea20630df80 : 5 stores
Line 0xe8035e399140 : 1 stores
Line 0x8ad33013ca80 : 1 stores
Line 0xea2063a2d40 : 2 stores
Line 0xea2062b53c0 : 5 stores
Line 0xe8035e3d8c80 : 5 stores
Line 0xd79e62991540 : 6 stores
Line 0x98f5690b1f40 : 3 stores
Line 0xe8035e38a180 : 1 stores
Line 0xea2063a1500 : 4 stores
Line 0xea2062b3b80 : 3 stores
Line 0x98f5690b1e40 : 1 stores
Line 0xfdfd3a7c7c80 : 2 stores
Line 0x98f569055200 : 1 stores
Line 0xea20632b440 : 1 stores
Line 0xe8035e399080 : 1 stores
Line 0x8ad33013c9c0 : 1 stores
Line 0xea2063a2c80 : 1 stores
Line 0xea2062b5300 : 2 stores
Line 0xe8035e3d8bc0 : 2 stores
Line 0xd79e62991480 : 5 stores
Line 0xfdfd3a7c7bc0 : 1 stores
Line 0xe8035e38a0c0 : 1 stores
Line 0xea2063a1440 : 6 stores
Line 0xea2062b3ac0 : 2 stores
Line 0xd79e6298fc40 : 4 stores
Line 0xea20630de40 : 5 stores
Line 0x98f5690b2d80 : 1 stores
Line 0xe8035e399000 : 1 stores
Line 0x8ad33013c940 : 1 stores
Line 0xea2063a2c00 : 2 stores
Line 0xea2062b5280 : 5 stores
Line 0xe8035e3d8b40 : 5 stores
Line 0xd79e62991400 : 6 stores
Line 0x98f5690b1e00 : 3 stores
Line 0xe8035e38a040 : 1 stores
Line 0xea2063a13c0 : 4 stores
Line 0xea2062b3a40 : 3 stores
Line 0xfdfd3a7c7b40 : 2 stores
Line 0x98f5690550c0 : 1 stores
Line 0xea20632b300 : 1 stores
Line 0x98f5690b2d00 : 1 stores
Line 0xe8035e398f40 : 2 stores
Line 0x8ad33013c880 : 1 stores
Line 0xea2063a2b40 : 1 stores
Line 0xea2062b51c0 : 2 stores
Line 0xe8035e3d8a80 : 2 stores
Line 0xd79e62991340 : 5 stores
Line 0xfdfd3a7c7a80 : 1 stores
Line 0xe8035e389f80 : 3 stores
Line 0xea2063a1300 : 6 stores
Line 0xea2062b3980 : 2 stores
Line 0xd79e6298fb00 : 4 stores
Line 0xea20630dd00 : 5 stores
Line 0x98f5690b2c40 : 1 stores
Line 0xe8035e398ec0 : 5 stores
Line 0x8ad33013c800 : 1 stores
Line 0xea2063a2ac0 : 2 stores
Line 0xea2062b5140 : 5 stores
Line 0xe8035e3d8a00 : 5 stores
Line 0xd79e629912c0 : 6 stores
Line 0x98f5690b2cc0 : 2 stores
Line 0xea2062b2900 : 4 stores
Line 0x98f5690b2bc0 : 1 stores
Line 0xea20632b1c0 : 1 stores
Line 0xe8035e398e00 : 2 stores
Line 0x8ad33013c740 : 1 stores
Line 0xea2063a2a00 : 1 stores
Line 0xea2062b5080 : 2 stores
Line 0xe8035e3d8940 : 2 stores
Line 0xd79e62991200 : 5 stores
Line 0xe8035e389e40 : 3 stores
Line 0xea2063a11c0 : 6 stores
Line 0xea2062b3840 : 2 stores
Line 0xd79e6298f9c0 : 4 stores
Line 0xea2062b2840 : 2 stores
Line 0xe8035e3d6100 : 3 stores
Line 0xd79e6298e9c0 : 3 stores
Line 0xea20630dbc0 : 5 stores
Line 0x98f5690b2b00 : 1 stores
Line 0xe8035e398d80 : 5 stores
Line 0x8ad33013c6c0 : 1 stores
Line 0xea2063a2980 : 2 stores
Line 0xea2062b5000 : 5 stores
Line 0xe8035e3d88c0 : 5 stores
Line 0xd79e62991180 : 6 stores
Line 0x98f5690b2b80 : 2 stores
Line 0xea2062b27c0 : 4 stores
Line 0x98f5690b2a80 : 1 stores
Line 0xea20632b080 : 1 stores
Line 0xea2062b1f40 : 2 stores
Line 0xea2062b2700 : 2 stores
Line 0xe8035e3d5fc0 : 2 stores
Line 0xd79e6298e880 : 3 stores
Line 0xe8035e389d00 : 3 stores
Line 0xea2063a1080 : 6 stores
Line 0xea2062b3700 : 2 stores
Line 0xe8035e3d6fc0 : 2 stores
Line 0xd79e6298f880 : 4 stores
Line 0xea2062b1f80 : 6 stores
Line 0xe8035e3d5840 : 2 stores
Line 0xd79e6298e100 : 3 stores
Line 0xea20630da80 : 5 stores
Line 0x98f5690b29c0 : 1 stores
Line 0x98f569055d80 : 3 stores
Line 0xea20632bfc0 : 2 stores
Line 0xea2062b1ec0 : 5 stores
Line 0xe8035e3d5780 : 1 stores
Line 0xd79e6298e040 : 2 stores
Line 0x98f5690b2a40 : 2 stores
Line 0xea2062b2680 : 4 stores
Line 0xea2062b1f00 : 4 stores
Line 0x98f5690b2940 : 1 stores
Line 0xea20632af40 : 4 stores
Line 0xea2062b1e00 : 2 stores
Line 0xe8035e3d56c0 : 1 stores
Line 0xd79e6298df80 : 5 stores
Line 0xea2062b25c0 : 2 stores
Line 0xe8035e3d5e80 : 2 stores
Line 0xd79e6298e740 : 3 stores
Line 0xea2062b35c0 : 2 stores
Line 0xe8035e3d6e80 : 2 stores
Line 0xd79e6298f740 : 4 stores
Line 0xea2062b1e40 : 6 stores
Line 0xe8035e3d5700 : 2 stores
Line 0xd79e6298dfc0 : 4 stores
Line 0xea20630d940 : 5 stores
Line 0x98f5690b2880 : 1 stores
Line 0x98f569055c40 : 3 stores
Line 0xea20632be80 : 2 stores
Line 0xea2062b1d80 : 5 stores
Line 0xe8035e3d5640 : 1 stores
Line 0xd79e6298df00 : 6 stores
Line 0x98f5690b2900 : 2 stores
Line 0x98f569055cc0 : 1 stores
Line 0xea20632bf00 : 1 stores
Line 0xea2062b2540 : 4 stores
Line 0xea2062b1dc0 : 4 stores
Line 0x98f5690b2800 : 1 stores
Line 0xea20632ae00 : 4 stores
Line 0xea2062b1cc0 : 2 stores
Line 0xe8035e3d5580 : 1 stores
Line 0xd79e6298de40 : 5 stores
Line 0xea2062b3480 : 2 stores
Line 0xe8035e3d6d40 : 2 stores
Line 0xd79e6298f600 : 4 stores
Line 0xea2062b2480 : 2 stores
Line 0xe8035e3d5d40 : 2 stores
Line 0xd79e6298e600 : 3 stores
Line 0xea20630d800 : 5 stores
Line 0xea2062b1d00 : 6 stores
Line 0xe8035e3d55c0 : 2 stores
Line 0xd79e6298de80 : 4 stores
Line 0x98f5690b2740 : 1 stores
Line 0x98f569055b00 : 3 stores
Line 0xea20632bd40 : 2 stores
Line 0xea2062b1c40 : 5 stores
Line 0xe8035e3d5500 : 1 stores
Line 0xd79e6298ddc0 : 6 stores
Line 0x98f5690b27c0 : 2 stores
Line 0x98f569055b80 : 1 stores
Line 0xea20632bdc0 : 1 stores
Line 0xea2062b2400 : 4 stores
Line 0xea2062b1c80 : 4 stores
Line 0xea20632acc0 : 4 stores
Line 0x98f5690b26c0 : 1 stores
Line 0xea2062b1b80 : 2 stores
Line 0xe8035e3d5440 : 1 stores
Line 0xd79e6298dd00 : 5 stores
Line 0xea2062b3340 : 2 stores
Line 0xe8035e3d6c00 : 2 stores
Line 0xd79e6298f4c0 : 4 stores
Line 0xea2062b2340 : 2 stores
Line 0xe8035e3d5c00 : 2 stores
Line 0xd79e6298e4c0 : 3 stores
Line 0xea20630d6c0 : 5 stores
Line 0xea2062b1bc0 : 6 stores
Line 0xe8035e3d5480 : 2 stores
Line 0xd79e6298dd40 : 4 stores
Line 0x98f5690b2600 : 1 stores
Line 0x98f5690559c0 : 3 stores
Line 0xea20632bc00 : 2 stores
Line 0xea2062b1b00 : 5 stores
Line 0xe8035e3d53c0 : 1 stores
Line 0xd79e6298dc80 : 6 stores
Line 0x98f5690b2680 : 2 stores
Line 0x98f569055a40 : 1 stores
Line 0xea20632bc80 : 1 stores
Line 0xea2062b22c0 : 4 stores
Line 0xea2062b1b40 : 4 stores
Line 0xea20632ab80 : 4 stores
Line 0x98f5690b2580 : 1 stores
Line 0xea2062b1a40 : 2 stores
Line 0xe8035e3d5300 : 1 stores
Line 0xd79e6298dbc0 : 5 stores
Line 0xea2062b3200 : 2 stores
Line 0xe8035e3d6ac0 : 2 stores
Line 0xd79e6298f380 : 4 stores
Line 0xea2062b2200 : 2 stores
Line 0xe8035e3d5ac0 : 2 stores
Line 0xd79e6298e380 : 3 stores
Line 0xea20630a580 : 1 stores
Line 0xa1abd7f37e80 : 2 stores
Line 0xea2062b1a80 : 6 stores
Line 0xe8035e3d5340 : 2 stores
Line 0xd79e6298dc00 : 4 stores
Line 0x98f5690b24c0 : 1 stores
Line 0x98f569055880 : 3 stores
Line 0xea20632bac0 : 2 stores
Line 0xea2062b19c0 : 5 stores
Line 0xe8035e3d5280 : 1 stores
Line 0xd79e6298db40 : 6 stores
Line 0x98f5690b2540 : 2 stores
Line 0x98f569055900 : 1 stores
Line 0xea20632bb40 : 1 stores
Line 0xea2062b2180 : 4 stores
Line 0xea2062b1a00 : 4 stores
Line 0xea20632aa40 : 4 stores
Line 0x98f5690b2440 : 1 stores
Line 0xe8035e395680 : 1 stores
Line 0x8ad330138fc0 : 1 stores
Line 0xea20639f280 : 4 stores
Line 0xea2062b1900 : 2 stores
Line 0xe8035e3d51c0 : 1 stores
Line 0xd79e6298da80 : 5 stores
Line 0xea2062b30c0 : 2 stores
Line 0xe8035e3d6980 : 2 stores
Line 0xd79e6298f240 : 4 stores
Line 0xea2062b20c0 : 2 stores
Line 0xe8035e3d5980 : 2 stores
Line 0xd79e6298e240 : 3 stores
Line 0xea20630a440 : 1 stores
Line 0xa1abd7f37d40 : 2 stores
Line 0xea2062b1940 : 6 stores
Line 0xe8035e3d5200 : 2 stores
Line 0xd79e6298dac0 : 4 stores
Line 0x98f5690b2380 : 1 stores
Line 0x98f569055740 : 3 stores
Line 0xea20632b980 : 2 stores
Line 0xe8035e395600 : 1 stores
Line 0x8ad330138f40 : 1 stores
Line 0xea20639f200 : 2 stores
Line 0xea2062b1880 : 5 stores
Line 0xe8035e3d5140 : 1 stores
Line 0xd79e6298da00 : 6 stores
Line 0x98f5690b2400 : 2 stores
Line 0x98f5690557c0 : 1 stores
Line 0xea20632ba00 : 1 stores
Line 0xea2062b2040 : 4 stores
Line 0xea20632a900 : 4 stores
Line 0x98f5690b2300 : 1 stores
Line 0xe8035e395540 : 1 stores
Line 0x8ad330138e80 : 1 stores
Line 0xea20639f140 : 4 stores
Line 0xea2062b17c0 : 2 stores
Line 0xe8035e3d5080 : 1 stores
Line 0xd79e6298d940 : 5 stores
Line 0xe8035e386580 : 1 stores
Line 0xea20639d900 : 6 stores
Line 0xea2062aff80 : 2 stores
Line 0xe8035e3a0640 : 1 stores
Line 0x8ad330143f80 : 2 stores
Line 0xea20630a300 : 1 stores
Line 0xa1abd7f37c00 : 2 stores
Line 0x98f5690b2240 : 1 stores
Line 0x98f569055600 : 3 stores
Line 0xea20632b840 : 2 stores
Line 0xe8035e3954c0 : 1 stores
Line 0x8ad330138e00 : 1 stores
Line 0xea20639f0c0 : 2 stores
Line 0xea2062b1740 : 5 stores
Line 0xe8035e3d5000 : 1 stores
Line 0xd79e6298d8c0 : 6 stores
Line 0x98f5690b22c0 : 2 stores
Line 0x98f569055680 : 1 stores
Line 0xea20632b8c0 : 1 stores
Line 0xe8035e3a05c0 : 2 stores
Line 0x8ad330143f00 : 4 stores
Line 0xe8035e386500 : 1 stores
Line 0xea20639d880 : 4 stores
Line 0xea2062aff00 : 3 stores
Line 0x98f5690b21c0 : 1 stores
Line 0xea20632a7c0 : 4 stores
Line 0xe8035e395400 : 1 stores
Line 0x8ad330138d40 : 1 stores
Line 0xea20639f000 : 4 stores
Line 0xea2062b1680 : 2 stores
Line 0xe8035e3d4f40 : 2 stores
Line 0xd79e6298d800 : 5 stores
Line 0xfdfd3a7c6f40 : 6 stores
Line 0xe8035e3a0500 : 1 stores
Line 0x8ad330143e40 : 2 stores
Line 0xe8035e386440 : 1 stores
Line 0xea20639d7c0 : 6 stores
Line 0xea2062afe40 : 2 stores
Line 0xd79e6298bfc0 : 3 stores
Line 0xea20630a1c0 : 1 stores
Line 0xa1abd7f37ac0 : 2 stores
Line 0x98f5690b2100 : 1 stores
Line 0xe8035e449800 : 1 stores
Line 0xfdfd3a7c7f40 : 1 stores
Line 0x98f5690554c0 : 3 stores
Line 0xea20632b700 : 2 stores
Line 0xe8035e395380 : 1 stores
Line 0x8ad330138cc0 : 1 stores
Line 0xea20639ef80 : 2 stores
Line 0xea2062b1600 : 5 stores
Line 0xe8035e3d4ec0 : 5 stores
Line 0xd79e6298d780 : 6 stores
Line 0x98f5690b2180 : 2 stores
Line 0xfdfd3a7c7fc0 : 2 stores
Line 0x98f569055540 : 1 stores
Line 0xea20632b780 : 1 stores
Line 0xe8035e448880 : 2 stores
Line 0xfdfd3a7c6fc0 : 5 stores
Line 0xe8035e3a0480 : 2 stores
Line 0x8ad330143dc0 : 4 stores
Line 0xe8035e3863c0 : 1 stores
Line 0xea20639d740 : 4 stores
Line 0xea2062afdc0 : 3 stores
Line 0x98f5690b2080 : 1 stores
Line 0xe8035e448780 : 1 stores
Line 0xfdfd3a7c6ec0 : 4 stores
Line 0xea20632a680 : 4 stores
Line 0xe8035e3952c0 : 1 stores
Line 0x8ad330138c00 : 1 stores
Line 0xea20639eec0 : 1 stores
Line 0xea2062b1540 : 2 stores
Line 0xe8035e3d4e00 : 2 stores
Line 0xd79e6298d6c0 : 5 stores
Line 0xe8035e3a03c0 : 1 stores
Line 0x8ad330143d00 : 2 stores
Line 0xe8035e386300 : 1 stores
Line 0xea20639d680 : 6 stores
Line 0xea2062afd00 : 2 stores
Line 0xd79e6298be80 : 3 stores
Line 0xea20630a080 : 1 stores
Line 0xa1abd7f37980 : 2 stores
Line 0x98f5690adfc0 : 1 stores
Line 0xea2063275c0 : 2 stores
Line 0xe8035e395240 : 1 stores
Line 0x8ad330138b80 : 1 stores
Line 0xea20639ee40 : 2 stores
Line 0xea2062b14c0 : 5 stores
Line 0xe8035e3d4d80 : 5 stores
Line 0xd79e6298d640 : 6 stores
Line 0x98f5690b2040 : 2 stores
Line 0xfdfd3a7c7e80 : 2 stores
Line 0x98f569055400 : 1 stores
Line 0xea20632b640 : 1 stores
Line 0xe8035e448740 : 2 stores
Line 0xfdfd3a7c6e80 : 5 stores
Line 0xe8035e3a0340 : 2 stores
Line 0x8ad330143c80 : 4 stores
Line 0xe8035e386280 : 1 stores
Line 0xea20639d600 : 4 stores
Line 0xea2062afc80 : 3 stores
Line 0x98f5690adf40 : 1 stores
Line 0xea206327540 : 1 stores
Line 0xe8035e395180 : 1 stores
Line 0x8ad330138ac0 : 1 stores
Line 0xea20639ed80 : 1 stores
Line 0xea2062b1400 : 2 stores
Line 0xe8035e3d4cc0 : 2 stores
Line 0xd79e6298d580 : 5 stores
Line 0xe8035e3a0280 : 1 stores
Line 0x8ad330143bc0 : 2 stores
Line 0xe8035e3861c0 : 1 stores
Line 0xea20639d540 : 6 stores
Line 0xea2062afbc0 : 2 stores
Line 0xd79e6298bd40 : 3 stores
Line 0xea206309f40 : 5 stores
Line 0xa1abd7f37840 : 2 stores
Line 0x98f5690ade80 : 1 stores
Line 0xea206327480 : 2 stores
Line 0xe8035e395100 : 1 stores
Line 0x8ad330138a40 : 1 stores
Line 0xea20639ed00 : 2 stores
Line 0xea2062b1380 : 5 stores
Line 0xe8035e3d4c40 : 5 stores
Line 0xd79e6298d500 : 6 stores
Line 0x98f5690adf00 : 2 stores
Line 0xea206327500 : 4 stores
Line 0xe8035e3a0200 : 2 stores
Line 0x8ad330143b40 : 4 stores
Line 0xe8035e386140 : 1 stores
Line 0xea20639d4c0 : 4 stores
Line 0xea2062afb40 : 3 stores
Line 0x98f5690ade00 : 1 stores
Line 0xea206327400 : 1 stores
Line 0xe8035e395040 : 1 stores
Line 0x8ad330138980 : 1 stores
Line 0xea20639ec40 : 1 stores
Line 0xea2062b12c0 : 2 stores
Line 0xe8035e3d4b80 : 2 stores
Line 0xd79e6298d440 : 5 stores
Line 0x98f5690aed40 : 1 stores
Line 0xe8035e386080 : 1 stores
Line 0xea20639d400 : 6 stores
Line 0xea2062afa80 : 2 stores
Line 0xd79e6298bc00 : 3 stores
Line 0xea206309e00 : 5 stores
Line 0xa1abd7f37700 : 2 stores
Line 0xea206327340 : 2 stores
Line 0xe8035e394fc0 : 5 stores
Line 0x8ad330138900 : 1 stores
Line 0xea20639ebc0 : 2 stores
Line 0xea2062b1240 : 5 stores
Line 0xe8035e3d4b00 : 5 stores
Line 0xd79e6298d3c0 : 6 stores
Line 0x98f5690addc0 : 2 stores
Line 0xea2063273c0 : 4 stores
Line 0xe8035e386000 : 1 stores
Line 0xea20639d380 : 4 stores
Line 0xea2062afa00 : 3 stores
Line 0xea2063272c0 : 1 stores
Line 0x98f5690aecc0 : 1 stores
Line 0xe8035e394f00 : 2 stores
Line 0x8ad330138840 : 1 stores
Line 0xea20639eb00 : 1 stores
Line 0xea2062b1180 : 2 stores
Line 0xe8035e3d4a40 : 2 stores
Line 0xd79e6298d300 : 5 stores
Line 0x98f5690aec00 : 1 stores
Line 0xe8035e385f40 : 3 stores
Line 0xea20639d2c0 : 6 stores
Line 0xea2062af940 : 2 stores
Line 0xd79e6298bac0 : 3 stores
Line 0xea206309cc0 : 5 stores
Line 0xa1abd7f375c0 : 2 stores
Line 0xe8035e394e80 : 5 stores
Line 0x8ad3301387c0 : 1 stores
Line 0xea20639ea80 : 2 stores
Line 0xea2062b1100 : 5 stores
Line 0xe8035e3d49c0 : 5 stores
Line 0xd79e6298d280 : 6 stores
Line 0xea206327280 : 4 stores
Line 0x98f5690aec80 : 3 stores
Line 0x98f5690aeb80 : 1 stores
Line 0xe8035e394dc0 : 2 stores
Line 0x8ad330138700 : 1 stores
Line 0xea20639e9c0 : 1 stores
Line 0xea2062b1040 : 2 stores
Line 0xe8035e3d4900 : 2 stores
Line 0xd79e6298d1c0 : 5 stores
Line 0x98f5690aeac0 : 1 stores
Line 0xe8035e385e00 : 3 stores
Line 0xea20639d180 : 6 stores
Line 0xea2062af800 : 2 stores
Line 0xd79e6298b980 : 3 stores
Line 0xea206309b80 : 5 stores
Line 0xa1abd7f37480 : 2 stores
Line 0x98f5690aeb40 : 3 stores
Line 0x98f5690aea40 : 1 stores
Line 0x98f5690ae980 : 1 stores
Line 0xea206327f80 : 2 stores
Line 0xe8035e385cc0 : 3 stores
Line 0xea20639d040 : 6 stores
Line 0xea2062af6c0 : 2 stores
Line 0xe8035e3d2f80 : 2 stores
Line 0xd79e6298b840 : 3 stores
Line 0xea206309a40 : 5 stores
Line 0xa1abd7f37340 : 2 stores
Line 0x98f5690aea00 : 3 stores
Line 0x98f5690ae900 : 1 stores
Line 0xea206327f00 : 4 stores
Line 0x98f5690ae840 : 1 stores
Line 0xea206327e40 : 2 stores
Line 0xea2062af580 : 2 stores
Line 0xe8035e3d2e40 : 2 stores
Line 0xd79e6298b700 : 3 stores
Line 0xea206309900 : 5 stores
Line 0xa1abd7f37200 : 2 stores
Line 0x98f5690ae8c0 : 3 stores
Line 0xea206327ec0 : 1 stores
Line 0x98f5690ae7c0 : 1 stores
Line 0xea206327dc0 : 4 stores
Line 0x98f5690ae700 : 1 stores
Line 0xea206327d00 : 2 stores
Line 0xea2062af440 : 2 stores
Line 0xe8035e3d2d00 : 2 stores
Line 0xd79e6298b5c0 : 3 stores
Line 0xea2063097c0 : 5 stores
Line 0xa1abd7f370c0 : 2 stores
Line 0x98f5690ae780 : 3 stores
Line 0xea206327d80 : 1 stores
Line 0x98f5690ae680 : 1 stores
Line 0xea206327c80 : 4 stores
Line 0x98f5690ae5c0 : 1 stores
Line 0xea206327bc0 : 2 stores
Line 0xea2062af300 : 2 stores
Line 0xe8035e3d2bc0 : 2 stores
Line 0xd79e6298b480 : 3 stores
Line 0xea206309680 : 5 stores
Line 0xa1abd7f36f80 : 1 stores
Line 0x98f5690ae640 : 3 stores
Line 0xea206327c40 : 1 stores
Line 0xea2062bb440 : 1 stores
Line 0x8ad330142b00 : 4 stores
Line 0x98f5690ae540 : 1 stores
Line 0xea206327b40 : 4 stores
Line 0x98f5690ae480 : 1 stores
Line 0xea206327a80 : 2 stores
Line 0xea2062af1c0 : 2 stores
Line 0xe8035e3d2a80 : 2 stores
Line 0xd79e6298b340 : 3 stores
Line 0xea2062bb380 : 1 stores
Line 0x8ad330142a40 : 6 stores
Line 0xea206306540 : 1 stores
Line 0xa1abd7f33e40 : 2 stores
Line 0x98f5690ae500 : 3 stores
Line 0xea206327b00 : 1 stores
Line 0xea2062bb300 : 1 stores
Line 0x8ad3301429c0 : 4 stores
Line 0x98f5690ae400 : 1 stores
Line 0xea206327a00 : 4 stores
Line 0x98f5690ae340 : 1 stores
Line 0xea206327940 : 2 stores
Line 0xe8035e392e00 : 2 stores
Line 0xea2063aa180 : 2 stores
Line 0x8ad330136740 : 1 stores
Line 0xea2062af080 : 2 stores
Line 0xe8035e3d2940 : 2 stores
Line 0xd79e6298b200 : 3 stores
Line 0xea2062bb240 : 1 stores
Line 0xe8035e39efc0 : 1 stores
Line 0x8ad330142900 : 6 stores
Line 0xea206306400 : 1 stores
Line 0xa1abd7f33d00 : 2 stores
Line 0x98f5690ae3c0 : 3 stores
Line 0xea2063279c0 : 1 stores
Line 0xea2062bb1c0 : 1 stores
Line 0xe8035e39ef40 : 1 stores
Line 0x8ad330142880 : 4 stores
Line 0x98f5690ae2c0 : 1 stores
Line 0xea2063278c0 : 4 stores
Line 0x98f5690ae200 : 1 stores
Line 0xea206327800 : 2 stores
Line 0xea2063062c0 : 1 stores
Line 0xa1abd7f33bc0 : 2 stores
Line 0xea2062bb100 : 1 stores
Line 0xe8035e39ee80 : 1 stores
Line 0x8ad3301427c0 : 6 stores
Line 0x98f5690ae280 : 3 stores
Line 0xea206327880 : 1 stores
Line 0xe8035e39ee00 : 1 stores
Line 0x8ad330142740 : 4 stores
Line 0x98f5690ae180 : 1 stores
Line 0xea206327780 : 4 stores
Line 0x98f5690ae0c0 : 1 stores
Line 0xea2063276c0 : 2 stores
Line 0xea206306180 : 1 stores
Line 0xa1abd7f33a80 : 2 stores
Line 0xea2062bafc0 : 3 stores
Line 0xe8035e39ed40 : 1 stores
Line 0x8ad330142680 : 6 stores
Line 0x98f5690ae140 : 3 stores
Line 0xea206327740 : 1 stores
Line 0xea2062b96c0 : 4 stores
Line 0xe8035e39d440 : 3 stores
Line 0x8ad330140d80 : 4 stores
Line 0x8ad330133600 : 3 stores
Line 0xea2063a7040 : 1 stores
Line 0xea2062baf40 : 3 stores
Line 0xe8035e39ecc0 : 1 stores
Line 0x8ad330142600 : 4 stores
Line 0x98f5690ae040 : 1 stores
Line 0xea206327640 : 4 stores
Line 0x98f5690a9f80 : 1 stores
Line 0xea2062b9600 : 6 stores
Line 0xe8035e39d380 : 2 stores
Line 0x8ad330140cc0 : 2 stores
Line 0xea206306040 : 1 stores
Line 0xa1abd7f33940 : 2 stores
Line 0xea2062bae80 : 3 stores
Line 0xe8035e39ec00 : 1 stores
Line 0x8ad330142540 : 6 stores
Line 0x98f5690ae000 : 3 stores
Line 0xea206327600 : 1 stores
Line 0xea2062b9580 : 4 stores
Line 0xe8035e39d300 : 3 stores
Line 0x8ad330140c40 : 4 stores
Line 0x8ad3301334c0 : 3 stores
Line 0xea2063a6f00 : 3 stores
Line 0xea2062bae00 : 3 stores
Line 0xe8035e39eb80 : 1 stores
Line 0x8ad3301424c0 : 4 stores
Line 0x98f5690a9f00 : 1 stores
Line 0x98f5690a9e40 : 1 stores
Line 0xea2062b94c0 : 6 stores
Line 0xe8035e39d240 : 2 stores
Line 0x8ad330140b80 : 2 stores
Line 0xea206305f00 : 5 stores
Line 0xa1abd7f33800 : 2 stores
Line 0xea2062bad40 : 3 stores
Line 0xe8035e39eac0 : 1 stores
Line 0x8ad330142400 : 6 stores
Line 0x98f5690a9ec0 : 3 stores
Line 0xea2062bacc0 : 3 stores
Line 0xe8035e39ea40 : 1 stores
Line 0x8ad330142380 : 4 stores
Line 0x98f5690a9dc0 : 1 stores
Line 0xea206305dc0 : 5 stores
Line 0xa1abd7f336c0 : 2 stores
Line 0xea2062bac00 : 3 stores
Line 0xe8035e39e980 : 1 stores
Line 0x8ad3301422c0 : 6 stores
Line 0x98f5690aad00 : 1 stores
Line 0x98f5690aad80 : 2 stores
Line 0xea2062bab80 : 3 stores
Line 0xe8035e39e900 : 1 stores
Line 0x8ad330142240 : 4 stores
Line 0x98f5690aac80 : 1 stores
Line 0xea2062baac0 : 3 stores
Line 0xe8035e39e840 : 1 stores
Line 0x8ad330142180 : 6 stores
Line 0xea206305c80 : 5 stores
Line 0xa1abd7f33580 : 2 stores
Line 0x98f5690aabc0 : 1 stores
Line 0x98f5690aac40 : 2 stores
Line 0xea2062baa40 : 3 stores
Line 0xe8035e39e7c0 : 1 stores
Line 0x8ad330142100 : 4 stores
Line 0x98f5690aab40 : 1 stores
Line 0xea2062ba980 : 3 stores
Line 0xe8035e39e700 : 1 stores
Line 0x8ad330142040 : 6 stores
Line 0xea206305b40 : 5 stores
Line 0xa1abd7f33440 : 2 stores
Line 0x98f5690aaa80 : 1 stores
Line 0x98f5690aab00 : 2 stores
Line 0x98f5690aaa00 : 1 stores
Line 0x98f56904cdc0 : 1 stores
Line 0xea206323000 : 1 stores
Line 0xea206305a00 : 5 stores
Line 0xa1abd7f33300 : 2 stores
Line 0x98f5690aa940 : 1 stores
Line 0x98f5690aa9c0 : 2 stores
Line 0x98f56904cc80 : 1 stores
Line 0xea206322ec0 : 3 stores
Line 0x98f5690aa8c0 : 1 stores
Line 0xea2063058c0 : 5 stores
Line 0xa1abd7f331c0 : 2 stores
Line 0x98f5690aa800 : 1 stores
Line 0x98f5690aa880 : 2 stores
Line 0x98f56904cb40 : 1 stores
Line 0xea206322d80 : 3 stores
Line 0x98f5690aa780 : 1 stores
Line 0xea206305780 : 5 stores
Line 0xa1abd7f33080 : 2 stores
Line 0x98f5690aa6c0 : 1 stores
Line 0x98f5690aa740 : 2 stores
Line 0x98f56904ca00 : 1 stores
Line 0xea206322c40 : 3 stores
Line 0x98f5690aa640 : 1 stores
Line 0xea2062b7440 : 4 stores
Line 0x98f56903de40 : 3 stores
Line 0x8ad33013eb00 : 2 stores
Line 0xea206305640 : 5 stores
Line 0xa1abd7f32f40 : 1 stores
Line 0x98f5690aa580 : 1 stores
Line 0xea2062b73c0 : 2 stores
Line 0x98f56903ddc0 : 1 stores
Line 0x8ad33013ea80 : 5 stores
Line 0x98f5690aa600 : 2 stores
Line 0xea2062b7400 : 1 stores
Line 0x98f56903de00 : 2 stores
Line 0x8ad33013eac0 : 4 stores
Line 0x98f5690aa500 : 1 stores
Line 0x98f56904c8c0 : 1 stores
Line 0xea206322b00 : 3 stores
Line 0xea2062b7300 : 4 stores
Line 0x8ad33013e9c0 : 2 stores
Line 0xea2062b7340 : 1 stores
Line 0x8ad33013ea00 : 6 stores
Line 0xea206302500 : 1 stores
Line 0x98f5690aa440 : 1 stores
Line 0xea2062b7280 : 2 stores
Line 0x8ad33013e940 : 5 stores
Line 0x98f5690aa4c0 : 2 stores
Line 0xea2062b72c0 : 1 stores
Line 0x8ad33013e980 : 4 stores
Line 0x98f5690aa3c0 : 1 stores
Line 0x98f56904c780 : 1 stores
Line 0xea2063229c0 : 3 stores
Line 0xea2062b71c0 : 4 stores
Line 0xe8035e39af40 : 4 stores
Line 0x8ad33013e880 : 2 stores
Line 0xea2062b7200 : 1 stores
Line 0xe8035e39af80 : 1 stores
Line 0x8ad33013e8c0 : 6 stores
Line 0xea2063023c0 : 1 stores
Line 0x98f5690aa300 : 1 stores
Line 0xea2062b7140 : 2 stores
Line 0xe8035e39aec0 : 2 stores
Line 0x8ad33013e800 : 5 stores
Line 0x98f5690aa380 : 2 stores
Line 0xea2062b5900 : 4 stores
Line 0xe8035e399680 : 3 stores
Line 0x8ad33013cfc0 : 4 stores
Line 0xea2063a3280 : 1 stores
Line 0xe8035e38af00 : 2 stores
Line 0xea2063a2280 : 1 stores
Line 0xea2062b7180 : 1 stores
Line 0xe8035e39af00 : 1 stores
Line 0x8ad33013e840 : 4 stores
Line 0x98f5690aa280 : 1 stores
Line 0x98f56904c640 : 1 stores
Line 0xea206322880 : 3 stores
Line 0xea2062b7080 : 4 stores
Line 0xe8035e39ae00 : 4 stores
Line 0x8ad33013e740 : 2 stores
Line 0xea2062b5840 : 6 stores
Line 0xe8035e3995c0 : 2 stores
Line 0x8ad33013cf00 : 2 stores
Line 0xea2063a31c0 : 1 stores
Line 0xe8035e38ae40 : 4 stores
Line 0xea2063a21c0 : 1 stores
Line 0xea2062b70c0 : 1 stores
Line 0xe8035e39ae40 : 1 stores
Line 0x8ad33013e780 : 6 stores
Line 0xea206302280 : 1 stores
Line 0x98f5690aa1c0 : 1 stores
Line 0xea2062b7000 : 2 stores
Line 0xe8035e39ad80 : 2 stores
Line 0x8ad33013e6c0 : 5 stores
Line 0x98f5690aa240 : 2 stores
Line 0xea2062b57c0 : 4 stores
Line 0xe8035e399540 : 3 stores
Line 0x8ad33013ce80 : 4 stores
Line 0xea2063a3140 : 1 stores
Line 0xe8035e38adc0 : 2 stores
Line 0xea2063a2140 : 1 stores
Line 0xea2062b7040 : 1 stores
Line 0xe8035e39adc0 : 1 stores
Line 0x8ad33013e700 : 4 stores
Line 0x98f5690aa140 : 1 stores
Line 0x98f56904c500 : 1 stores
Line 0xea206322740 : 3 stores
Line 0xea2062b6f40 : 1 stores
Line 0xe8035e39acc0 : 4 stores
Line 0x8ad33013e600 : 2 stores
Line 0xea2062b5700 : 6 stores
Line 0xe8035e3d8fc0 : 6 stores
Line 0xd79e62991880 : 4 stores
Line 0xe8035e399480 : 2 stores
Line 0x8ad33013cdc0 : 2 stores
Line 0xea2063a3080 : 1 stores
Line 0xe8035e38ad00 : 4 stores
Line 0xea2063a2080 : 1 stores
Line 0xea2062b6f80 : 3 stores
Line 0xe8035e39ad00 : 1 stores
Line 0x8ad33013e640 : 6 stores
Line 0xea206302140 : 1 stores
Line 0x98f5690aa080 : 1 stores
Line 0xea2062b6ec0 : 2 stores
Line 0xe8035e39ac40 : 2 stores
Line 0x8ad33013e580 : 5 stores
Line 0x98f5690aa100 : 2 stores
Line 0xea2062b5680 : 4 stores
Line 0xe8035e399400 : 3 stores
Line 0x8ad33013cd40 : 4 stores
Line 0xea2063a3000 : 1 stores
Line 0xe8035e38ac80 : 2 stores
Line 0xea2063a2000 : 1 stores
Line 0xea2062b6f00 : 3 stores
Line 0xe8035e39ac80 : 1 stores
Line 0x8ad33013e5c0 : 4 stores
Line 0x98f5690aa000 : 1 stores
Line 0x98f56904c3c0 : 1 stores
Line 0xea206322600 : 3 stores
Line 0xea2062b6e00 : 1 stores
Line 0xe8035e39ab80 : 4 stores
Line 0x8ad33013e4c0 : 2 stores
Line 0x98f5690a5f40 : 1 stores
Line 0xea2062b55c0 : 6 stores
Line 0xe8035e3d8e80 : 6 stores
Line 0xd79e62991740 : 4 stores
Line 0xe8035e399340 : 2 stores
Line 0x8ad33013cc80 : 2 stores
Line 0xea2063a2f40 : 4 stores
Line 0xe8035e38abc0 : 4 stores
Line 0xea2063a1f40 : 2 stores
Line 0xea2062b6e40 : 3 stores
Line 0xe8035e39abc0 : 1 stores
Line 0x8ad33013e500 : 6 stores
Line 0xea206302000 : 1 stores
Line 0xea2062b6d80 : 2 stores
Line 0xe8035e39ab00 : 2 stores
Line 0x8ad33013e440 : 5 stores
Line 0x98f5690a5fc0 : 3 stores
Line 0xea20631f5c0 : 3 stores
Line 0xea2062b5540 : 4 stores
Line 0xe8035e3992c0 : 3 stores
Line 0x8ad33013cc00 : 4 stores
Line 0xea2063a2ec0 : 2 stores
Line 0xe8035e38ab40 : 2 stores
Line 0xea2063a1ec0 : 5 stores
Line 0xea2062b6dc0 : 3 stores
Line 0xe8035e39ab40 : 1 stores
Line 0x8ad33013e480 : 4 stores
Line 0x98f5690a5ec0 : 1 stores
Line 0xea2062b6cc0 : 1 stores
Line 0xe8035e39aa40 : 4 stores
Line 0x8ad33013e380 : 2 stores
Line 0x98f5690a5e00 : 1 stores
Line 0xea2062b5480 : 6 stores
Line 0xe8035e3d8d40 : 6 stores
Line 0xd79e62991600 : 4 stores
Line 0xe8035e399200 : 2 stores
Line 0x8ad33013cb40 : 2 stores
Line 0xea2063a2e00 : 4 stores
Line 0xe8035e38aa80 : 4 stores
Line 0xea2063a1e00 : 2 stores
Line 0xea2062b6d00 : 3 stores
Line 0xe8035e39aa80 : 1 stores
Line 0x8ad33013e3c0 : 6 stores
Line 0xea206301ec0 : 5 stores
Line 0xea2062b6c40 : 2 stores
Line 0xe8035e39a9c0 : 2 stores
Line 0x8ad33013e300 : 5 stores
Line 0x98f5690a5e80 : 3 stores
Line 0xea20631f480 : 3 stores
Line 0xe8035e38aa00 : 2 stores
Line 0xea2063a1d80 : 5 stores
Line 0xea2062b5400 : 4 stores
Line 0xe8035e399180 : 3 stores
Line 0x8ad33013cac0 : 4 stores
Line 0xea2063a2d80 : 2 stores
Line 0xea2062b6c80 : 3 stores
Line 0xe8035e39aa00 : 1 stores
Line 0x8ad33013e340 : 4 stores
Line 0x98f5690a6d80 : 1 stores
Line 0xea2062b6b80 : 1 stores
Line 0xe8035e39a900 : 4 stores
Line 0x8ad33013e240 : 2 stores
Line 0xe8035e38a940 : 4 stores
Line 0xea2063a1cc0 : 2 stores
Line 0xea2062b5340 : 6 stores
Line 0xe8035e3d8c00 : 6 stores
Line 0xd79e629914c0 : 4 stores
Line 0xe8035e3990c0 : 2 stores
Line 0x8ad33013ca00 : 2 stores
Line 0xea2063a2cc0 : 4 stores
Line 0xea206301d80 : 5 stores
Line 0xea2062b6bc0 : 3 stores
Line 0xe8035e39a940 : 1 stores
Line 0x8ad33013e280 : 6 stores
Line 0x98f5690a6cc0 : 1 stores
Line 0xea2062b6b00 : 2 stores
Line 0xe8035e39a880 : 2 stores
Line 0x8ad33013e1c0 : 5 stores
Line 0xea20631f340 : 3 stores
Line 0x98f5690a6d40 : 2 stores
Line 0xe8035e38a8c0 : 2 stores
Line 0xea2063a1c40 : 5 stores
Line 0xea2062b52c0 : 4 stores
Line 0xe8035e399040 : 3 stores
Line 0x8ad33013c980 : 4 stores
Line 0xea2063a2c40 : 2 stores
Line 0xea2062b6b40 : 3 stores
Line 0xe8035e39a8c0 : 1 stores
Line 0x8ad33013e200 : 4 stores
Line 0x98f5690a6c40 : 1 stores
Line 0xea2062b6a40 : 1 stores
Line 0xe8035e39a7c0 : 4 stores
Line 0x8ad33013e100 : 2 stores
Line 0xea2062b5200 : 6 stores
Line 0xe8035e3d8ac0 : 6 stores
Line 0xd79e62991380 : 4 stores
Line 0xe8035e398f80 : 6 stores
Line 0x8ad33013c8c0 : 2 stores
Line 0xea2063a2b80 : 4 stores
Line 0xe8035e38a800 : 4 stores
Line 0xea2063a1b80 : 2 stores
Line 0xea2062b6a80 : 3 stores
Line 0xe8035e39a800 : 1 stores
Line 0x8ad33013e140 : 6 stores
Line 0xea206301c40 : 5 stores
Line 0x98f5690a6b80 : 1 stores
Line 0xea2062b69c0 : 2 stores
Line 0xe8035e39a740 : 2 stores
Line 0x8ad33013e080 : 5 stores
Line 0x98f5690a6c00 : 2 stores
Line 0xea2062b5180 : 4 stores
Line 0xe8035e398f00 : 4 stores
Line 0x8ad33013c840 : 4 stores
Line 0xea2063a2b00 : 2 stores
Line 0xe8035e38a780 : 2 stores
Line 0xea2063a1b00 : 5 stores
Line 0xea2062b6a00 : 3 stores
Line 0xe8035e39a780 : 1 stores
Line 0x8ad33013e0c0 : 4 stores
Line 0x98f5690a6b00 : 1 stores
Line 0xea2062b3900 : 3 stores
Line 0xe8035e389f00 : 3 stores
Line 0xea2063a1280 : 4 stores
Line 0xea2062b6940 : 3 stores
Line 0xe8035e39a6c0 : 1 stores
Line 0x8ad33013e000 : 6 stores
Line 0x98f569048e00 : 2 stores
Line 0xea20631f040 : 3 stores
Line 0xea2062b50c0 : 6 stores
Line 0xe8035e3d8980 : 6 stores
Line 0xd79e62991240 : 4 stores
Line 0xe8035e398e40 : 6 stores
Line 0x8ad33013c780 : 2 stores
Line 0xea2063a2a40 : 4 stores
Line 0xe8035e38a6c0 : 4 stores
Line 0xea2063a1a40 : 2 stores
Line 0xea206301b00 : 5 stores
Line 0x98f5690a6a40 : 1 stores
Line 0xea2062b3880 : 3 stores
Line 0x98f5690a6ac0 : 2 stores
Line 0xea2062b5040 : 4 stores
Line 0xe8035e398dc0 : 4 stores
Line 0x8ad33013c700 : 4 stores
Line 0xea2063a29c0 : 2 stores
Line 0xe8035e38a640 : 2 stores
Line 0xea2063a19c0 : 5 stores
Line 0xea2062b38c0 : 1 stores
Line 0xd79e6298fa40 : 2 stores
Line 0xe8035e389ec0 : 2 stores
Line 0xea2063a1240 : 5 stores
Line 0x98f5690a69c0 : 1 stores
Line 0xea20631ffc0 : 3 stores
Line 0x98f569048d80 : 5 stores
Line 0xea20631efc0 : 4 stores
Line 0xea2062b37c0 : 3 stores
Line 0xe8035e389dc0 : 3 stores
Line 0xea2063a1140 : 4 stores
Line 0x98f569048cc0 : 2 stores
Line 0xea20631ef00 : 2 stores
Line 0xe8035e398d00 : 6 stores
Line 0x8ad33013c640 : 2 stores
Line 0xea2063a2900 : 4 stores
Line 0xea2062b3f80 : 1 stores
Line 0xe8035e38a580 : 4 stores
Line 0xea2063a1900 : 2 stores
Line 0xea2062b3800 : 1 stores
Line 0xe8035e389e00 : 1 stores
Line 0xea2063a1180 : 2 stores
Line 0xea2063019c0 : 5 stores
Line 0x98f5690a6900 : 1 stores
Line 0xea20631ff00 : 2 stores
Line 0xea2062b3740 : 3 stores
Line 0x98f5690a6980 : 2 stores
Line 0xea20631ff80 : 1 stores
Line 0x98f569048d40 : 1 stores
Line 0xea20631ef80 : 1 stores
Line 0xe8035e398c80 : 4 stores
Line 0x8ad33013c5c0 : 4 stores
Line 0xea2063a2880 : 2 stores
Line 0xea2062b3f00 : 1 stores
Line 0xe8035e38a500 : 2 stores
Line 0xea2063a1880 : 5 stores
Line 0xea2062b3780 : 1 stores
Line 0xd79e6298f900 : 2 stores
Line 0xe8035e389d80 : 2 stores
Line 0xea2063a1100 : 5 stores
Line 0x98f5690a6880 : 1 stores
Line 0xea20631fe80 : 3 stores
Line 0x98f569048c40 : 5 stores
Line 0xea20631ee80 : 4 stores
Line 0xea2062b3680 : 3 stores
Line 0xe8035e389c80 : 3 stores
Line 0xea2063a1000 : 4 stores
Line 0x98f569048b80 : 2 stores
Line 0xea20631edc0 : 2 stores
Line 0xea2063a27c0 : 4 stores
Line 0xea2062b3e40 : 1 stores
Line 0xe8035e38a440 : 4 stores
Line 0xea2063a17c0 : 2 stores
Line 0xea2062b36c0 : 1 stores
Line 0xe8035e389cc0 : 1 stores
Line 0xea2063a1040 : 2 stores
Line 0xea206301880 : 5 stores
Line 0x98f5690a67c0 : 1 stores
Line 0xea20631fdc0 : 2 stores
Line 0xea2062b3600 : 3 stores
Line 0x98f5690a6840 : 2 stores
Line 0xea20631fe40 : 1 stores
Line 0x98f569048c00 : 1 stores
Line 0xea20631ee40 : 1 stores
Line 0xea2063a2740 : 2 stores
Line 0xea2062b3dc0 : 1 stores
Line 0xd79e6298ff40 : 2 stores
Line 0xe8035e38a3c0 : 2 stores
Line 0xea2063a1740 : 5 stores
Line 0xea2062b3640 : 1 stores
Line 0xe8035e3d6f00 : 1 stores
Line 0xd79e6298f7c0 : 2 stores
Line 0x98f5690a6740 : 1 stores
Line 0xea20631fd40 : 3 stores
Line 0x98f569048b00 : 5 stores
Line 0xea20631ed40 : 4 stores
Line 0xea2062b3540 : 3 stores
Line 0x98f569048a40 : 2 stores
Line 0xea20631ec80 : 2 stores
Line 0xea2063a2680 : 4 stores
Line 0xea2062b3d00 : 1 stores
Line 0xe8035e38a300 : 4 stores
Line 0xea2063a1680 : 2 stores
Line 0xea2062b3580 : 1 stores
Line 0xea206301740 : 5 stores
Line 0x98f5690a6680 : 1 stores
Line 0xea20631fc80 : 2 stores
Line 0xea2062b34c0 : 3 stores
Line 0x98f5690a6700 : 2 stores
Line 0xea20631fd00 : 1 stores
Line 0x98f569048ac0 : 1 stores
Line 0xea20631ed00 : 1 stores
Line 0xea2063a2600 : 2 stores
Line 0xea2062b3c80 : 1 stores
Line 0xd79e6298fe00 : 2 stores
Line 0xe8035e38a280 : 2 stores
Line 0xea2063a1600 : 5 stores
Line 0xea2062b3500 : 1 stores
Line 0xe8035e3d6dc0 : 1 stores
Line 0xd79e6298f680 : 2 stores
Line 0x98f5690a6600 : 1 stores
Line 0xea20631fc00 : 3 stores
Line 0x98f5690489c0 : 5 stores
Line 0xea20631ec00 : 4 stores
Line 0xea2062b3400 : 3 stores
Line 0x98f569048900 : 2 stores
Line 0xea20631eb40 : 2 stores
Line 0xea2063a2540 : 4 stores
Line 0xea2062b3bc0 : 1 stores
Line 0xe8035e38a1c0 : 4 stores
Line 0xea2063a1540 : 2 stores
Line 0xea2062b3440 : 1 stores
Line 0xea206301600 : 5 stores
Line 0x98f5690a6540 : 1 stores
Line 0xea20631fb40 : 2 stores
Line 0xea2062b3380 : 3 stores
Line 0x98f5690a65c0 : 2 stores
Line 0xea20631fbc0 : 1 stores
Line 0xea2062b3b40 : 1 stores
Line 0xd79e6298fcc0 : 2 stores
Line 0xe8035e38a140 : 2 stores
Line 0xea2063a14c0 : 5 stores
Line 0xea2063a24c0 : 2 stores
Line 0xea2062b33c0 : 1 stores
Line 0xe8035e3d6c80 : 1 stores
Line 0xd79e6298f540 : 2 stores
Line 0x98f569048880 : 5 stores
Line 0xea20631eac0 : 4 stores
Line 0x98f5690a64c0 : 1 stores
Line 0xea20631fac0 : 3 stores
Line 0xea2062b32c0 : 3 stores
Line 0x98f5690487c0 : 2 stores
Line 0xea20631ea00 : 2 stores
Line 0xea2062b3a80 : 1 stores
Line 0xe8035e38a080 : 4 stores
Line 0xea2063a1400 : 2 stores
Line 0xea2063a2400 : 4 stores
Line 0xea2062fe4c0 : 1 stores
Line 0xea2062b3300 : 1 stores
Line 0x98f5690a6400 : 1 stores
Line 0xea20631fa00 : 2 stores
Line 0xea2062b3240 : 3 stores
Line 0x98f5690a6480 : 2 stores
Line 0xea20631fa80 : 1 stores
Line 0xea2063a2380 : 2 stores
Line 0xea2062b3a00 : 1 stores
Line 0xd79e6298fb80 : 2 stores
Line 0xe8035e38a000 : 2 stores
Line 0xea2063a1380 : 5 stores
Line 0xea2062b3280 : 1 stores
Line 0xe8035e3d6b40 : 1 stores
Line 0xd79e6298f400 : 2 stores
Line 0x98f5690a6380 : 1 stores
Line 0xea20631f980 : 3 stores
Line 0x98f569048740 : 5 stores
Line 0xea20631e980 : 4 stores
Line 0xea2062b3180 : 3 stores
Line 0xe8035e38af40 : 1 stores
Line 0xea2063a22c0 : 4 stores
Line 0xea2062b3940 : 1 stores
Line 0xe8035e389f40 : 1 stores
Line 0xea2063a12c0 : 2 stores
Line 0x98f569048680 : 2 stores
Line 0xea20631e8c0 : 2 stores
Line 0xea2062b31c0 : 1 stores
Line 0xea2062fe380 : 1 stores
Line 0x98f5690a62c0 : 1 stores
Line 0xea20631f8c0 : 2 stores
Line 0xea2062b3100 : 3 stores
Line 0x98f5690a6340 : 2 stores
Line 0xea20631f940 : 1 stores
Line 0xea2062b18c0 : 4 stores
Line 0xe8035e395640 : 3 stores
Line 0x8ad330138f80 : 4 stores
Line 0xea20639f240 : 1 stores
Line 0xe8035e386ec0 : 2 stores
Line 0xea20639e240 : 1 stores
Line 0xea2062b3140 : 1 stores
Line 0xe8035e3d6a00 : 1 stores
Line 0xd79e6298f2c0 : 2 stores
Line 0x98f5690a6240 : 1 stores
Line 0xea20631f840 : 3 stores
Line 0x98f569048600 : 5 stores
Line 0xea20631e840 : 4 stores
Line 0xea2062b3040 : 3 stores
Line 0x98f569048540 : 2 stores
Line 0xea20631e780 : 2 stores
Line 0xea2062b1800 : 6 stores
Line 0xe8035e3d50c0 : 2 stores
Line 0xd79e6298d980 : 4 stores
Line 0xe8035e395580 : 2 stores
Line 0x8ad330138ec0 : 2 stores
Line 0xea20639f180 : 1 stores
Line 0xe8035e386e00 : 4 stores
Line 0xea20639e180 : 1 stores
Line 0xea2062b3080 : 1 stores
Line 0xea2062fe240 : 1 stores
Line 0x98f5690a6180 : 1 stores
Line 0xea20631f780 : 2 stores
Line 0xea2062b2fc0 : 2 stores
Line 0x98f5690a6200 : 2 stores
Line 0xea20631f800 : 1 stores
Line 0xea2062b1780 : 4 stores
Line 0xe8035e395500 : 3 stores
Line 0x8ad330138e40 : 4 stores
Line 0xea20639f100 : 1 stores
Line 0xe8035e386d80 : 2 stores
Line 0xea20639e100 : 1 stores
Line 0xea2062b3000 : 1 stores
Line 0xe8035e3d68c0 : 1 stores
Line 0xd79e6298f180 : 2 stores
Line 0x98f5690a6100 : 1 stores
Line 0xea20631f700 : 3 stores
Line 0x98f5690484c0 : 5 stores
Line 0xea20631e700 : 4 stores
Line 0xea2062b2f00 : 1 stores
Line 0x98f569048400 : 2 stores
Line 0xea20631e640 : 2 stores
Line 0xea2062b16c0 : 6 stores
Line 0xe8035e3d4f80 : 6 stores
Line 0xd79e6298d840 : 4 stores
Line 0xe8035e395440 : 2 stores
Line 0x8ad330138d80 : 2 stores
Line 0xea20639f040 : 1 stores
Line 0xe8035e386cc0 : 4 stores
Line 0xea20639e040 : 1 stores
Line 0xea2062b2f40 : 4 stores
Line 0xea2062fe100 : 1 stores
Line 0x98f5690a6040 : 1 stores
Line 0xea20631f640 : 2 stores
Line 0xea2062b2e80 : 2 stores
Line 0x98f5690a60c0 : 2 stores
Line 0xea20631f6c0 : 1 stores
Line 0xea2062b1640 : 4 stores
Line 0xe8035e3953c0 : 3 stores
Line 0x8ad330138d00 : 4 stores
Line 0xea20639efc0 : 3 stores
Line 0xe8035e386c40 : 2 stores
Line 0xea20639dfc0 : 5 stores
Line 0xea2062b2ec0 : 2 stores
Line 0xe8035e3d6780 : 1 stores
Line 0xd79e6298f040 : 2 stores
Line 0xea2062b2dc0 : 1 stores
Line 0xe8035e3d6680 : 3 stores
Line 0xd79e6298ef40 : 2 stores
Line 0xea2062b1580 : 6 stores
Line 0xe8035e3d4e40 : 6 stores
Line 0xd79e6298d700 : 4 stores
Line 0xe8035e395300 : 2 stores
Line 0x8ad330138c40 : 2 stores
Line 0xea20639ef00 : 3 stores
Line 0xe8035e386b80 : 4 stores
Line 0xea20639df00 : 2 stores
Line 0xea2062b2e00 : 4 stores
Line 0xea2062fdfc0 : 5 stores
Line 0xea2062b2d40 : 2 stores
Line 0xe8035e3d6600 : 3 stores
Line 0xd79e6298eec0 : 3 stores
Line 0x6c6f1e455f40 : 1 stores
Line 0x98f5690a1f80 : 2 stores
Line 0xea2062b1500 : 4 stores
Line 0xe8035e395280 : 3 stores
Line 0x8ad330138bc0 : 4 stores
Line 0xea20639ee80 : 3 stores
Line 0xe8035e386b00 : 2 stores
Line 0xea20639de80 : 5 stores
Line 0xea2062b2d80 : 2 stores
Line 0xea2062b2c80 : 1 stores
Line 0xe8035e3d6540 : 3 stores
Line 0xd79e6298ee00 : 2 stores
Line 0xea2062b1440 : 6 stores
Line 0xe8035e3d4d00 : 6 stores
Line 0xd79e6298d5c0 : 4 stores
Line 0xe8035e3951c0 : 2 stores
Line 0x8ad330138b00 : 2 stores
Line 0xea20639edc0 : 3 stores
Line 0xe8035e386a40 : 4 stores
Line 0xea20639ddc0 : 2 stores
Line 0xea2062b2cc0 : 4 stores
Line 0xea2062fde80 : 5 stores
Line 0xea2062b2c00 : 2 stores
Line 0xe8035e3d64c0 : 3 stores
Line 0xd79e6298ed80 : 3 stores
Line 0x6c6f1e455e00 : 1 stores
Line 0x98f5690a1e40 : 2 stores
Line 0xea2062b13c0 : 4 stores
Line 0xe8035e395140 : 3 stores
Line 0x8ad330138a80 : 4 stores
Line 0xea20639ed40 : 3 stores
Line 0xe8035e3869c0 : 2 stores
Line 0xea20639dd40 : 5 stores
Line 0xea2062b2c40 : 2 stores
Line 0xea2062b2b40 : 1 stores
Line 0xe8035e3d6400 : 3 stores
Line 0xd79e6298ecc0 : 2 stores
Line 0xe8035e386900 : 4 stores
Line 0xea20639dc80 : 2 stores
Line 0xea2062b1300 : 6 stores
Line 0xe8035e3d4bc0 : 6 stores
Line 0xd79e6298d480 : 4 stores
Line 0xe8035e395080 : 2 stores
Line 0x8ad3301389c0 : 2 stores
Line 0xea20639ec80 : 3 stores
Line 0xea2062fdd40 : 5 stores
Line 0xea2062b2b80 : 4 stores
Line 0xea2062b2ac0 : 2 stores
Line 0xe8035e3d6380 : 3 stores
Line 0xd79e6298ec40 : 3 stores
Line 0x6c6f1e456cc0 : 1 stores
Line 0x98f5690a2d00 : 3 stores
Line 0xe8035e386880 : 2 stores
Line 0xea20639dc00 : 5 stores
Line 0xea2062b1280 : 4 stores
Line 0xe8035e395000 : 3 stores
Line 0x8ad330138940 : 4 stores
Line 0xea20639ec00 : 3 stores
Line 0xea2062b2b00 : 2 stores
Line 0xea2062b2a00 : 1 stores
Line 0xe8035e3d62c0 : 3 stores
Line 0xd79e6298eb80 : 2 stores
Line 0xe8035e3867c0 : 4 stores
Line 0xea20639db40 : 2 stores
Line 0xea2062b11c0 : 6 stores
Line 0xe8035e3d4a80 : 6 stores
Line 0xd79e6298d340 : 4 stores
Line 0xe8035e394f40 : 6 stores
Line 0x8ad330138880 : 2 stores
Line 0xea20639eb40 : 3 stores
Line 0xea2062fdc00 : 5 stores
Line 0xea2062b2a40 : 4 stores
Line 0xea2062b2980 : 2 stores
Line 0xe8035e3d6240 : 3 stores
Line 0xd79e6298eb00 : 3 stores
Line 0x6c6f1e456b80 : 1 stores
Line 0x98f5690a2bc0 : 3 stores
Line 0xe8035e386740 : 2 stores
Line 0xea20639dac0 : 5 stores
Line 0xea2062b1140 : 4 stores
Line 0xe8035e394ec0 : 4 stores
Line 0x8ad330138800 : 4 stores
Line 0xea20639eac0 : 3 stores
Line 0xea2062b29c0 : 2 stores
Line 0xea2062af8c0 : 3 stores
Line 0xe8035e385ec0 : 3 stores
Line 0xea20639d240 : 4 stores
Line 0xe8035e386680 : 4 stores
Line 0xea20639da00 : 2 stores
Line 0xea2062b1080 : 6 stores
Line 0xe8035e3d4940 : 6 stores
Line 0xd79e6298d200 : 4 stores
Line 0xe8035e394e00 : 6 stores
Line 0x8ad330138740 : 2 stores
Line 0xea20639ea00 : 3 stores
Line 0xea2062fdac0 : 5 stores
Line 0xea2062af900 : 1 stores
Line 0xe8035e385f00 : 1 stores
Line 0xea20639d280 : 2 stores
Line 0xea2062af840 : 3 stores
Line 0x6c6f1e456a40 : 1 stores
Line 0x98f5690a2a80 : 3 stores
Line 0xe8035e386600 : 2 stores
Line 0xea20639d980 : 5 stores
Line 0xea2062b1000 : 4 stores
Line 0xe8035e394d80 : 4 stores
Line 0x8ad3301386c0 : 4 stores
Line 0xea20639e980 : 3 stores
Line 0xea2062af880 : 1 stores
Line 0xd79e6298ba00 : 2 stores
Line 0xe8035e385e80 : 2 stores
Line 0xea20639d200 : 5 stores
Line 0xea2062af780 : 3 stores
Line 0xe8035e385d80 : 3 stores
Line 0xea20639d100 : 4 stores
Line 0xea20631bec0 : 2 stores
Line 0xea2062aff40 : 1 stores
Line 0xe8035e386540 : 4 stores
Line 0xea20639d8c0 : 2 stores
Line 0xe8035e394cc0 : 6 stores
Line 0x8ad330138600 : 2 stores
Line 0xea20639e8c0 : 3 stores
Line 0xea2062fd980 : 5 stores
Line 0xea2062af7c0 : 1 stores
Line 0xe8035e385dc0 : 1 stores
Line 0xea20639d140 : 2 stores
Line 0xea2062af700 : 3 stores
Line 0x6c6f1e456900 : 1 stores
Line 0x98f5690a2940 : 3 stores
Line 0xea2062afec0 : 1 stores
Line 0xe8035e3864c0 : 2 stores
Line 0xea20639d840 : 5 stores
Line 0xea20639e840 : 3 stores
Line 0xea2062af740 : 1 stores
Line 0xd79e6298b8c0 : 2 stores
Line 0xe8035e385d40 : 2 stores
Line 0xea20639d0c0 : 5 stores
Line 0xea2062af640 : 3 stores
Line 0xea20631bd80 : 2 stores
Line 0xea2062afe00 : 1 stores
Line 0xe8035e386400 : 4 stores
Line 0xea20639d780 : 2 stores
Line 0xea20639e780 : 3 stores
Line 0xea2062fd840 : 5 stores
Line 0xea2062af680 : 1 stores
Line 0xe8035e385c80 : 1 stores
Line 0xea20639d000 : 2 stores
Line 0xea2062af5c0 : 3 stores
Line 0x6c6f1e4567c0 : 1 stores
Line 0x98f5690a2800 : 3 stores
Line 0xea20639e700 : 3 stores
Line 0xea2062afd80 : 1 stores
Line 0xd79e6298bf00 : 2 stores
Line 0xe8035e386380 : 2 stores
Line 0xea20639d700 : 5 stores
Line 0xea2062af600 : 1 stores
Line 0xe8035e3d2ec0 : 1 stores
Line 0xd79e6298b780 : 2 stores
Line 0xea2062af500 : 3 stores
Line 0xea20631bc40 : 2 stores
Line 0xea20639e640 : 3 stores
Line 0xea2062afcc0 : 1 stores
Line 0xe8035e3862c0 : 4 stores
Line 0xea20639d640 : 2 stores
Line 0xea2062af540 : 1 stores
Line 0xea2062ff580 : 2 stores
Line 0x98f569085f80 : 4 stores
Line 0xea2062fd700 : 5 stores
Line 0xea2062af480 : 3 stores
Line 0x6c6f1e456680 : 1 stores
Line 0x98f5690a26c0 : 3 stores
Line 0xea20639e5c0 : 3 stores
Line 0xea2062afc40 : 1 stores
Line 0xd79e6298bdc0 : 2 stores
Line 0xe8035e386240 : 2 stores
Line 0xea20639d5c0 : 5 stores
Line 0xea2062af4c0 : 1 stores
Line 0xe8035e3d2d80 : 1 stores
Line 0xd79e6298b640 : 2 stores
Line 0xea2062af3c0 : 3 stores
Line 0xea20631bb00 : 2 stores
Line 0xea20639e500 : 3 stores
Line 0xea2062afb80 : 1 stores
Line 0xe8035e386180 : 4 stores
Line 0xea20639d500 : 2 stores
Line 0xea2062af400 : 1 stores
Line 0xea2062af340 : 3 stores
Line 0x6c6f1e456540 : 1 stores
Line 0x98f5690a2580 : 3 stores
Line 0xea20639e480 : 3 stores
Line 0xea2062afb00 : 1 stores
Line 0xd79e6298bc80 : 2 stores
Line 0xe8035e386100 : 2 stores
Line 0xea20639d480 : 5 stores
Line 0xea2062af380 : 1 stores
Line 0xe8035e3d2c40 : 1 stores
Line 0xd79e6298b500 : 2 stores
Line 0xea2062af280 : 3 stores
Line 0xea20631b9c0 : 2 stores
Line 0xea20639e3c0 : 3 stores
Line 0xea2062afa40 : 1 stores
Line 0xe8035e386040 : 4 stores
Line 0xea20639d3c0 : 2 stores
Line 0xea2062af2c0 : 1 stores
Line 0xe8035e386fc0 : 2 stores
Line 0xea20639e340 : 3 stores
Line 0xea2062af9c0 : 1 stores
Line 0xd79e6298bb40 : 2 stores
Line 0xe8035e385fc0 : 2 stores
Line 0xea20639d340 : 5 stores
Line 0xea2062af200 : 3 stores
Line 0x6c6f1e456400 : 1 stores
Line 0x98f5690a2440 : 3 stores
Line 0xea2062af240 : 1 stores
Line 0xe8035e3d2b00 : 1 stores
Line 0xd79e6298b3c0 : 2 stores
Line 0xea2062af140 : 3 stores
Line 0xe8035e392ec0 : 3 stores
Line 0xea2063aa240 : 1 stores
Line 0x8ad330136800 : 2 stores
Line 0xea20631b880 : 2 stores
Line 0xe8035e391680 : 2 stores
Line 0x8ad330134fc0 : 2 stores
Line 0xea20639b280 : 1 stores
Line 0xe8035e382f00 : 4 stores
Line 0xea20639a280 : 1 stores
Line 0xea2062af180 : 1 stores
Line 0xe8035e392f00 : 1 stores
Line 0xea2063aa280 : 2 stores
Line 0x8ad330136840 : 6 stores
Line 0x98f56907ad40 : 1 stores
Line 0xea2062af0c0 : 3 stores
Line 0xe8035e392e40 : 3 stores
Line 0xea2063aa1c0 : 1 stores
Line 0x8ad330136780 : 5 stores
Line 0xe8035e391600 : 4 stores
Line 0x8ad330134f40 : 4 stores
Line 0xea20639b200 : 1 stores
Line 0xe8035e382e80 : 2 stores
Line 0xea20639a200 : 1 stores
Line 0xea2062af100 : 1 stores
Line 0xe8035e3d29c0 : 1 stores
Line 0xd79e6298b280 : 2 stores
Line 0xe8035e392e80 : 1 stores
Line 0xea2063aa200 : 4 stores
Line 0x8ad3301367c0 : 4 stores
Line 0xea2062af000 : 3 stores
Line 0xe8035e392d80 : 3 stores
Line 0xea2063aa100 : 1 stores
Line 0x8ad3301366c0 : 2 stores
Line 0xea20631b740 : 2 stores
Line 0xe8035e391540 : 2 stores
Line 0x8ad330134e80 : 2 stores
Line 0xea20639b140 : 1 stores
Line 0xe8035e382dc0 : 4 stores
Line 0xea20639a140 : 1 stores
Line 0xea2062af040 : 1 stores
Line 0xe8035e392dc0 : 1 stores
Line 0xea2063aa140 : 2 stores
Line 0x8ad330136700 : 6 stores
Line 0x98f56907ac00 : 1 stores
Line 0xe8035e392d00 : 3 stores
Line 0xea2063aa080 : 1 stores
Line 0x8ad330136640 : 5 stores
Line 0xe8035e3914c0 : 4 stores
Line 0x8ad330134e00 : 4 stores
Line 0xea20639b0c0 : 1 stores
Line 0xe8035e382d40 : 2 stores
Line 0xea20639a0c0 : 1 stores
Line 0xe8035e392d40 : 1 stores
Line 0xea2063aa0c0 : 4 stores
Line 0x8ad330136680 : 4 stores
Line 0xe8035e392c40 : 3 stores
Line 0xea2063a9fc0 : 2 stores
Line 0x8ad330136580 : 2 stores
Line 0x6c6f1e455fc0 : 1 stores
Line 0x98f5690a2000 : 1 stores
Line 0xea20631b600 : 2 stores
Line 0xe8035e382c80 : 4 stores
Line 0xea20639a000 : 1 stores
Line 0xe8035e391400 : 2 stores
Line 0x8ad330134d40 : 2 stores
Line 0xea20639b000 : 1 stores
Line 0xea2062f5f40 : 5 stores
Line 0x98f56907aac0 : 1 stores
Line 0xe8035e392c80 : 1 stores
Line 0xea2063aa000 : 2 stores
Line 0x8ad3301365c0 : 6 stores
Line 0xe8035e392bc0 : 3 stores
Line 0xea2063a9f40 : 5 stores
Line 0x8ad330136500 : 5 stores
Line 0xe8035e382c00 : 2 stores
Line 0xea206399f80 : 5 stores
Line 0xe8035e391380 : 4 stores
Line 0x8ad330134cc0 : 4 stores
Line 0xea20639af80 : 2 stores
Line 0xe8035e392c00 : 1 stores
Line 0xea2063a9f80 : 4 stores
Line 0x8ad330136540 : 4 stores
Line 0x98f56909df80 : 1 stores
Line 0xea206317580 : 1 stores
Line 0xe8035e392b00 : 3 stores
Line 0xea2063a9e80 : 2 stores
Line 0x8ad330136440 : 2 stores
Line 0x98f56909dec0 : 1 stores
Line 0xea2063174c0 : 3 stores
Line 0xe8035e382b40 : 4 stores
Line 0xea206399ec0 : 2 stores
Line 0xe8035e3912c0 : 2 stores
Line 0x8ad330134c00 : 2 stores
Line 0xea20639aec0 : 4 stores
Line 0xea2062f5e00 : 5 stores
Line 0xe8035e392b40 : 1 stores
Line 0xea2063a9ec0 : 6 stores
Line 0x8ad330136480 : 6 stores
Line 0xe8035e392a80 : 3 stores
Line 0xea2063a9e00 : 5 stores
Line 0x8ad3301363c0 : 5 stores
Line 0x98f56909df40 : 3 stores
Line 0xea206317540 : 3 stores
Line 0xe8035e382ac0 : 2 stores
Line 0xea206399e40 : 5 stores
Line 0xe8035e391240 : 4 stores
Line 0x8ad330134b80 : 4 stores
Line 0xea20639ae40 : 2 stores
Line 0xe8035e392ac0 : 1 stores
Line 0xea2063a9e40 : 4 stores
Line 0x8ad330136400 : 4 stores
Line 0x98f56909de40 : 1 stores
Line 0xea206317440 : 1 stores
Line 0xea206317380 : 3 stores
Line 0xe8035e382a00 : 4 stores
Line 0xea206399d80 : 2 stores
Line 0xe8035e391180 : 2 stores
Line 0x8ad330134ac0 : 2 stores
Line 0xea20639ad80 : 4 stores
Line 0xea2062f5cc0 : 5 stores
Line 0x98f56909ed80 : 1 stores
Line 0x98f56909de00 : 3 stores
Line 0xea206317400 : 3 stores
Line 0xe8035e382980 : 2 stores
Line 0xea206399d00 : 5 stores
Line 0xe8035e391100 : 4 stores
Line 0x8ad330134a40 : 4 stores
Line 0xea20639ad00 : 2 stores
Line 0xea206317300 : 1 stores
Line 0x98f56909ed00 : 1 stores
Line 0xea206317240 : 3 stores
Line 0xe8035e3828c0 : 4 stores
Line 0xea206399c40 : 2 stores
Line 0xe8035e391040 : 2 stores
Line 0x8ad330134980 : 2 stores
Line 0xea20639ac40 : 4 stores
Line 0xea2062f5b80 : 5 stores
Line 0x98f56909ec40 : 1 stores
Line 0xea2063172c0 : 3 stores
Line 0x98f56909ecc0 : 2 stores
Line 0xe8035e382840 : 2 stores
Line 0xea206399bc0 : 5 stores
Line 0xe8035e390fc0 : 4 stores
Line 0x8ad330134900 : 4 stores
Line 0xea20639abc0 : 2 stores
Line 0x98f569040f80 : 3 stores
Line 0xea2063171c0 : 1 stores
Line 0x98f56909ebc0 : 1 stores
Line 0x98f569040ec0 : 1 stores
Line 0xea206317100 : 3 stores
Line 0xea2063a7280 : 2 stores
Line 0x8ad330133840 : 2 stores
Line 0xe8035e382780 : 4 stores
Line 0xea206399b00 : 2 stores
Line 0xe8035e390f00 : 6 stores
Line 0x8ad330134840 : 2 stores
Line 0xea20639ab00 : 4 stores
Line 0xea2062f5a40 : 5 stores
Line 0x98f56909eb00 : 1 stores
Line 0x98f569040f40 : 1 stores
Line 0xea206317180 : 3 stores
Line 0x98f56909eb80 : 2 stores
Line 0xe8035e382700 : 2 stores
Line 0xea206399a80 : 5 stores
Line 0xe8035e390e80 : 4 stores
Line 0x8ad3301347c0 : 4 stores
Line 0xea20639aa80 : 2 stores
Line 0x98f569040e40 : 3 stores
Line 0xea206317080 : 1 stores
Line 0x98f56909ea80 : 1 stores
Line 0x98f569060300 : 1 stores
Line 0xea206336540 : 2 stores
Line 0x98f569040d80 : 1 stores
Line 0xea206316fc0 : 2 stores
Line 0xea2063a7140 : 2 stores
Line 0x8ad330133700 : 2 stores
Line 0xe8035e382640 : 4 stores
Line 0xea2063999c0 : 2 stores
Line 0xe8035e390dc0 : 6 stores
Line 0x8ad330134700 : 2 stores
Line 0xea20639a9c0 : 4 stores
Line 0xea2062f5900 : 5 stores
Line 0x98f56909e9c0 : 1 stores
Line 0xea206317fc0 : 2 stores
Line 0x98f569060280 : 3 stores
Line 0xea2063364c0 : 3 stores
Line 0x98f569040e00 : 1 stores
Line 0xea206317040 : 3 stores
Line 0x98f56909ea40 : 2 stores
Line 0xe8035e3825c0 : 2 stores
Line 0xea206399940 : 5 stores
Line 0xe8035e390d40 : 4 stores
Line 0x8ad330134680 : 4 stores
Line 0xea20639a940 : 2 stores
Line 0x98f569040d00 : 3 stores
Line 0xea206316f40 : 4 stores
Line 0x98f56909e940 : 1 stores
Line 0xea206317f40 : 3 stores
Line 0x98f5690601c0 : 1 stores
Line 0xea206336400 : 2 stores
Line 0x98f569040c40 : 1 stores
Line 0xea206316e80 : 2 stores
Line 0xea2063a7000 : 2 stores
Line 0x8ad3301335c0 : 2 stores
Line 0xe8035e382500 : 4 stores
Line 0xea206399880 : 2 stores
Line 0xe8035e390c80 : 6 stores
Line 0x8ad3301345c0 : 2 stores
Line 0xea20639a880 : 4 stores
Line 0xea2062f57c0 : 5 stores
Line 0x98f56909e880 : 1 stores
Line 0xea206317e80 : 2 stores
Line 0x98f569060140 : 3 stores
Line 0xea206336380 : 3 stores
Line 0x98f569040cc0 : 1 stores
Line 0xea206316f00 : 1 stores
Line 0x98f56909e900 : 2 stores
Line 0xea206317f00 : 1 stores
Line 0xea2063a6f80 : 3 stores
Line 0x8ad330133540 : 3 stores
Line 0xe8035e382480 : 2 stores
Line 0xea206399800 : 5 stores
Line 0xea20639a800 : 2 stores
Line 0x98f569040bc0 : 3 stores
Line 0xea206316e00 : 4 stores
Line 0x98f56909e800 : 1 stores
Line 0xea206317e00 : 3 stores
Line 0x98f569060080 : 1 stores
Line 0xea2063362c0 : 2 stores
Line 0x98f569040b00 : 1 stores
Line 0xea206316d40 : 2 stores
Line 0xea2063a6ec0 : 2 stores
Line 0x8ad330133480 : 2 stores
Line 0xe8035e3823c0 : 4 stores
Line 0xea206399740 : 2 stores
Line 0xea20639a740 : 4 stores
Line 0xea2062f5680 : 5 stores
Line 0x98f56909e740 : 1 stores
Line 0xea206317d40 : 2 stores
Line 0x98f569060000 : 3 stores
Line 0xea206336240 : 3 stores
Line 0x98f569040b80 : 1 stores
Line 0xea206316dc0 : 1 stores
Line 0x98f56909e7c0 : 2 stores
Line 0xea206317dc0 : 1 stores
Line 0xea2063a6e40 : 3 stores
Line 0x8ad330133400 : 3 stores
Line 0xe8035e382340 : 2 stores
Line 0xea2063996c0 : 5 stores
Line 0xea20639a6c0 : 2 stores
Line 0x98f569040a80 : 3 stores
Line 0xea206316cc0 : 4 stores
Line 0x98f56909e6c0 : 1 stores
Line 0xea206317cc0 : 3 stores
Line 0x98f56905ff40 : 1 stores
Line 0xea206336180 : 2 stores
Line 0x98f5690409c0 : 1 stores
Line 0xea206316c00 : 2 stores
Line 0xe8035e382280 : 4 stores
Line 0xea206399600 : 2 stores
Line 0xea20639a600 : 4 stores
Line 0xea2062f5540 : 5 stores
Line 0x98f56909e600 : 1 stores
Line 0xea206317c00 : 2 stores
Line 0x98f56905fec0 : 1 stores
Line 0xea206336100 : 3 stores
Line 0x98f569040a40 : 1 stores
Line 0xea206316c80 : 1 stores
Line 0x98f56909e680 : 2 stores
Line 0xea206317c80 : 1 stores
Line 0xe8035e382200 : 2 stores
Line 0xea206399580 : 5 stores
Line 0xea20639a580 : 2 stores
Line 0x98f569040940 : 3 stores
Line 0xea206316b80 : 4 stores
Line 0x98f56909e580 : 1 stores
Line 0xea206317b80 : 3 stores
Line 0x98f569040880 : 1 stores
Line 0xea206316ac0 : 2 stores
Line 0xe8035e382140 : 4 stores
Line 0xea2063994c0 : 2 stores
Line 0xea20639a4c0 : 4 stores
Line 0xea2062ea580 : 2 stores
Line 0x98f56905fe40 : 1 stores
Line 0xea206336080 : 3 stores
Line 0x98f56909e4c0 : 1 stores
Line 0xea206317ac0 : 2 stores
Line 0x98f56909e540 : 2 stores
Line 0xea206317b40 : 1 stores
Line 0x98f569040900 : 1 stores
Line 0xea206316b40 : 1 stores
Line 0xea20639a440 : 2 stores
Line 0xe8035e3820c0 : 2 stores
Line 0xea206399440 : 5 stores
Line 0x98f56905fdc0 : 2 stores
Line 0xea206336000 : 1 stores
Line 0x98f56909e440 : 1 stores
Line 0xea206317a40 : 3 stores
Line 0x98f569040800 : 3 stores
Line 0xea206316a40 : 4 stores
Line 0x98f569040740 : 1 stores
Line 0xea206316980 : 2 stores
Line 0xea20639a380 : 4 stores
Line 0xe8035e382000 : 4 stores
Line 0xea206399380 : 2 stores
Line 0x98f56905fd00 : 1 stores
Line 0xea206335f40 : 1 stores
Line 0x98f56909e380 : 1 stores
Line 0xea206317980 : 2 stores
Line 0xe8035e382f80 : 2 stores
Line 0xea20639a300 : 2 stores
Line 0xe8035e381f80 : 2 stores
Line 0xea206399300 : 5 stores
Line 0x98f56909e400 : 2 stores
Line 0xea206317a00 : 1 stores
Line 0x98f5690407c0 : 1 stores
Line 0xea206316a00 : 1 stores
Line 0x98f56905fc80 : 2 stores
Line 0xea206335ec0 : 2 stores
Line 0x98f56909e300 : 1 stores
Line 0xea206317900 : 3 stores
Line 0x98f5690406c0 : 3 stores
Line 0xea206316900 : 4 stores
Line 0x98f569040600 : 1 stores
Line 0xea206316840 : 2 stores
Line 0xe8035e378e40 : 4 stores
Line 0x98f5690b9f80 : 2 stores
Line 0xea206333580 : 1 stores
Line 0x98f56905fbc0 : 1 stores
Line 0xea206335e00 : 1 stores
Line 0x98f56909e240 : 1 stores
Line 0xea206317840 : 2 stores
Line 0x98f56909e2c0 : 2 stores
Line 0xea2063178c0 : 1 stores
Line 0x98f569040680 : 1 stores
Line 0xea2063168c0 : 1 stores
Line 0xe8035e378dc0 : 1 stores
Line 0x98f5690b9f00 : 4 stores
Line 0xea206333500 : 2 stores
Line 0x98f56905fb40 : 2 stores
Line 0xea206335d80 : 2 stores
Line 0x98f56909e1c0 : 1 stores
Line 0xea2063177c0 : 3 stores
Line 0x98f569040580 : 3 stores
Line 0xea2063167c0 : 4 stores
Line 0x98f5690404c0 : 1 stores
Line 0xea206316700 : 2 stores
Line 0xe8035e378d00 : 4 stores
Line 0x98f5690b9e40 : 2 stores
Line 0xea206333440 : 1 stores
Line 0x98f56905fa80 : 1 stores
Line 0xea206335cc0 : 1 stores
Line 0x98f56909e100 : 1 stores
Line 0xea206317700 : 2 stores
Line 0x98f56909e180 : 2 stores
Line 0xea206317780 : 1 stores
Line 0x98f569040540 : 1 stores
Line 0xea206316780 : 1 stores
Line 0xe8035e378c80 : 1 stores
Line 0x98f5690b9dc0 : 4 stores
Line 0xea2063333c0 : 2 stores
Line 0x98f56905fa00 : 2 stores
Line 0xea206335c40 : 2 stores
Line 0x98f56909e080 : 1 stores
Line 0xea206317680 : 3 stores
Line 0x98f569040440 : 3 stores
Line 0xea206316680 : 4 stores
Line 0x98f569099fc0 : 1 stores
Line 0x98f56903d380 : 2 stores
Line 0xea2063135c0 : 2 stores
Line 0xea206333300 : 1 stores
Line 0xe8035e379bc0 : 1 stores
Line 0x98f5690bad00 : 2 stores
Line 0xea2062ebf00 : 4 stores
Line 0x98f569072900 : 1 stores
Line 0x98f56909e040 : 2 stores
Line 0xea206317640 : 1 stores
Line 0x98f569040400 : 1 stores
Line 0xea206316640 : 1 stores
Line 0xea206333280 : 2 stores
Line 0xe8035e379b40 : 2 stores
Line 0x98f5690bac80 : 3 stores
Line 0x98f569099f40 : 1 stores
Line 0x98f56903d300 : 3 stores
Line 0xea206313540 : 1 stores
Line 0x98f569099e80 : 1 stores
Line 0x98f56903d240 : 2 stores
Line 0xea206313480 : 2 stores
Line 0xe8035e379a80 : 1 stores
Line 0x98f5690babc0 : 2 stores
Line 0xea2062ebdc0 : 4 stores
Line 0x98f5690727c0 : 1 stores
Line 0x98f569099f00 : 3 stores
Line 0x98f56903d2c0 : 1 stores
Line 0xea206313500 : 4 stores
Line 0xe8035e379a00 : 2 stores
Line 0x98f5690bab40 : 3 stores
Line 0x98f569099e00 : 1 stores
Line 0x98f56903d1c0 : 3 stores
Line 0xea206313400 : 1 stores
Line 0x98f56903d100 : 2 stores
Line 0xea206313340 : 2 stores
Line 0xe8035e379940 : 1 stores
Line 0x98f5690baa80 : 2 stores
Line 0x98f56905ce40 : 4 stores
Line 0xea206333080 : 1 stores
Line 0xea2062ebc80 : 4 stores
Line 0x98f569072680 : 1 stores
Line 0x98f56909ad40 : 1 stores
Line 0x98f569099dc0 : 3 stores
Line 0x98f56903d180 : 1 stores
Line 0xea2063133c0 : 4 stores
Line 0xe8035e3798c0 : 2 stores
Line 0x98f5690baa00 : 3 stores
Line 0x98f56905cdc0 : 1 stores
Line 0xea206333000 : 2 stores
Line 0x98f56903d080 : 3 stores
Line 0xea2063132c0 : 1 stores
Line 0x98f56909acc0 : 1 stores
Line 0x98f56903cfc0 : 1 stores
Line 0xea206313200 : 2 stores
Line 0x98f56905cd00 : 4 stores
Line 0xea206332f40 : 3 stores
Line 0xe8035e379800 : 1 stores
Line 0x98f5690ba940 : 2 stores
Line 0xea2062ebb40 : 4 stores
Line 0x98f569072540 : 1 stores
Line 0x98f56909ac00 : 1 stores
Line 0x98f56909ac80 : 2 stores
Line 0x98f56903d040 : 1 stores
Line 0xea206313280 : 4 stores
Line 0x98f56905cc80 : 1 stores
Line 0xea206332ec0 : 1 stores
Line 0xe8035e379780 : 2 stores
Line 0x98f5690ba8c0 : 3 stores
Line 0x98f56909ab80 : 1 stores
Line 0x98f56903cf40 : 2 stores
Line 0xea206313180 : 1 stores
Line 0x98f56903ce80 : 1 stores
Line 0xea2063130c0 : 2 stores
Line 0xe8035e3796c0 : 1 stores
Line 0x98f5690ba800 : 2 stores
Line 0x98f56905cbc0 : 4 stores
Line 0xea206332e00 : 3 stores
Line 0xea2062eba00 : 4 stores
Line 0x98f569072400 : 1 stores
Line 0x98f56909aac0 : 1 stores
Line 0x98f56905c380 : 6 stores
Line 0xea2063325c0 : 3 stores
Line 0x98f56903cf00 : 1 stores
Line 0xea206313140 : 4 stores
Line 0x98f56909ab40 : 2 stores
Line 0xe8035e379640 : 2 stores
Line 0x98f5690ba780 : 3 stores
Line 0x98f56905cb40 : 1 stores
Line 0xea206332d80 : 1 stores
Line 0x98f56903ce00 : 2 stores
Line 0xea206313040 : 1 stores
Line 0x98f56909aa40 : 1 stores
Line 0x98f56905c2c0 : 5 stores
Line 0xea206332500 : 2 stores
Line 0x98f56903cd40 : 1 stores
Line 0xea206312f80 : 2 stores
Line 0xe8035e379580 : 1 stores
Line 0x98f5690ba6c0 : 2 stores
Line 0x98f56905ca80 : 4 stores
Line 0xea206332cc0 : 3 stores
Line 0xea2062eb8c0 : 4 stores
Line 0x98f5690722c0 : 1 stores
Line 0x98f56905c300 : 4 stores
Line 0xea206332540 : 3 stores
Line 0x98f56909a980 : 1 stores
Line 0x98f56903dd40 : 1 stores
Line 0xea206313f80 : 2 stores
Line 0x98f56905c240 : 6 stores
Line 0xea206332480 : 3 stores
Line 0x98f56903cdc0 : 1 stores
Line 0xea206313000 : 4 stores
Line 0x98f56909aa00 : 2 stores
Line 0xe8035e379500 : 2 stores
Line 0x98f5690ba640 : 3 stores
Line 0x98f56905ca00 : 1 stores
Line 0xea206332c40 : 1 stores
Line 0x98f56905c280 : 1 stores
Line 0xea2063324c0 : 1 stores
Line 0x98f56903ccc0 : 2 stores
Line 0xea206312f00 : 3 stores
Line 0x98f56909a900 : 1 stores
Line 0x98f56903dcc0 : 2 stores
Line 0xea206313f00 : 4 stores
Line 0x98f56905c180 : 5 stores
Line 0xea2063323c0 : 2 stores
Line 0x98f56903cc00 : 1 stores
Line 0xea206312e40 : 2 stores
Line 0xe8035e379440 : 1 stores
Line 0x98f5690ba580 : 2 stores
Line 0x98f56905c940 : 4 stores
Line 0xea206332b80 : 3 stores
Line 0xea2062eb780 : 4 stores
Line 0x98f569072180 : 1 stores
Line 0x98f56905c1c0 : 4 stores
Line 0xea206332400 : 3 stores
Line 0x98f56909a840 : 1 stores
Line 0x98f56903dc00 : 1 stores
Line 0xea206313e40 : 2 stores
Line 0x98f56905c100 : 6 stores
Line 0xea206332340 : 3 stores
Line 0x98f56903cc80 : 1 stores
Line 0xea206312ec0 : 1 stores
Line 0x98f56909a8c0 : 2 stores
Line 0x98f56903dc80 : 1 stores
Line 0xea206313ec0 : 1 stores
Line 0xe8035e3793c0 : 2 stores
Line 0x98f5690ba500 : 3 stores
Line 0x98f56905c8c0 : 1 stores
Line 0xea206332b00 : 1 stores
Line 0x98f56905c140 : 1 stores
Line 0xea206332380 : 1 stores
Line 0x98f56903cb80 : 1 stores
Line 0xea206312dc0 : 3 stores
Line 0x98f56909a7c0 : 1 stores
Line 0x98f56903db80 : 1 stores
Line 0xea206313dc0 : 4 stores
Line 0x98f56905c040 : 5 stores
Line 0xea206332280 : 2 stores
Line 0x98f56903cac0 : 1 stores
Line 0xea206312d00 : 2 stores
Line 0xe8035e379300 : 1 stores
Line 0x98f5690ba440 : 2 stores
Line 0x98f56905c800 : 4 stores
Line 0xea206332a40 : 3 stores
Line 0xea2062eb640 : 4 stores
Line 0x98f569072040 : 1 stores
Line 0x98f56905c080 : 4 stores
Line 0xea2063322c0 : 3 stores
Line 0x98f56909a700 : 1 stores
Line 0x98f56903dac0 : 1 stores
Line 0xea206313d00 : 2 stores
Line 0x98f56905bfc0 : 4 stores
Line 0xea206332200 : 3 stores
Line 0x98f56903cb40 : 1 stores
Line 0xea206312d80 : 1 stores
Line 0x98f56909a780 : 2 stores
Line 0x98f56903db40 : 1 stores
Line 0xea206313d80 : 1 stores
Line 0xe8035e379280 : 2 stores
Line 0x98f5690ba3c0 : 3 stores
Line 0x98f56905c780 : 1 stores
Line 0xea2063329c0 : 1 stores
Line 0x98f56905c000 : 1 stores
Line 0xea206332240 : 1 stores
Line 0x98f56903ca40 : 1 stores
Line 0xea206312c80 : 3 stores
Line 0x98f56909a680 : 1 stores
Line 0x98f56903da40 : 1 stores
Line 0xea206313c80 : 4 stores
Line 0x98f56905bf00 : 1 stores
Line 0xea206332140 : 2 stores
Line 0x98f56903c980 : 1 stores
Line 0xea206312bc0 : 2 stores
Line 0x98f56905c6c0 : 4 stores
Line 0xea206332900 : 3 stores
Line 0xe8035e3791c0 : 1 stores
Line 0x98f5690ba300 : 2 stores
Line 0x98f56905bf40 : 4 stores
Line 0xea206332180 : 3 stores
Line 0xea2062eb500 : 4 stores
Line 0x98f56909a5c0 : 1 stores
Line 0x98f56903d980 : 1 stores
Line 0xea206313bc0 : 2 stores
Line 0x98f56905be80 : 4 stores
Line 0xea2063320c0 : 3 stores
Line 0x98f56909a640 : 2 stores
Line 0x98f56903da00 : 1 stores
Line 0xea206313c40 : 1 stores
Line 0x98f56903ca00 : 1 stores
Line 0xea206312c40 : 1 stores
Line 0x98f56905c640 : 1 stores
Line 0xea206332880 : 1 stores
Line 0xe8035e379140 : 2 stores
Line 0x98f5690ba280 : 3 stores
Line 0x98f56905bec0 : 2 stores
Line 0xea206332100 : 1 stores
Line 0x98f56909a540 : 1 stores
Line 0x98f56903d900 : 1 stores
Line 0xea206313b40 : 4 stores
Line 0x98f56903c900 : 1 stores
Line 0xea206312b40 : 3 stores
Line 0x98f56903c840 : 1 stores
Line 0xea206312a80 : 2 stores
Line 0x98f56905c580 : 4 stores
Line 0xea2063327c0 : 3 stores
Line 0xe8035e379080 : 1 stores
Line 0x98f5690ba1c0 : 2 stores
Line 0x98f56905be00 : 4 stores
Line 0xea206332040 : 3 stores
Line 0xea2062e23c0 : 2 stores
Line 0x98f56909a480 : 1 stores
Line 0x98f56903d840 : 1 stores
Line 0xea206313a80 : 2 stores
Line 0x98f56909a500 : 2 stores
Line 0x98f56903d8c0 : 1 stores
Line 0xea206313b00 : 1 stores
Line 0x98f56903c8c0 : 1 stores
Line 0xea206312b00 : 1 stores
Line 0x98f56905c500 : 1 stores
Line 0xea206332740 : 1 stores
Line 0xe8035e379000 : 2 stores
Line 0x98f5690ba140 : 3 stores
Line 0x98f56909a400 : 1 stores
Line 0x98f56903d7c0 : 1 stores
Line 0xea206313a00 : 4 stores
Line 0x98f56903c7c0 : 1 stores
Line 0xea206312a00 : 3 stores
Line 0x98f56903c700 : 1 stores
Line 0xea206312940 : 2 stores
Line 0x98f56905c440 : 4 stores
Line 0xea206332680 : 3 stores
Line 0xe8035e378f40 : 5 stores
Line 0x98f5690ba080 : 2 stores
Line 0x98f56905bcc0 : 4 stores
Line 0xea206331f00 : 1 stores
Line 0xea2062e2280 : 2 stores
Line 0x98f56909a340 : 1 stores
Line 0x98f56903d700 : 1 stores
Line 0xea206313940 : 2 stores
Line 0x98f56903c780 : 1 stores
Line 0xea2063129c0 : 1 stores
Line 0x98f56909a3c0 : 2 stores
Line 0x98f56903d780 : 1 stores
Line 0xea2063139c0 : 1 stores
Line 0xe8035e378ec0 : 6 stores
Line 0x98f5690ba000 : 3 stores
Line 0x98f56905c3c0 : 1 stores
Line 0xea206332600 : 1 stores
Line 0x98f56903c680 : 1 stores
Line 0xea2063128c0 : 3 stores
Line 0x98f56909a2c0 : 1 stores
Line 0x98f56903d680 : 1 stores
Line 0xea2063138c0 : 4 stores
Line 0x98f56903c5c0 : 1 stores
Line 0xea206312800 : 2 stores
Line 0xe8035e374e00 : 4 stores
Line 0x98f5690b5f40 : 2 stores
Line 0xea20632f540 : 1 stores
Line 0xea2062e2140 : 2 stores
Line 0x98f569066cc0 : 1 stores
Line 0x98f56905bb80 : 4 stores
Line 0xea206331dc0 : 1 stores
Line 0x98f56909a200 : 1 stores
Line 0x98f56903d5c0 : 1 stores
Line 0xea206313800 : 2 stores
Line 0x98f56903c640 : 1 stores
Line 0xea206312880 : 1 stores
Line 0x98f56909a280 : 2 stores
Line 0x98f56903d640 : 1 stores
Line 0xea206313880 : 1 stores
Line 0xe8035e374d80 : 1 stores
Line 0x98f5690b5ec0 : 4 stores
Line 0x98f56903c540 : 1 stores
Line 0xea206312780 : 3 stores
Line 0x98f56909a180 : 1 stores
Line 0x98f56903d540 : 1 stores
Line 0xea206313780 : 4 stores
Line 0x98f56903c480 : 1 stores
Line 0xea2063126c0 : 2 stores
Line 0xe8035e374cc0 : 4 stores
Line 0x98f5690b5e00 : 2 stores
Line 0xea20632f400 : 1 stores
Line 0xea2062e2000 : 2 stores
Line 0x98f569066b80 : 1 stores
Line 0x98f56905ba40 : 4 stores
Line 0xea206331c80 : 1 stores
Line 0x98f56909a0c0 : 1 stores
Line 0x98f56903d480 : 1 stores
Line 0xea2063136c0 : 2 stores
Line 0x98f56909a140 : 2 stores
Line 0x98f56903d500 : 1 stores
Line 0xea206313740 : 1 stores
Line 0x98f56903c500 : 1 stores
Line 0xea206312740 : 1 stores
Line 0xe8035e375c40 : 2 stores
Line 0x98f5690b6d80 : 3 stores
Line 0x98f56909a040 : 1 stores
Line 0x98f56903d400 : 1 stores
Line 0xea206313640 : 4 stores
Line 0x98f56903c400 : 1 stores
Line 0xea206312640 : 3 stores
Line 0xea20632f2c0 : 1 stores
Line 0xe8035e375b80 : 1 stores
Line 0x98f5690b6cc0 : 2 stores
Line 0xea2062e1ec0 : 6 stores
Line 0x98f569066a40 : 1 stores
Line 0x98f569095f80 : 1 stores
Line 0xea20630f580 : 3 stores
Line 0x98f56909a000 : 2 stores
Line 0x98f56903d3c0 : 1 stores
Line 0xea206313600 : 1 stores
Line 0x98f56903c3c0 : 1 stores
Line 0xea206312600 : 1 stores
Line 0xe8035e375b00 : 2 stores
Line 0x98f5690b6c40 : 3 stores
Line 0x98f569095f00 : 1 stores
Line 0xea20630f500 : 1 stores
Line 0xe8035e375a40 : 1 stores
Line 0x98f5690b6b80 : 2 stores
Line 0xea2062e1d80 : 6 stores
Line 0x98f569066900 : 1 stores
Line 0xea2062dff00 : 3 stores
Line 0x98f569095e40 : 1 stores
Line 0xea20630f440 : 3 stores
Line 0x98f569095ec0 : 2 stores
Line 0xea20630f4c0 : 3 stores
Line 0xe8035e3759c0 : 2 stores
Line 0x98f5690b6b00 : 3 stores
Line 0x98f569095dc0 : 1 stores
Line 0xea20630f3c0 : 1 stores
Line 0x98f569096d00 : 1 stores
Line 0xe8035e375900 : 1 stores
Line 0x98f5690b6a40 : 2 stores
Line 0xea2062e1c40 : 6 stores
Line 0x98f5690667c0 : 1 stores
Line 0xea2062dfdc0 : 3 stores
Line 0xea20630f300 : 3 stores
Line 0xea20630f380 : 3 stores
Line 0x98f569096d80 : 3 stores
Line 0xe8035e375880 : 2 stores
Line 0x98f5690b69c0 : 3 stores
Line 0xea20630f280 : 1 stores
Line 0x98f569096c80 : 1 stores
Line 0x98f569096bc0 : 1 stores
Line 0xe8035e3757c0 : 1 stores
Line 0x98f5690b6900 : 2 stores
Line 0xea2062e1b00 : 6 stores
Line 0x98f569066680 : 1 stores
Line 0xea2062dfc80 : 3 stores
Line 0xea20630f1c0 : 3 stores
Line 0xea20630f240 : 3 stores
Line 0x98f569096c40 : 3 stores
Line 0xe8035e375740 : 2 stores
Line 0x98f5690b6880 : 3 stores
Line 0xea20630f140 : 1 stores
Line 0x98f569096b40 : 1 stores
Line 0x98f569096a80 : 1 stores
Line 0xe8035e375680 : 1 stores
Line 0x98f5690b67c0 : 2 stores
Line 0xea2062e19c0 : 6 stores
Line 0x98f569066540 : 1 stores
Line 0xea2062dfb40 : 3 stores
Line 0xea20630f080 : 3 stores
Line 0xea20630f100 : 3 stores
Line 0x98f569096b00 : 3 stores
Line 0xe8035e375600 : 2 stores
Line 0x98f5690b6740 : 3 stores
Line 0xea20630f000 : 1 stores
Line 0x98f569096a00 : 1 stores
Line 0x98f569096940 : 1 stores
Line 0xea20630ff40 : 2 stores
Line 0xe8035e375540 : 1 stores
Line 0x98f5690b6680 : 2 stores
Line 0xea2062e1880 : 6 stores
Line 0xea20630ef40 : 2 stores
Line 0xea20630efc0 : 1 stores
Line 0x98f5690969c0 : 3 stores
Line 0xea20630ffc0 : 1 stores
Line 0xe8035e3754c0 : 2 stores
Line 0x98f5690b6600 : 3 stores
Line 0xea20630eec0 : 4 stores
Line 0x98f5690968c0 : 1 stores
Line 0xea20630fec0 : 3 stores
Line 0x98f569096800 : 1 stores
Line 0xea20630fe00 : 2 stores
Line 0xe8035e375400 : 1 stores
Line 0x98f5690b6540 : 2 stores
Line 0xea2062e1740 : 6 stores
Line 0xea20630ee00 : 2 stores
Line 0x98f569096880 : 3 stores
Line 0xea20630fe80 : 1 stores
Line 0xea20630ee80 : 1 stores
Line 0xe8035e375380 : 2 stores
Line 0x98f5690b64c0 : 3 stores
Line 0x98f569096780 : 1 stores
Line 0xea20630fd80 : 3 stores
Line 0xea20630ed80 : 4 stores
Line 0x98f5690966c0 : 1 stores
Line 0xea20630fcc0 : 2 stores
Line 0xe8035e3752c0 : 1 stores
Line 0x98f5690b6400 : 2 stores
Line 0xea2062e1600 : 6 stores
Line 0xea20630ecc0 : 2 stores
Line 0x98f569096740 : 3 stores
Line 0xea20630fd40 : 1 stores
Line 0xea20630ed40 : 1 stores
Line 0xe8035e375240 : 2 stores
Line 0x98f5690b6380 : 3 stores
Line 0x98f569096640 : 1 stores
Line 0xea20630fc40 : 3 stores
Line 0xea20630ec40 : 4 stores
Line 0x98f569096580 : 1 stores
Line 0xea20630fb80 : 2 stores
Line 0xe8035e375180 : 1 stores
Line 0x98f5690b62c0 : 2 stores
Line 0xea2062e14c0 : 6 stores
Line 0xea20630eb80 : 2 stores
Line 0x98f569096600 : 3 stores
Line 0xea20630fc00 : 1 stores
Line 0xea20630ec00 : 1 stores
Line 0xe8035e375100 : 2 stores
Line 0x98f5690b6240 : 3 stores
Line 0x98f569096500 : 1 stores
Line 0xea20630fb00 : 3 stores
Line 0x98f569096440 : 1 stores
Line 0xea20630fa40 : 2 stores
Line 0xe8035e375040 : 1 stores
Line 0x98f5690b6180 : 2 stores
Line 0xea206333140 : 2 stores
Line 0x98f56905cf00 : 1 stores
Line 0xea2062d6500 : 4 stores
Line 0x98f5690964c0 : 3 stores
Line 0xea20630fac0 : 1 stores
Line 0xe8035e374fc0 : 6 stores
Line 0x98f5690b6100 : 3 stores
Line 0x98f5690963c0 : 1 stores
Line 0xea20630f9c0 : 3 stores
Line 0xea20630e9c0 : 4 stores
Line 0xe8035e374f00 : 5 stores
Line 0x98f5690b6040 : 2 stores
Line 0x98f569096300 : 1 stores
Line 0xea20630f900 : 2 stores
Line 0xea20630e900 : 2 stores
Line 0x98f569096380 : 3 stores
Line 0xea20630f980 : 1 stores
Line 0xea20630e980 : 1 stores
Line 0x98f5690b1fc0 : 3 stores
Line 0xe8035e4496c0 : 1 stores
Line 0xfdfd3a7c7e00 : 1 stores
Line 0x98f569055380 : 3 stores
Line 0xea20632b5c0 : 2 stores
Line 0x98f569096280 : 1 stores
Line 0xea20630f880 : 3 stores
Line 0xea20630e880 : 4 stores
Line 0x98f5690961c0 : 1 stores
Line 0xea20630f7c0 : 2 stores
Line 0x98f5690b1f00 : 2 stores
Line 0xfdfd3a7c7d40 : 2 stores
Line 0x98f5690552c0 : 1 stores
Line 0xea20632b500 : 1 stores
Line 0xea20630e7c0 : 2 stores
Line 0x98f569096240 : 3 stores
Line 0xea20630f840 : 1 stores
Line 0xea20630e840 : 1 stores
Line 0x98f5690b1e80 : 3 stores
Line 0xe8035e449580 : 1 stores
Line 0xfdfd3a7c7cc0 : 1 stores
Line 0x98f569055240 : 3 stores
Line 0xea20632b480 : 2 stores
Line 0x98f569096140 : 1 stores
Line 0xea20630f740 : 3 stores
Line 0xea20630e740 : 4 stores
Line 0x98f569096080 : 1 stores
Line 0xea20630f680 : 2 stores
Line 0x98f5690b1dc0 : 2 stores
Line 0xfdfd3a7c7c00 : 2 stores
Line 0x98f569055180 : 1 stores
Line 0xea20632b3c0 : 1 stores
Line 0xea2062d7fc0 : 3 stores
Line 0x98f56905e9c0 : 1 stores
Line 0xea20630e680 : 2 stores
Line 0x98f569096100 : 3 stores
Line 0xea20630f700 : 1 stores
Line 0xea20630e700 : 1 stores
Line 0xe8035e449440 : 1 stores
Line 0xfdfd3a7c7b80 : 1 stores
Line 0x98f569055100 : 3 stores
Line 0xea20632b340 : 2 stores
Line 0x98f5690b2d40 : 4 stores
Line 0x98f569096000 : 1 stores
Line 0xea20630f600 : 3 stores
Line 0xea20630e600 : 4 stores
Line 0x98f569091f40 : 1 stores
Line 0xea20630b540 : 2 stores
Line 0xfdfd3a7c7ac0 : 1 stores
Line 0x98f569055040 : 1 stores
Line 0xea20632b280 : 1 stores
Line 0x98f5690b2c80 : 2 stores
Line 0xea2062d7e80 : 3 stores
Line 0x98f56905e880 : 1 stores
Line 0x98f569091fc0 : 3 stores
Line 0xea20630b5c0 : 4 stores
Line 0xe8035e449300 : 1 stores
Line 0xfdfd3a7c7a40 : 1 stores
Line 0xea20632b200 : 2 stores
Line 0x98f5690b2c00 : 4 stores
Line 0x98f569091ec0 : 1 stores
Line 0xea20630b4c0 : 1 stores
Line 0x98f569091e00 : 1 stores
Line 0xea20630b400 : 2 stores
Line 0x98f5690b2b40 : 2 stores
Line 0xea20632b140 : 1 stores
Line 0xea2062d7d40 : 3 stores
Line 0x98f56905e740 : 1 stores
Line 0x98f569091e80 : 3 stores
Line 0xea20630b480 : 4 stores
Line 0x98f5690b2ac0 : 4 stores
Line 0xea20632b0c0 : 2 stores
Line 0x98f569092d80 : 1 stores
Line 0xea20630b380 : 1 stores
Line 0xea20630b2c0 : 2 stores
Line 0x98f5690b2a00 : 2 stores
Line 0xea20632b000 : 1 stores
Line 0xea2062d7c00 : 3 stores
Line 0x98f56905e600 : 1 stores
Line 0x98f569092cc0 : 1 stores
Line 0x98f569092d40 : 2 stores
Line 0xea20630b340 : 4 stores
Line 0x98f5690b2980 : 4 stores
Line 0x98f569055d40 : 1 stores
Line 0xea20632bf80 : 1 stores
Line 0xea20632af80 : 1 stores
Line 0x98f569092c40 : 1 stores
Line 0xea20630b240 : 1 stores
Line 0xea20630b180 : 2 stores
Line 0x98f5690b28c0 : 2 stores
Line 0xea20632aec0 : 2 stores
Line 0xea2062d7ac0 : 3 stores
Line 0x98f56905e4c0 : 1 stores
Line 0x98f569092b80 : 1 stores
Line 0x98f569092c00 : 2 stores
Line 0xea20630b200 : 4 stores
Line 0x98f5690b2840 : 4 stores
Line 0x98f569055c00 : 1 stores
Line 0xea20632be40 : 1 stores
Line 0xea20632ae40 : 1 stores
Line 0x98f569092b00 : 1 stores
Line 0xea20630b100 : 1 stores
Line 0xfdfd3a7c6e00 : 6 stores
Line 0xea20630b040 : 2 stores
Line 0x98f5690b2780 : 2 stores
Line 0xea20632ad80 : 2 stores
Line 0xea2062d7980 : 3 stores
Line 0x98f56905e380 : 1 stores
Line 0x98f569092a40 : 1 stores
Line 0xe8035e448640 : 1 stores
Line 0xfdfd3a7c6d80 : 4 stores
Line 0xea20632a540 : 4 stores
Line 0xea20630b0c0 : 4 stores
Line 0x98f569092ac0 : 2 stores
Line 0xea20632ad00 : 1 stores
Line 0x98f5690b2700 : 4 stores
Line 0x98f569055ac0 : 1 stores
Line 0xea20632bd00 : 1 stores
Line 0xe8035e448680 : 2 stores
Line 0xfdfd3a7c6dc0 : 2 stores
Line 0xea20632a580 : 1 stores
Line 0xea20630afc0 : 3 stores
Line 0xea2062f6e00 : 3 stores
Line 0xea2062fd500 : 2 stores
Line 0x98f569082080 : 4 stores
Line 0xea2062fb680 : 2 stores
Line 0xea2062fb900 : 2 stores
Line 0x98f569082300 : 4 stores
Line 0xea2062f9a80 : 5 stores
Line 0xea2062fa900 : 2 stores
Line 0xea2062f6d40 : 3 stores
Line 0xea2062fd480 : 5 stores
Line 0x98f569082000 : 4 stores
Line 0xea2062fb600 : 4 stores
Line 0xea2062fa840 : 1 stores
Line 0xea2062f9c40 : 2 stores
Line 0xea2062f7e80 : 4 stores
Line 0x98f56907e880 : 1 stores
Line 0xea2062f6000 : 2 stores
Line 0xea2062fb880 : 4 stores
Line 0x98f569082280 : 4 stores
Line 0xea2062f9a00 : 6 stores
Line 0xea2062fa880 : 3 stores
Line 0x98f56907ac80 : 4 stores
Line 0xea2062f6cc0 : 3 stores
Line 0xea2062fb7c0 : 2 stores
Line 0x98f5690821c0 : 4 stores
Line 0xea2062f9940 : 5 stores
Line 0xea2062fa7c0 : 2 stores
Line 0xea2062f6c00 : 3 stores
Line 0xea2062f5340 : 2 stores
Line 0xea2062fa700 : 1 stores
Line 0xea2062f9b00 : 2 stores
Line 0xea2062f7d40 : 4 stores
Line 0x98f56907e740 : 1 stores
Line 0xea2062f5ec0 : 6 stores
Line 0xea2062fb740 : 4 stores
Line 0x98f569082140 : 4 stores
Line 0xea2062f98c0 : 6 stores
Line 0xea2062fa740 : 3 stores
Line 0xea2062f5fc0 : 2 stores
Line 0x98f56907ab40 : 4 stores
Line 0xea2062f6b80 : 3 stores
Line 0xea2062f9800 : 5 stores
Line 0xea2062fa680 : 2 stores
Line 0xea2062f1580 : 2 stores
Line 0xea2062f6ac0 : 3 stores
Line 0xea2062f5200 : 2 stores
Line 0xea2062f3440 : 3 stores
Line 0x98f569079e40 : 2 stores
Line 0xea2062f15c0 : 6 stores
Line 0xea2062f99c0 : 2 stores
Line 0xea2062f7c00 : 4 stores
Line 0x98f56907e600 : 1 stores
Line 0xea2062f5d80 : 6 stores
Line 0xea2062f9780 : 6 stores
Line 0xea2062fa600 : 3 stores
Line 0xea2062f5e80 : 2 stores
Line 0x98f56907aa00 : 4 stores
Line 0xea2062f6a40 : 3 stores
Line 0xea2062f32c0 : 1 stores
Line 0xea2062fb540 : 2 stores
Line 0xea2062f96c0 : 5 stores
Line 0xea2062fa540 : 2 stores
Line 0xea2062f1440 : 2 stores
Line 0xea2062f6980 : 3 stores
Line 0xea2062f50c0 : 2 stores
Line 0xea2062f3300 : 3 stores
Line 0xea2062f1480 : 6 stores
Line 0xea2062f9880 : 2 stores
Line 0xea2062fb4c0 : 4 stores
Line 0x98f569081ec0 : 1 stores
Line 0xea2062f9640 : 6 stores
Line 0xea2062fa4c0 : 3 stores
Line 0xea2062f7ac0 : 4 stores
Line 0x98f56907e4c0 : 1 stores
Line 0xea2062f5c40 : 6 stores
Line 0xea2062f5d40 : 2 stores
Line 0xea2062f6900 : 3 stores
Line 0xea2062f3180 : 1 stores
Line 0xea2062f1400 : 4 stores
Line 0x98f569075f80 : 2 stores
Line 0xea2062ef580 : 1 stores
Line 0xea2062f6840 : 3 stores
Line 0xea2062f31c0 : 3 stores
Line 0xea2062f1340 : 6 stores
Line 0xea2062f9740 : 2 stores
Line 0xea2062f7980 : 4 stores
Line 0x98f56907e380 : 1 stores
Line 0xea2062f5b00 : 6 stores
Line 0x98f569075f00 : 4 stores
Line 0xea2062ef500 : 1 stores
Line 0xea2062f5c00 : 2 stores
Line 0xea2062f67c0 : 3 stores
Line 0xea2062f3040 : 1 stores
Line 0xea2062f12c0 : 4 stores
Line 0x98f569075e40 : 2 stores
Line 0xea2062ef440 : 1 stores
Line 0xea2062f6700 : 3 stores
Line 0xea2062f2fc0 : 1 stores
Line 0xea2062f3080 : 3 stores
Line 0xea2062f1200 : 6 stores
Line 0xea2062f9600 : 2 stores
Line 0xea2062f7840 : 4 stores
Line 0x98f56907e240 : 1 stores
Line 0xea2062f59c0 : 6 stores
Line 0x98f569075dc0 : 4 stores
Line 0xea2062ef3c0 : 1 stores
Line 0xea2062f5ac0 : 2 stores
Line 0xea2062f6680 : 3 stores
Line 0xea2062f2f00 : 2 stores
Line 0x98f569076d00 : 2 stores
Line 0xea2062f1180 : 4 stores
Line 0xea2062ef300 : 1 stores
Line 0xea2062f2e80 : 1 stores
Line 0xea2062f10c0 : 6 stores
Line 0xea2062f94c0 : 2 stores
Line 0xea2062f7700 : 4 stores
Line 0x98f56907e100 : 1 stores
Line 0xea2062f5880 : 6 stores
Line 0xea2062f2100 : 2 stores
Line 0x98f569076c80 : 3 stores
Line 0xea2062ef280 : 1 stores
Line 0xea2062f5980 : 2 stores
Line 0xea2062ee540 : 4 stores
Line 0xea2062f2dc0 : 2 stores
Line 0x98f569076bc0 : 2 stores
Line 0xea2062f1040 : 4 stores
Line 0xea2062ef1c0 : 1 stores
Line 0xea2062ee4c0 : 2 stores
Line 0xea2062f2d40 : 1 stores
Line 0xea2062f75c0 : 4 stores
Line 0x98f56907dfc0 : 3 stores
Line 0xea2062f5740 : 6 stores
Line 0xea2062f1fc0 : 6 stores
Line 0x98f569076b40 : 3 stores
Line 0xea2062ef140 : 1 stores
Line 0xea2062f5840 : 2 stores
Line 0xea2062f2c80 : 2 stores
Line 0xea2062f1f00 : 5 stores
Line 0x98f569076a80 : 2 stores
Line 0xea2062ef080 : 1 stores
Line 0xea2062ee380 : 2 stores
Line 0xea2062f2c00 : 1 stores
Line 0xea2062f7480 : 4 stores
Line 0x98f56907de80 : 3 stores
Line 0xea2062f5600 : 6 stores
Line 0xea2062f1e80 : 6 stores
Line 0x98f569076a00 : 3 stores
Line 0xea2062ef000 : 1 stores
Line 0xea2062f5700 : 2 stores
Line 0xea2062ed2c0 : 2 stores
Line 0xea2062f2b40 : 2 stores
Line 0xea2062ed400 : 2 stores
Line 0x98f569071f80 : 1 stores
Line 0xea2062eb580 : 2 stores
Line 0xea2062f1dc0 : 5 stores
Line 0x98f569076940 : 2 stores
Line 0xea2062eff40 : 3 stores
Line 0xea2062eef40 : 4 stores
Line 0xea2062ed200 : 1 stores
Line 0xea2062f2ac0 : 1 stores
Line 0xea2062ee280 : 1 stores
Line 0xea2062f1d40 : 6 stores
Line 0x98f5690768c0 : 3 stores
Line 0xea2062efec0 : 3 stores
Line 0xea2062eeec0 : 2 stores
Line 0xea2062f55c0 : 2 stores
Line 0xea2062ed180 : 2 stores
Line 0xea2062f2a00 : 2 stores
Line 0x98f569071e40 : 1 stores
Line 0xea2062eb440 : 2 stores
Line 0xea2062f1c80 : 5 stores
Line 0x98f569076800 : 2 stores
Line 0xea2062efe00 : 3 stores
Line 0xea2062eee00 : 4 stores
Line 0xea2062ed0c0 : 1 stores
Line 0xea2062f2980 : 1 stores
Line 0xea2062effc0 : 2 stores
Line 0x98f5690769c0 : 1 stores
Line 0xea2062ee140 : 1 stores
Line 0xea2062eed80 : 2 stores
Line 0xea2062f5480 : 2 stores
Line 0xea2062f1c00 : 6 stores
Line 0x98f569076780 : 3 stores
Line 0xea2062efd80 : 3 stores
Line 0xea2062ed040 : 2 stores
Line 0xea2062f28c0 : 2 stores
Line 0xea2062eecc0 : 4 stores
Line 0xea2062f1b40 : 5 stores
Line 0x98f5690766c0 : 2 stores
Line 0xea2062efcc0 : 3 stores
Line 0xea2062f2840 : 1 stores
Line 0xea2062efe80 : 2 stores
Line 0x98f569076880 : 1 stores
Line 0xea2062ee000 : 1 stores
Line 0xea2062eec40 : 2 stores
Line 0xea2062f1ac0 : 6 stores
Line 0x98f569076640 : 3 stores
Line 0xea2062efc40 : 3 stores
Line 0xea2062f2780 : 2 stores
Line 0xea2062eeb80 : 4 stores
Line 0xea2062f1a00 : 5 stores
Line 0x98f569076580 : 2 stores
Line 0xea2062efb80 : 3 stores
Line 0xea2062f2700 : 1 stores
Line 0xea2062efd40 : 2 stores
Line 0x98f569076740 : 1 stores
Line 0xea2062edec0 : 5 stores
Line 0xea2062eeb00 : 2 stores
Line 0xea2062f1980 : 6 stores
Line 0x98f569076500 : 3 stores
Line 0xea2062efb00 : 3 stores
Line 0xea2062f2640 : 2 stores
Line 0xea2062eea40 : 4 stores
Line 0xea2062f18c0 : 5 stores
Line 0x98f569076440 : 2 stores
Line 0xea2062efa40 : 3 stores
Line 0xea2062efc00 : 2 stores
Line 0x98f569076600 : 1 stores
Line 0xea2062edd80 : 5 stores
Line 0xea2062ee9c0 : 2 stores
Line 0xea2062f1840 : 6 stores
Line 0x98f5690763c0 : 3 stores
Line 0xea2062ef9c0 : 3 stores
Line 0xea2062ea240 : 1 stores
Line 0xea2062ee900 : 4 stores
Line 0xea2062f1780 : 5 stores
Line 0x98f569076300 : 2 stores
Line 0xea2062ef900 : 3 stores
Line 0xea2062eb300 : 2 stores
Line 0xea2062efac0 : 2 stores
Line 0x98f5690764c0 : 1 stores
Line 0xea2062edc40 : 5 stores
Line 0xea2062ee880 : 2 stores
Line 0xea2062f1700 : 6 stores
Line 0x98f569076280 : 3 stores
Line 0xea2062ef880 : 3 stores
Line 0xea2062ebf80 : 2 stores
Line 0xea2062ea100 : 1 stores
Line 0xea2062f1640 : 5 stores
Line 0x98f5690761c0 : 2 stores
Line 0xea2062ef7c0 : 3 stores
Line 0xea2062ee7c0 : 4 stores
Line 0xea2062e93c0 : 2 stores
Line 0x98f56906df40 : 1 stores
Line 0xea2062e7540 : 2 stores
Line 0xea2062eb1c0 : 2 stores
Line 0xea2062e9400 : 6 stores
Line 0x98f56906df80 : 1 stores
Line 0xea2062e7580 : 2 stores
Line 0xea2062ef980 : 2 stores
Line 0x98f569076380 : 1 stores
Line 0xea2062edb00 : 5 stores
Line 0xea2062edbc0 : 6 stores
Line 0x98f569072740 : 1 stores
Line 0xea2062ebd40 : 2 stores
Line 0x98f569076140 : 3 stores
Line 0xea2062ef740 : 3 stores
Line 0xea2062ee740 : 2 stores
Line 0xea2062ebe40 : 2 stores
Line 0xea2062e9280 : 2 stores
Line 0xea2062f1500 : 5 stores
Line 0x98f569076080 : 2 stores
Line 0xea2062ef680 : 3 stores
Line 0xea2062ee680 : 4 stores
Line 0x98f56906de00 : 1 stores
Line 0xea2062e7400 : 2 stores
Line 0xea2062eb080 : 2 stores
Line 0xea2062e92c0 : 6 stores
Line 0x98f56906de40 : 1 stores
Line 0xea2062e7440 : 2 stores
Line 0x98f569076000 : 3 stores
Line 0xea2062ef600 : 3 stores
Line 0xea2062ee600 : 2 stores
Line 0xea2062eda80 : 6 stores
Line 0x98f569072600 : 1 stores
Line 0xea2062ebc00 : 2 stores
Line 0xea2062ebd00 : 2 stores
Line 0xea2062e9140 : 2 stores
Line 0xea2062e6540 : 2 stores
Line 0xea2062ed9c0 : 5 stores
Line 0xea2062e9180 : 6 stores
Line 0xea2062e7300 : 2 stores
Line 0xea2062ed940 : 6 stores
Line 0x98f5690724c0 : 1 stores
Line 0xea2062ebac0 : 2 stores
Line 0xea2062ebbc0 : 2 stores
Line 0xea2062e9000 : 2 stores
Line 0xea2062e6400 : 2 stores
Line 0xea2062e9040 : 6 stores
Line 0xea2062e71c0 : 2 stores
Line 0xea2062eba80 : 2 stores
Line 0xea2062e52c0 : 1 stores
Line 0xea2062e62c0 : 2 stores
Line 0xea2062e5440 : 5 stores
Line 0xea2062e7080 : 2 stores
Line 0xea2062e5240 : 2 stores
Line 0xea2062e6240 : 3 stores
Line 0xea2062eb940 : 2 stores
Line 0xea2062e6380 : 3 stores
Line 0xea2062e5180 : 1 stores
Line 0xea2062e6180 : 2 stores
Line 0xea2062e5300 : 5 stores
Line 0xea2062e6f40 : 2 stores
Line 0xea2062e5100 : 2 stores
Line 0xea2062e6100 : 3 stores
Line 0xea2062eb800 : 2 stores
Line 0xea2062e3300 : 1 stores
Line 0xea2062e7ec0 : 4 stores
Line 0xea2062e6040 : 2 stores
Line 0xea2062e6ec0 : 3 stores
Line 0xea2062e5040 : 1 stores
Line 0xea2062e51c0 : 5 stores
Line 0xea2062e6e00 : 2 stores
Line 0x98f56906ad80 : 2 stores
Line 0xea2062e5fc0 : 4 stores
Line 0xea2062eb6c0 : 2 stores
Line 0xea2062e31c0 : 1 stores
Line 0xea2062e7d80 : 4 stores
Line 0xea2062e5f00 : 6 stores
Line 0xea2062e6d80 : 3 stores
Line 0xea2062e2540 : 2 stores
Line 0xea2062e5080 : 5 stores
Line 0xea2062e6cc0 : 2 stores
Line 0x98f56906ac40 : 2 stores
Line 0xea2062e5e80 : 4 stores
Line 0xea2062e3080 : 1 stores
Line 0xea2062e7c40 : 4 stores
Line 0xea2062e5dc0 : 6 stores
Line 0xea2062e6c40 : 3 stores
Line 0xea2062e2400 : 2 stores
Line 0xea2062e6b80 : 2 stores
Line 0xea2062e5f80 : 5 stores
Line 0x98f56906ab00 : 2 stores
Line 0xea2062e5d40 : 4 stores
Line 0xea2062e2f40 : 2 stores
Line 0xea2062e7b00 : 4 stores
Line 0xea2062e5c80 : 6 stores
Line 0xea2062e6b00 : 3 stores
Line 0xea2062e2f80 : 1 stores
Line 0xea2062e6a40 : 2 stores
Line 0xea2062e5e40 : 5 stores
Line 0xea2062e5c00 : 4 stores
Line 0xea2062e2200 : 4 stores
Line 0xea2062e2ec0 : 1 stores
Line 0xea2062e2e00 : 2 stores
Line 0xea2062e79c0 : 4 stores
Line 0xea2062e5b40 : 6 stores
Line 0xea2062e69c0 : 3 stores
Line 0xea2062e2e40 : 1 stores
Line 0x98f569066d00 : 5 stores
Line 0xea2062e6900 : 2 stores
Line 0xea2062e5d00 : 5 stores
Line 0xea2062e20c0 : 4 stores
Line 0xea2062e5ac0 : 4 stores
Line 0xea2062e2d80 : 1 stores
Line 0x98f569066c40 : 2 stores
Line 0xea2062e2cc0 : 2 stores
Line 0xea2062e6880 : 3 stores
Line 0xea2062e7880 : 4 stores
Line 0xea2062e5a00 : 6 stores
Line 0x98f569066c80 : 6 stores
Line 0xea2062e2d00 : 1 stores
Line 0xea2062e1400 : 5 stores
Line 0xea2062e67c0 : 2 stores
Line 0x98f569066bc0 : 5 stores
Line 0xea2062e5bc0 : 5 stores
Line 0xea2062e5980 : 4 stores
Line 0xea2062e1f80 : 4 stores
Line 0x98f569066c00 : 4 stores
Line 0xea2062e2c40 : 1 stores
Line 0xea2062e1340 : 2 stores
Line 0x98f569066b00 : 2 stores
Line 0x98f569065e00 : 1 stores
Line 0xea2062df400 : 1 stores
Line 0xea2062e2b80 : 2 stores
Line 0xea2062e7740 : 4 stores
Line 0xea2062e58c0 : 6 stores
Line 0xea2062e6740 : 3 stores
Line 0xea2062e1fc0 : 2 stores
Line 0x98f569066b40 : 6 stores
Line 0xea2062e2bc0 : 1 stores
Line 0xea2062e12c0 : 5 stores
Line 0x98f569066a80 : 5 stores
Line 0xea2062e6680 : 2 stores
Line 0xea2062e5a80 : 5 stores
Line 0xea2062e5840 : 4 stores
Line 0xea2062e1e40 : 4 stores
Line 0xea2062e1f40 : 5 stores
Line 0x98f569066ac0 : 4 stores
Line 0xea2062e2b00 : 1 stores
Line 0xea2062e1200 : 2 stores
Line 0xea2062df380 : 2 stores
Line 0x98f5690669c0 : 2 stores
Line 0xea2062dffc0 : 1 stores
Line 0xea2062e2a40 : 2 stores
Line 0xea2062e7600 : 4 stores
Line 0xea2062e5780 : 6 stores
Line 0xea2062e6600 : 3 stores
Line 0xea2062e1e80 : 2 stores
Line 0x98f569066a00 : 6 stores
Line 0xea2062dd500 : 5 stores
Line 0xea2062e2a80 : 1 stores
Line 0x98f569066940 : 5 stores
Line 0xea2062dff40 : 1 stores
Line 0xea2062df3c0 : 3 stores
Line 0x98f569065dc0 : 2 stores
Line 0xea2062dd540 : 4 stores
Line 0xea2062e5940 : 5 stores
Line 0xea2062e5700 : 4 stores
Line 0xea2062e1d00 : 4 stores
Line 0xea2062e1e00 : 5 stores
Line 0xea2062dd580 : 2 stores
Line 0xea2062e29c0 : 1 stores
Line 0x98f569066880 : 2 stores
Line 0xea2062dfe80 : 1 stores
Line 0xea2062e74c0 : 4 stores
Line 0xea2062e5640 : 6 stores
Line 0xea2062e64c0 : 3 stores
Line 0xea2062e2900 : 2 stores
Line 0xea2062e1d40 : 2 stores
Line 0xea2062df340 : 1 stores
Line 0xea2062dd4c0 : 1 stores
Line 0xea2062df240 : 2 stores
Line 0xea2062dd3c0 : 5 stores
Line 0xea2062e2940 : 1 stores
Line 0x98f569066800 : 5 stores
Line 0xea2062dfe00 : 1 stores
Line 0xea2062df280 : 3 stores
Line 0xea2062dd400 : 4 stores
Line 0xea2062e5800 : 5 stores
Line 0xea2062de440 : 4 stores
Line 0xea2062dd440 : 2 stores
Line 0x98f569061fc0 : 3 stores
Line 0xea2062db5c0 : 2 stores
Line 0xea2062e1bc0 : 4 stores
Line 0xea2062e1cc0 : 5 stores
Line 0xea2062df2c0 : 1 stores
Line 0xea2062e2880 : 1 stores
Line 0x98f569066740 : 2 stores
Line 0xea2062dfd40 : 1 stores
Line 0xea2062e27c0 : 2 stores
Line 0xea2062de380 : 2 stores
Line 0x98f569061f00 : 2 stores
Line 0xea2062db500 : 1 stores
Line 0xea2062e1c00 : 2 stores
Line 0xea2062df200 : 1 stores
Line 0xea2062dd380 : 1 stores
Line 0xea2062e2800 : 1 stores
Line 0x98f5690666c0 : 5 stores
Line 0xea2062dfcc0 : 1 stores
Line 0xea2062df140 : 3 stores
Line 0xea2062dd2c0 : 4 stores
Line 0xea2062e56c0 : 5 stores
Line 0xea2062de300 : 4 stores
Line 0x98f5690b2640 : 2 stores
Line 0xea2062dd300 : 2 stores
Line 0x98f569061e80 : 3 stores
Line 0xea2062db480 : 2 stores
Line 0xea20632ac40 : 2 stores
Line 0xea2062e1a80 : 4 stores
Line 0xea2062e1b80 : 5 stores
Line 0xea2062df180 : 1 stores
Line 0xea2062e2740 : 1 stores
Line 0x98f569066600 : 2 stores
Line 0xea2062dfc00 : 1 stores
Line 0xea2062e2680 : 2 stores
Line 0xea2062de240 : 2 stores
Line 0x98f569061dc0 : 2 stores
Line 0xea2062db3c0 : 1 stores
Line 0xea2062e1ac0 : 2 stores
Line 0xea2062df0c0 : 1 stores
Line 0xea2062dd240 : 1 stores
Line 0xea2062e26c0 : 1 stores
Line 0x98f569066580 : 5 stores
Line 0xea2062dfb80 : 1 stores
Line 0xea2062df000 : 3 stores
Line 0xea2062dd180 : 4 stores
Line 0xea2062e5580 : 5 stores
Line 0xea2062de1c0 : 4 stores
Line 0x98f569062d40 : 4 stores
Line 0x98f5690b2500 : 2 stores
Line 0xea2062dd1c0 : 2 stores
Line 0xea2062db340 : 2 stores
Line 0xea20632ab00 : 2 stores
Line 0xea2062e1940 : 4 stores
Line 0xea2062e1a40 : 5 stores
Line 0xea2062df040 : 1 stores
Line 0xea2062e2600 : 1 stores
Line 0x98f5690664c0 : 2 stores
Line 0xea2062dfac0 : 1 stores
Line 0xea2062e1980 : 2 stores
Line 0xea2062def80 : 4 stores
Line 0xea2062dd100 : 1 stores
Line 0xea2062da540 : 4 stores
Line 0xfdfd3a7c6540 : 6 stores
Line 0x98f569053ac0 : 1 stores
Line 0xea206329d00 : 6 stores
Line 0xea2062db400 : 3 stores
Line 0x98f569061e00 : 3 stores
Line 0xea2063361c0 : 3 stores
Line 0x98f56905ff80 : 1 stores
Line 0xea2062d9580 : 6 stores
Line 0x98f569066440 : 5 stores
Line 0xea2062dfa40 : 1 stores
Line 0xea2062deec0 : 2 stores
Line 0xea2062dd040 : 4 stores
Line 0xea2062da5c0 : 2 stores
Line 0xea2062db440 : 1 stores
Line 0x98f569061e40 : 1 stores
Line 0xea206336200 : 1 stores
Line 0x98f56905ffc0 : 3 stores
Line 0xea2062d95c0 : 1 stores
Line 0xea2062e1800 : 4 stores
Line 0xea2062e1900 : 5 stores
Line 0xea2062dd080 : 2 stores
Line 0xea2062da4c0 : 2 stores
Line 0xfdfd3a7c64c0 : 3 stores
Line 0x98f569053a40 : 1 stores
Line 0xea206329c80 : 4 stores
Line 0x98f569066380 : 2 stores
Line 0xea2062df980 : 1 stores
Line 0xea2062db280 : 1 stores
Line 0xea206336040 : 2 stores
Line 0x98f56905fe00 : 1 stores
Line 0xea2062d9400 : 2 stores
Line 0xea2062db380 : 3 stores
Line 0xea206336140 : 1 stores
Line 0x98f56905ff00 : 2 stores
Line 0xea2062d9500 : 4 stores
Line 0xea2062da500 : 1 stores
Line 0xfdfd3a7c6500 : 2 stores
Line 0xea206329cc0 : 2 stores
Line 0xea2062dee40 : 4 stores
Line 0xea2062e1840 : 2 stores
Line 0xea2062db2c0 : 3 stores
Line 0xea2062da400 : 4 stores
Line 0xfdfd3a7c6400 : 5 stores
Line 0xea2062db300 : 1 stores
Line 0xea2063360c0 : 1 stores
Line 0x98f56905fe80 : 3 stores
Line 0xea2062d9480 : 1 stores
Line 0xea2062da480 : 2 stores
Line 0xea2062e16c0 : 4 stores
Line 0xea2062e17c0 : 5 stores
Line 0xea2062db200 : 2 stores
Line 0xea206335fc0 : 4 stores
Line 0x98f56905fd80 : 1 stores
Line 0xea2062d9380 : 5 stores
Line 0xfdfd3a7c6380 : 2 stores
Line 0xea2062db140 : 1 stores
Line 0xea206335f00 : 6 stores
Line 0x98f56905fcc0 : 1 stores
Line 0xea2062d92c0 : 2 stores
Line 0xea2062db240 : 3 stores
Line 0xfdfd3a7c63c0 : 1 stores
Line 0xea206329b80 : 2 stores
Line 0xea2062ded00 : 4 stores
Line 0xea2062e1700 : 2 stores
Line 0xea2062db180 : 3 stores
Line 0xea2062da2c0 : 4 stores
Line 0xfdfd3a7c62c0 : 4 stores
Line 0xea2062dec40 : 2 stores
Line 0xea2062db1c0 : 1 stores
Line 0xea206335f80 : 5 stores
Line 0x98f56905fd40 : 3 stores
Line 0xea2062d9340 : 1 stores
Line 0xea2062da340 : 2 stores
Line 0x98f56905df80 : 1 stores
Line 0xea2062d7580 : 2 stores
Line 0x98f5690ae740 : 2 stores
Line 0xea206327d40 : 2 stores
Line 0xea2062daf80 : 1 stores
Line 0xe8035e448840 : 1 stores
Line 0xfdfd3a7c6f80 : 1 stores
Line 0xea20632a740 : 2 stores
Line 0xea2062dde00 : 4 stores
Line 0x98f569062980 : 4 stores
Line 0xea2062dbf80 : 1 stores
Line 0x98f5690b2140 : 2 stores
Line 0xfdfd3a7c7f80 : 1 stores
Line 0xea2062e1680 : 5 stores
Line 0xea2062db0c0 : 2 stores
Line 0xea206335e80 : 4 stores
Line 0x98f56905fc40 : 1 stores
Line 0xea2062d9240 : 5 stores
Line 0xfdfd3a7c6240 : 2 stores
Line 0xea2062e1580 : 4 stores
Line 0xea2062db000 : 1 stores
Line 0xea206335dc0 : 6 stores
Line 0x98f56905fb80 : 1 stores
Line 0xea2062d9180 : 2 stores
Line 0xea2062db100 : 3 stores
Line 0xfdfd3a7c6280 : 1 stores
Line 0xea206329a40 : 2 stores
Line 0x98f56905df00 : 1 stores
Line 0xea2062d7500 : 3 stores
Line 0xea2062daec0 : 2 stores
Line 0xea2062ddd40 : 6 stores
Line 0x98f5690628c0 : 2 stores
Line 0xea2062dbec0 : 3 stores
Line 0xea2062debc0 : 4 stores
Line 0xea2062e15c0 : 2 stores
Line 0xea2062db040 : 3 stores
Line 0xea2062da180 : 4 stores
Line 0xfdfd3a7c6180 : 4 stores
Line 0xea2062deb00 : 2 stores
Line 0xea2062db080 : 1 stores
Line 0xea206335e40 : 5 stores
Line 0x98f56905fc00 : 3 stores
Line 0xea2062d9200 : 1 stores
Line 0xea2062da200 : 2 stores
Line 0x98f56905de40 : 1 stores
Line 0xea2062d7440 : 2 stores
Line 0x98f5690ae600 : 2 stores
Line 0xea206327c00 : 2 stores
Line 0xea2062dae40 : 1 stores
Line 0xe8035e448700 : 1 stores
Line 0xfdfd3a7c6e40 : 1 stores
Line 0xea20632a600 : 2 stores
Line 0xea2062ddcc0 : 4 stores
Line 0x98f569062840 : 4 stores
Line 0xea2062dbe40 : 1 stores
Line 0x98f5690b2000 : 2 stores
Line 0xfdfd3a7c7e40 : 1 stores
Line 0xea2062e1540 : 5 stores
Line 0xea206335d40 : 4 stores
Line 0x98f56905fb00 : 1 stores
Line 0xea2062d9100 : 5 stores
Line 0xfdfd3a7c6100 : 2 stores
Line 0xea206333200 : 4 stores
Line 0x98f56905cfc0 : 2 stores
Line 0xea2062d65c0 : 2 stores
Line 0xea206335c80 : 6 stores
Line 0x98f56905fa40 : 1 stores
Line 0xea2062d9040 : 2 stores
Line 0xea2062dafc0 : 2 stores
Line 0xea2062dbfc0 : 2 stores
Line 0x98f5690629c0 : 1 stores
Line 0xfdfd3a7c6140 : 1 stores
Line 0xea206329900 : 2 stores
Line 0x98f56905ddc0 : 1 stores
Line 0xea2062d73c0 : 3 stores
Line 0x98f56905ed80 : 1 stores
Line 0xea2062dad80 : 2 stores
Line 0xea2062ddc00 : 6 stores
Line 0x98f569062780 : 2 stores
Line 0xea2062dbd80 : 3 stores
Line 0xea2062e1480 : 2 stores
Line 0xea2062dea80 : 4 stores
Line 0xea2062daf00 : 1 stores
Line 0xea2062da040 : 4 stores
Line 0xfdfd3a7c6040 : 4 stores
Line 0xea2062de9c0 : 2 stores
Line 0xea206333180 : 2 stores
Line 0x98f56905cf40 : 5 stores
Line 0xea2062d6540 : 1 stores
Line 0xea2062daf40 : 4 stores
Line 0xea206335d00 : 5 stores
Line 0x98f56905fac0 : 3 stores
Line 0xea2062d90c0 : 1 stores
Line 0xea2062dbf40 : 3 stores
Line 0x98f569062940 : 1 stores
Line 0xea2062da0c0 : 2 stores
Line 0xea206333f40 : 2 stores
Line 0x98f56905dd00 : 1 stores
Line 0xea2062d7300 : 2 stores
Line 0x98f56905ed00 : 1 stores
Line 0x98f5690ae4c0 : 2 stores
Line 0xea206327ac0 : 2 stores
Line 0xea2062dad00 : 1 stores
Line 0xe8035e4485c0 : 1 stores
Line 0xfdfd3a7c6d00 : 1 stores
Line 0xea20632a4c0 : 2 stores
Line 0xea2062ddb80 : 4 stores
Line 0x98f569062700 : 4 stores
Line 0xea2062dbd00 : 1 stores
Line 0xea2062dea00 : 2 stores
Line 0xea2063331c0 : 1 stores
Line 0x98f56905cf80 : 4 stores
Line 0xea2062d6580 : 2 stores
Line 0xea206335c00 : 4 stores
Line 0x98f56905f9c0 : 1 stores
Line 0xea2062d9fc0 : 1 stores
Line 0xfdfd3a7c5fc0 : 4 stores
Line 0xea2063330c0 : 4 stores
Line 0x98f56905ce80 : 2 stores
Line 0xea2062d6480 : 2 stores
Line 0xea206335b40 : 6 stores
Line 0x98f56905f900 : 1 stores
Line 0xea2062dae80 : 2 stores
Line 0xea2062dbe80 : 2 stores
Line 0x98f569062880 : 1 stores
Line 0xfdfd3a7c6000 : 1 stores
Line 0xea2063297c0 : 2 stores
Line 0xea206333ec0 : 1 stores
Line 0x98f56905dc80 : 1 stores
Line 0xea2062d7280 : 3 stores
Line 0x98f56905ec40 : 1 stores
Line 0xea2062dac40 : 2 stores
Line 0xe8035e448500 : 1 stores
Line 0xfdfd3a7c6c40 : 4 stores
Line 0xea20632a400 : 4 stores
Line 0xea2062ddac0 : 6 stores
Line 0x98f569062640 : 2 stores
Line 0xea2062dbc40 : 3 stores
Line 0xea2062de940 : 4 stores
Line 0xea206333100 : 1 stores
Line 0x98f56905cec0 : 6 stores
Line 0xea2062d64c0 : 1 stores
Line 0xea206325c80 : 2 stores
Line 0xea2062dadc0 : 1 stores
Line 0xea206335b80 : 1 stores
Line 0x98f56905f940 : 1 stores
Line 0xea2062d9f00 : 4 stores
Line 0xfdfd3a7c5f00 : 4 stores
Line 0xea2062de880 : 2 stores
Line 0xea2062dae00 : 4 stores
Line 0xea206335bc0 : 5 stores
Line 0x98f56905f980 : 3 stores
Line 0xea2062dbe00 : 3 stores
Line 0x98f569062800 : 1 stores
Line 0xea2062d9f80 : 6 stores
Line 0xea206333e00 : 2 stores
Line 0x98f56905dbc0 : 1 stores
Line 0xea2062d71c0 : 2 stores
Line 0x98f56905ebc0 : 1 stores
Line 0x98f5690ae380 : 2 stores
Line 0xea206327980 : 2 stores
Line 0xea2062dabc0 : 1 stores
Line 0xe8035e448480 : 1 stores
Line 0xfdfd3a7c6bc0 : 1 stores
Line 0xea20632a380 : 2 stores
Line 0xea2062dda40 : 4 stores
Line 0x98f5690625c0 : 4 stores
Line 0xea2062dbbc0 : 1 stores
Line 0xea2062de8c0 : 2 stores
Line 0xea206335ac0 : 4 stores
Line 0x98f56905f880 : 1 stores
Line 0xea2062d9e80 : 1 stores
Line 0xfdfd3a7c5e80 : 4 stores
Line 0xea206335a00 : 6 stores
Line 0x98f56905f7c0 : 1 stores
Line 0xea2062dad40 : 2 stores
Line 0xea206335b00 : 2 stores
Line 0x98f56905f8c0 : 2 stores
Line 0xea2062dbd40 : 2 stores
Line 0x98f569062740 : 1 stores
Line 0xfdfd3a7c5ec0 : 1 stores
Line 0xea206329680 : 2 stores
Line 0xea206333d80 : 1 stores
Line 0x98f56905db40 : 1 stores
Line 0xea2062d7140 : 3 stores
Line 0x98f56905eb00 : 1 stores
Line 0xea2062dab00 : 2 stores
Line 0xe8035e4483c0 : 1 stores
Line 0xfdfd3a7c6b00 : 4 stores
Line 0xea20632a2c0 : 4 stores
Line 0xea2062dd980 : 6 stores
Line 0x98f569062500 : 2 stores
Line 0xea2062dbb00 : 3 stores
Line 0xea2062de800 : 4 stores
Line 0xea206325b40 : 2 stores
Line 0xea2062dac80 : 1 stores
Line 0xea206335a40 : 1 stores
Line 0x98f56905f800 : 1 stores
Line 0xea2062d9dc0 : 4 stores
Line 0xea2062de740 : 2 stores
Line 0xea2062dacc0 : 4 stores
Line 0xea206335a80 : 5 stores
Line 0x98f56905f840 : 3 stores
Line 0xea2062dbcc0 : 3 stores
Line 0x98f5690626c0 : 1 stores
Line 0xea2062d9e40 : 6 stores
Line 0xea206333cc0 : 2 stores
Line 0x98f56905da80 : 1 stores
Line 0xea2062d7080 : 2 stores
Line 0x98f56905ea80 : 1 stores
Line 0x98f5690ae240 : 2 stores
Line 0xea206327840 : 2 stores
Line 0xea2062daa80 : 1 stores
Line 0xe8035e448340 : 1 stores
Line 0xfdfd3a7c6a80 : 1 stores
Line 0xea20632a240 : 2 stores
Line 0xea2062dd900 : 4 stores
Line 0x98f569062480 : 4 stores
Line 0xea2062dba80 : 1 stores
Line 0xea2062de780 : 2 stores
Line 0xea206335980 : 4 stores
Line 0x98f56905f740 : 1 stores
Line 0xea2062d9d40 : 1 stores
Line 0xea2062d7380 : 1 stores
Line 0xea2063358c0 : 6 stores
Line 0x98f56905f680 : 1 stores
Line 0xea2062dac00 : 2 stores
Line 0xea2063359c0 : 2 stores
Line 0x98f56905f780 : 2 stores
Line 0xea2062dbc00 : 2 stores
Line 0x98f569062600 : 1 stores
Line 0xea206333c40 : 1 stores
Line 0x98f56905da00 : 1 stores
Line 0xea2062d7000 : 3 stores
Line 0xea2062da9c0 : 2 stores
Line 0xe8035e448280 : 1 stores
Line 0xfdfd3a7c69c0 : 4 stores
Line 0xea2062dd840 : 6 stores
Line 0x98f5690623c0 : 2 stores
Line 0xea2062db9c0 : 3 stores
Line 0xea2062de6c0 : 4 stores
Line 0xea206325a00 : 2 stores
Line 0xea2062dab40 : 1 stores
Line 0xea206335900 : 1 stores
Line 0x98f56905f6c0 : 1 stores
Line 0xea2062d9c80 : 4 stores
Line 0xea2062de600 : 2 stores
Line 0xea2062dab80 : 4 stores
Line 0xea206335940 : 5 stores
Line 0x98f56905f700 : 3 stores
Line 0xea2062dbb80 : 3 stores
Line 0x98f569062580 : 1 stores
Line 0xea2062d9d00 : 6 stores
Line 0xea206333b80 : 2 stores
Line 0x98f56905d940 : 1 stores
Line 0xea2062d6f40 : 1 stores
Line 0x98f56905e940 : 1 stores
Line 0xea2062d7f40 : 1 stores
Line 0x98f5690ae100 : 2 stores
Line 0xea206327700 : 2 stores
Line 0xea2062da940 : 1 stores
Line 0xe8035e448200 : 1 stores
Line 0xfdfd3a7c6940 : 1 stores
Line 0xea20632a100 : 2 stores
Line 0xea2062dd7c0 : 4 stores
Line 0x98f569062340 : 4 stores
Line 0xea2062db940 : 1 stores
Line 0xea2062de640 : 2 stores
Line 0xea206335840 : 4 stores
Line 0x98f56905f600 : 1 stores
Line 0xea2062d9c00 : 1 stores
Line 0xea2062d7240 : 1 stores
Line 0xea206332000 : 2 stores
Line 0x98f56905bdc0 : 1 stores
Line 0xea2062d53c0 : 2 stores
Line 0xea2062dbac0 : 2 stores
Line 0x98f5690624c0 : 1 stores
Line 0xea2062daac0 : 2 stores
Line 0xea206335880 : 2 stores
Line 0x98f56905f640 : 2 stores
Line 0xea206335780 : 6 stores
Line 0x98f56905f540 : 1 stores
Line 0x98f5690aed00 : 3 stores
Line 0xea2062dd700 : 6 stores
Line 0x98f569062280 : 2 stores
Line 0xea2062db880 : 3 stores
Line 0xea2062da880 : 2 stores
Line 0xe8035e448140 : 1 stores
Line 0xfdfd3a7c6880 : 4 stores
Line 0x98f569053e00 : 1 stores
Line 0xea20632a040 : 4 stores
Line 0xea206333b00 : 1 stores
Line 0x98f56905d8c0 : 1 stores
Line 0xea2062d6ec0 : 1 stores
Line 0xea2062d7f80 : 2 stores
Line 0xea2063258c0 : 2 stores
Line 0xea2062de580 : 4 stores
Line 0xea2062d9b40 : 4 stores
Line 0xea2062daa00 : 1 stores
Line 0xea2063357c0 : 1 stores
Line 0x98f56905f580 : 1 stores
Line 0xea2062d7ec0 : 1 stores
Line 0xea2062de4c0 : 2 stores
Line 0xea2062dba40 : 3 stores
Line 0x98f569062440 : 1 stores
Line 0xea2062d9bc0 : 6 stores
Line 0xea2062daa40 : 4 stores
Line 0xea206335800 : 5 stores
Line 0x98f56905f5c0 : 3 stores
Line 0x98f5690aed80 : 2 stores
Line 0xea2062dd680 : 4 stores
Line 0x98f569062200 : 4 stores
Line 0xea2062db800 : 1 stores
Line 0xea2062da800 : 1 stores
Line 0xe8035e4480c0 : 1 stores
Line 0xfdfd3a7c6800 : 1 stores
Line 0xea206329fc0 : 1 stores
Line 0x98f56905e800 : 1 stores
Line 0xea2062d7e00 : 1 stores
Line 0xea206333a40 : 2 stores
Line 0x98f56905d800 : 1 stores
Line 0xea2062d6e00 : 1 stores
Line 0xea2062d7f00 : 3 stores
Line 0xea2062de500 : 2 stores
Line 0xea2062d9ac0 : 1 stores
Line 0xea206335700 : 4 stores
Line 0x98f56905f4c0 : 1 stores
Line 0xea206331f80 : 4 stores
Line 0x98f56905bd40 : 4 stores
Line 0xea2062d5340 : 5 stores
Line 0xea206332bc0 : 1 stores
Line 0x98f56905c980 : 2 stores
Line 0xea2062d5f80 : 1 stores
Line 0xea2062d7100 : 1 stores
Line 0xea206331ec0 : 6 stores
Line 0x98f56905bc80 : 1 stores
Line 0xea2062d5280 : 2 stores
Line 0xea2062db980 : 2 stores
Line 0x98f569062380 : 1 stores
Line 0xea2062da980 : 2 stores
Line 0xea206335740 : 2 stores
Line 0x98f56905f500 : 2 stores
Line 0xea206335640 : 6 stores
Line 0x98f56905f400 : 1 stores
Line 0x98f5690aebc0 : 3 stores
Line 0xea2062dd5c0 : 6 stores
Line 0x98f569062140 : 2 stores
Line 0xea2062db740 : 3 stores
Line 0xea2062da740 : 2 stores
Line 0xe8035e448000 : 1 stores
Line 0xfdfd3a7c6740 : 4 stores
Line 0x98f569053cc0 : 1 stores
Line 0xea206329f00 : 4 stores
Line 0xea2063339c0 : 1 stores
Line 0x98f56905d780 : 1 stores
Line 0xea2062d6d80 : 1 stores
Line 0xea2062d7e40 : 2 stores
Line 0xea206325780 : 2 stores
Line 0x98f569059fc0 : 2 stores
Line 0xea2062d35c0 : 1 stores
Line 0x98f569059ec0 : 1 stores
Line 0xea2062d34c0 : 3 stores
Line 0x98f56904ca40 : 3 stores
Line 0xea206322c80 : 1 stores
Line 0xea2062d9a00 : 4 stores
Line 0xea2062da8c0 : 1 stores
Line 0xea206335680 : 1 stores
Line 0x98f56905f440 : 1 stores
Line 0xea2062d7d80 : 1 stores
Line 0xea2062d5380 : 4 stores
Line 0xea206331fc0 : 2 stores
Line 0x98f56905bd80 : 2 stores
Line 0x98f569059f00 : 1 stores
Line 0xea2062d3500 : 1 stores
Line 0xea2062db900 : 3 stores
Line 0x98f569062300 : 1 stores
Line 0xea2062d9a80 : 6 stores
Line 0xea2062da900 : 4 stores
Line 0xea2063356c0 : 5 stores
Line 0x98f56905f480 : 3 stores
Line 0x98f5690aec40 : 2 stores
Line 0x98f5690620c0 : 4 stores
Line 0xea2062db6c0 : 1 stores
Line 0xea2062da6c0 : 1 stores
Line 0xfdfd3a7c66c0 : 1 stores
Line 0xea206329e80 : 1 stores
Line 0x98f56905e6c0 : 1 stores
Line 0xea2062d7cc0 : 1 stores
Line 0xea206333900 : 2 stores
Line 0x98f56905d6c0 : 1 stores
Line 0xea2062d6cc0 : 1 stores
Line 0xea2062d7dc0 : 3 stores
Line 0x98f569059f40 : 2 stores
Line 0xea2062d3540 : 2 stores
Line 0x98f56904cac0 : 2 stores
Line 0xea206322d00 : 3 stores
Line 0xea2063365c0 : 1 stores
Line 0x98f569060380 : 1 stores
Line 0xea2062d9980 : 1 stores
Line 0xea206331e40 : 4 stores
Line 0x98f56905bc00 : 4 stores
Line 0xea2062d5200 : 5 stores
Line 0xea206332a80 : 1 stores
Line 0x98f56905c840 : 2 stores
Line 0xea2062d5e40 : 1 stores
Line 0xea2062d6fc0 : 2 stores
Line 0xea206331d80 : 6 stores
Line 0x98f56905bb40 : 1 stores
Line 0xea2062d5140 : 2 stores
Line 0xea2062db840 : 2 stores
Line 0x98f569062240 : 1 stores
Line 0xea2062dd480 : 6 stores
Line 0x98f569062000 : 2 stores
Line 0xea2062db600 : 3 stores
Line 0xea2062da840 : 2 stores
Line 0xea206335600 : 2 stores
Line 0x98f56905f3c0 : 2 stores
Line 0xea2062da600 : 2 stores
Line 0xfdfd3a7c6600 : 4 stores
Line 0x98f569053b80 : 1 stores
Line 0xea206329dc0 : 4 stores
Line 0x98f5690aea80 : 3 stores
Line 0xea206333880 : 1 stores
Line 0x98f56905d640 : 1 stores
Line 0xea2062d6c40 : 1 stores
Line 0xea2062d7d00 : 2 stores
Line 0xea206325640 : 2 stores
Line 0x98f569059e80 : 2 stores
Line 0xea2062d3480 : 1 stores
Line 0xea20632ffc0 : 1 stores
Line 0x98f569059d80 : 1 stores
Line 0xea2062d3380 : 3 stores
Line 0x98f56904c900 : 3 stores
Line 0xea206322b40 : 1 stores
Line 0xea206336500 : 1 stores
Line 0x98f5690602c0 : 1 stores
Line 0xea2062d98c0 : 4 stores
Line 0xea2062da780 : 1 stores
Line 0xea2062d7c40 : 1 stores
Line 0xea2062d5240 : 4 stores
Line 0xea206331e80 : 2 stores
Line 0x98f56905bc40 : 2 stores
Line 0x98f569059dc0 : 1 stores
Line 0xea2062d33c0 : 1 stores
Line 0xea2062db7c0 : 3 stores
Line 0x98f5690621c0 : 1 stores
Line 0xea206336580 : 3 stores
Line 0x98f569060340 : 2 stores
Line 0xea2062d9940 : 6 stores
Line 0xea2062da7c0 : 4 stores
Line 0x98f5690aeb00 : 2 stores
Line 0x98f56905e580 : 1 stores
Line 0xea2062d7b80 : 1 stores
Line 0xea2063337c0 : 2 stores
Line 0x98f56905d580 : 1 stores
Line 0xea2062d6b80 : 1 stores
Line 0xea2062d7c80 : 3 stores
Line 0x98f569059e00 : 2 stores
Line 0xea2062d3400 : 2 stores
Line 0x98f56904c980 : 2 stores
Line 0xea206322bc0 : 3 stores
Line 0xea206336480 : 1 stores
Line 0x98f569060240 : 1 stores
Line 0xea2062d9840 : 1 stores
Line 0xea206331d00 : 4 stores
Line 0x98f56905bac0 : 4 stores
Line 0xea2062d50c0 : 5 stores
Line 0xea206332940 : 1 stores
Line 0x98f56905c700 : 2 stores
Line 0xea2062d5d00 : 1 stores
Line 0xea2062d6e80 : 2 stores
Line 0xea206331c40 : 6 stores
Line 0x98f56905ba00 : 1 stores
Line 0xea2062d5000 : 2 stores
Line 0xea2062db700 : 2 stores
Line 0x98f569062100 : 1 stores
Line 0xea2062da700 : 2 stores
Line 0x98f5690ae940 : 3 stores
Line 0xea206327f40 : 1 stores
Line 0xea20632f100 : 2 stores
Line 0x98f569058ec0 : 2 stores
Line 0xea2062d24c0 : 4 stores
Line 0xea206333740 : 1 stores
Line 0x98f56905d500 : 1 stores
Line 0xea2062d6b00 : 1 stores
Line 0xea2062d7bc0 : 2 stores
Line 0xea20632ff80 : 3 stores
Line 0x98f569059d40 : 2 stores
Line 0xea2062d3340 : 1 stores
Line 0xea20632fe80 : 1 stores
Line 0x98f569059c40 : 1 stores
Line 0xea2062d3240 : 3 stores
Line 0x98f56904c7c0 : 3 stores
Line 0xea206322a00 : 1 stores
Line 0xea2063363c0 : 1 stores
Line 0x98f569060180 : 1 stores
Line 0xea2062d9780 : 4 stores
Line 0xea2062da640 : 1 stores
Line 0xea2062d7b00 : 1 stores
Line 0xea2062d5100 : 4 stores
Line 0xea206331d40 : 2 stores
Line 0x98f56905bb00 : 2 stores
Line 0xea20632fec0 : 2 stores
Line 0x98f569059c80 : 1 stores
Line 0xea2062d3280 : 1 stores
Line 0xea2062db680 : 3 stores
Line 0x98f569062080 : 1 stores
Line 0xea206336440 : 3 stores
Line 0x98f569060200 : 2 stores
Line 0xea2062d9800 : 6 stores
Line 0xea2062da680 : 4 stores
Line 0x98f5690ae9c0 : 2 stores
Line 0xea206327fc0 : 2 stores
Line 0x98f56905e440 : 1 stores
Line 0xea2062d7a40 : 1 stores
Line 0xea206333680 : 2 stores
Line 0x98f56905d440 : 1 stores
Line 0xea2062d6a40 : 1 stores
Line 0xea2062d7b40 : 3 stores
Line 0xea20632ff00 : 3 stores
Line 0x98f569059cc0 : 2 stores
Line 0xea2062d32c0 : 2 stores
Line 0x98f56904c840 : 2 stores
Line 0xea206322a80 : 3 stores
Line 0xea2062db580 : 1 stores
Line 0x98f569061f80 : 1 stores
Line 0xea206336340 : 1 stores
Line 0x98f569060100 : 1 stores
Line 0xea2062d9700 : 1 stores
Line 0xea2062da580 : 1 stores
Line 0xea206331bc0 : 4 stores
Line 0x98f56905b980 : 4 stores
Line 0xea206332800 : 1 stores
Line 0x98f56905c5c0 : 2 stores
Line 0xea2062d5bc0 : 1 stores
Line 0xea2062d6d40 : 2 stores
Line 0xea206331b00 : 6 stores
Line 0x98f56905b8c0 : 1 stores
Line 0x98f5690ae800 : 3 stores
Line 0xea206327e00 : 1 stores
Line 0xea20632efc0 : 1 stores
Line 0x98f569058d80 : 2 stores
Line 0xea2062d2380 : 4 stores
Line 0xea2062f60c0 : 3 stores
Line 0xea206333600 : 1 stores
Line 0x98f56905d3c0 : 1 stores
Line 0xea2062d69c0 : 1 stores
Line 0xea206326180 : 1 stores
Line 0xea2062d7a80 : 2 stores
Line 0xea20632fe40 : 3 stores
Line 0x98f569059c00 : 2 stores
Line 0xea2062d3200 : 1 stores
Line 0x98f56907e840 : 2 stores
Line 0xea2062f7e40 : 1 stores
Line 0xea20632fd40 : 1 stores
Line 0x98f569059b00 : 1 stores
Line 0xea2062d3100 : 3 stores
Line 0x98f56904c680 : 3 stores
Line 0xea2063228c0 : 1 stores
Line 0xea2062db4c0 : 3 stores
Line 0x98f569061ec0 : 1 stores
Line 0xea206336280 : 1 stores
Line 0x98f569060040 : 1 stores
Line 0xea2062d9640 : 4 stores
Line 0xea2062c3000 : 4 stores
Line 0x98f56903c580 : 2 stores
Line 0xea2063127c0 : 1 stores
Line 0xea2062eaa40 : 1 stores
Line 0xea2062c7b80 : 4 stores
Line 0x98f56904e580 : 1 stores
Line 0xea2062c7a80 : 1 stores
Line 0x98f56904e480 : 2 stores
Line 0xea206322840 : 1 stores
Line 0x98f56904c600 : 1 stores
Line 0xea2062c5c00 : 1 stores
Line 0xea2062c2f40 : 1 stores
Line 0x98f56903c4c0 : 3 stores
Line 0xea206312700 : 3 stores
Line 0xea2062c3340 : 2 stores
Line 0xea2062f95c0 : 4 stores
Line 0x98f56907e140 : 1 stores
Line 0xea2062f7740 : 1 stores
Line 0x98f56904bf80 : 1 stores
Line 0xea2063221c0 : 3 stores
Line 0xea2062ef2c0 : 3 stores
Line 0x98f56909e8c0 : 2 stores
Line 0xea206317ec0 : 3 stores
Line 0xea2062c7b00 : 2 stores
Line 0x98f56904e500 : 1 stores
Line 0xea206323500 : 1 stores
Line 0x98f56904d2c0 : 3 stores
Line 0xea2062c68c0 : 1 stores
Line 0xea2062c2ec0 : 1 stores
Line 0x98f56903c440 : 2 stores
Line 0xea206312680 : 1 stores
Line 0xea2062ea900 : 1 stores
Line 0xea2062c7a40 : 4 stores
Line 0x98f56904e440 : 1 stores
Line 0xea2062c7940 : 1 stores
Line 0x98f56904e340 : 2 stores
Line 0xea206322700 : 1 stores
Line 0x98f56904c4c0 : 1 stores
Line 0xea2062c5ac0 : 1 stores
Line 0x98f56909e840 : 4 stores
Line 0xea206317e40 : 1 stores
Line 0x98f56906acc0 : 3 stores
Line 0xea2062c1400 : 6 stores
Line 0x98f569045f80 : 1 stores
Line 0xea2062bf580 : 3 stores
Line 0xea2062f5800 : 4 stores
Line 0xea2062d2940 : 2 stores
Line 0xea20632f580 : 3 stores
Line 0x98f569059340 : 2 stores
Line 0xea20632d700 : 6 stores
Line 0x98f5690574c0 : 2 stores
Line 0x98f5690a6c80 : 4 stores
Line 0xea2062c3200 : 2 stores
Line 0xea2062f9480 : 4 stores
Line 0x98f56907e000 : 1 stores
Line 0xea2062f7600 : 1 stores
Line 0x98f56904be40 : 1 stores
Line 0xea206322080 : 3 stores
Line 0x98f56906ad00 : 1 stores
Line 0xea2062c1440 : 1 stores
Line 0xea20631e080 : 1 stores
Line 0x98f569047e40 : 2 stores
Line 0x98f569045fc0 : 1 stores
Line 0xea2062bf5c0 : 1 stores
Line 0xea2062c79c0 : 2 stores
Line 0x98f56904e3c0 : 1 stores
Line 0x98f569071ec0 : 1 stores
Line 0xea2062eb4c0 : 1 stores
Line 0xea2063233c0 : 1 stores
Line 0x98f56904d180 : 3 stores
Line 0xea2062c6780 : 1 stores
Line 0xea2062ed340 : 1 stores
Line 0xea2062ca480 : 1 stores
Line 0xea2063270c0 : 2 stores
Line 0x98f569050e80 : 2 stores
Line 0xea2062ea7c0 : 1 stores
Line 0xea2062c7900 : 4 stores
Line 0x98f56904e300 : 1 stores
Line 0xea2062c7800 : 1 stores
Line 0x98f56904e200 : 2 stores
Line 0xea2063225c0 : 1 stores
Line 0x98f56904c380 : 1 stores
Line 0xea2062c5980 : 1 stores
Line 0x98f56906ac80 : 1 stores
Line 0xea2062c13c0 : 2 stores
Line 0x98f569045f40 : 2 stores
Line 0xea2062bf540 : 2 stores
Line 0xea20630ed00 : 2 stores
Line 0x98f56906ab80 : 3 stores
Line 0xea2062c12c0 : 6 stores
Line 0x98f569045e40 : 1 stores
Line 0xea2062bf440 : 3 stores
Line 0xea2062f56c0 : 4 stores
Line 0xea2062d2800 : 2 stores
Line 0xea20632f440 : 3 stores
Line 0x98f569059200 : 2 stores
Line 0x98f5690a6b40 : 4 stores
Line 0xea2062c30c0 : 2 stores
Line 0x98f56904bd00 : 1 stores
Line 0xea206321f40 : 1 stores
Line 0x98f56906abc0 : 1 stores
Line 0xea2062c1300 : 1 stores
Line 0xea20631df40 : 5 stores
Line 0x98f569047d00 : 2 stores
Line 0x98f569045e80 : 1 stores
Line 0xea2062bf480 : 1 stores
Line 0xea2062bfe40 : 3 stores
Line 0xea2062bdfc0 : 4 stores
Line 0xea20630d780 : 6 stores
Line 0xea2062c7880 : 2 stores
Line 0x98f56904e280 : 1 stores
Line 0xea2062eb380 : 1 stores
Line 0xea206323280 : 1 stores
Line 0x98f56904d040 : 3 stores
Line 0xea2062c6640 : 1 stores
Line 0x98f56904a640 : 1 stores
Line 0xea2062c3c40 : 1 stores
Line 0xea2062c1340 : 5 stores
Line 0x98f569045ec0 : 2 stores
Line 0xea2062bf4c0 : 3 stores
Line 0xea20630ec80 : 1 stores
Line 0xea2062bfe80 : 1 stores
Line 0xea20631ac40 : 2 stores
Line 0x98f569044a00 : 4 stores
Line 0xea2062be000 : 1 stores
Line 0xea20630d7c0 : 1 stores
Line 0xea2062ea680 : 1 stores
Line 0xea2062c77c0 : 4 stores
Line 0x98f56904e1c0 : 1 stores
Line 0xea2062c76c0 : 1 stores
Line 0x98f56904e0c0 : 2 stores
Line 0xea206322480 : 1 stores
Line 0x98f56904c240 : 1 stores
Line 0xea2062c5840 : 1 stores
Line 0xea2062e5140 : 6 stores
Line 0xea2062e32c0 : 3 stores
Line 0xea20631b1c0 : 3 stores
Line 0x98f569044f80 : 2 stores
Line 0xea2062be580 : 2 stores
Line 0xea20630dd40 : 4 stores
Line 0xea2062d1940 : 5 stores
Line 0xea20632e580 : 4 stores
Line 0x98f569058340 : 1 stores
Line 0xea20631f280 : 2 stores
Line 0xea2062c7b40 : 1 stores
Line 0x98f56904e540 : 4 stores
Line 0xea206322900 : 2 stores
Line 0x98f56904c6c0 : 1 stores
Line 0xea2062c5cc0 : 2 stores
Line 0xea2062e22c0 : 2 stores
Line 0xea2062bf400 : 2 stores
Line 0x98f569045e00 : 2 stores
Line 0xea2062bd580 : 5 stores
Line 0x98f569048040 : 2 stores
Line 0xea20631e280 : 2 stores
Line 0x98f56906ab40 : 1 stores
Line 0xea2062c1280 : 2 stores
Line 0xea20630ebc0 : 2 stores
Line 0xea2062e5ec0 : 2 stores
Line 0x98f56906aa40 : 3 stores
Line 0xea2062c1180 : 6 stores
Line 0xea20631bf40 : 1 stores
Line 0x98f569045d00 : 1 stores
Line 0xea2062bf300 : 3 stores
Line 0xea2062d26c0 : 2 stores
Line 0xea20632f300 : 3 stores
Line 0x98f5690590c0 : 2 stores
Line 0x98f5690a6a00 : 4 stores
Line 0xea2062c2f80 : 2 stores
Line 0x98f56904bbc0 : 1 stores
Line 0xea206321e00 : 1 stores
Line 0x98f56906aa80 : 1 stores
Line 0xea2062c11c0 : 1 stores
Line 0xea20631de00 : 5 stores
Line 0x98f569047bc0 : 2 stores
Line 0xea20631bf80 : 3 stores
Line 0x98f569045d40 : 1 stores
Line 0xea2062bf340 : 1 stores
Line 0xea2062bfd00 : 3 stores
Line 0xea2062bde80 : 4 stores
Line 0xea20630d640 : 6 stores
Line 0xea2062c7740 : 2 stores
Line 0x98f56904e140 : 1 stores
Line 0x98f56904a500 : 1 stores
Line 0xea2062c3b00 : 1 stores
Line 0xea2062ea980 : 3 stores
Line 0xea2062c7ac0 : 2 stores
Line 0x98f56904e4c0 : 2 stores
Line 0xea2062bf380 : 3 stores
Line 0xea2062bd500 : 6 stores
Line 0x98f56907a180 : 2 stores
Line 0xea2062f3780 : 3 stores
Line 0xea20632b680 : 3 stores
Line 0x98f569055440 : 2 stores
Line 0xea2062cea40 : 3 stores
Line 0x98f569047fc0 : 1 stores
Line 0xea20631e200 : 4 stores
Line 0xea2062e50c0 : 4 stores
Line 0xea2062e3240 : 1 stores
Line 0xea20631b140 : 3 stores
Line 0x98f569044f00 : 4 stores
Line 0xea2062be500 : 1 stores
Line 0xea20630dcc0 : 1 stores
Line 0xea2062d18c0 : 6 stores
Line 0xea20632e500 : 2 stores
Line 0x98f5690582c0 : 1 stores
Line 0xea2062c1200 : 5 stores
Line 0xea2062bfd40 : 1 stores
Line 0xea20631ab00 : 2 stores
Line 0x98f5690448c0 : 4 stores
Line 0xea2062bdec0 : 2 stores
Line 0xea20630d680 : 1 stores
Line 0xea2062c2e00 : 1 stores
Line 0xea2062c7580 : 1 stores
Line 0x98f56904df80 : 1 stores
Line 0xea206322340 : 1 stores
Line 0x98f56904c100 : 1 stores
Line 0xea2062c5700 : 1 stores
Line 0xea2062ea540 : 1 stores
Line 0xea2062c7680 : 4 stores
Line 0x98f56904e080 : 1 stores
Line 0xea2062c7a00 : 1 stores
Line 0x98f56904e400 : 4 stores
Line 0xea2063227c0 : 2 stores
Line 0x98f56904c580 : 1 stores
Line 0xea2062c5b80 : 2 stores
Line 0xea2062e2180 : 2 stores
Line 0xea2062bf2c0 : 2 stores
Line 0x98f569047f00 : 1 stores
Line 0xea20631e140 : 2 stores
Line 0xea2062e5000 : 6 stores
Line 0xea2062e3180 : 3 stores
Line 0xea20631b080 : 3 stores
Line 0x98f569044e40 : 2 stores
Line 0xea2062be440 : 2 stores
Line 0xea20630dc00 : 4 stores
Line 0xea2062d1800 : 5 stores
Line 0xea20632e440 : 4 stores
Line 0x98f569058200 : 1 stores
Line 0xea2062e5d80 : 2 stores
Line 0xea2062c1040 : 6 stores
Line 0xea20631be00 : 1 stores
Line 0x98f569045bc0 : 1 stores
Line 0xea2062bf1c0 : 3 stores
Line 0xea2062d2580 : 2 stores
Line 0xea20632f1c0 : 3 stores
Line 0x98f569058f80 : 4 stores
Line 0x98f5690a68c0 : 4 stores
Line 0x98f56906aa00 : 1 stores
Line 0xea2062c1140 : 2 stores
Line 0xea2062c2e40 : 2 stores
Line 0xea2062bfb80 : 2 stores
Line 0xea20631a940 : 4 stores
Line 0x98f569044700 : 2 stores
Line 0xea2062bdd00 : 5 stores
Line 0xea2062c97c0 : 4 stores
Line 0xea206326400 : 1 stores
Line 0x98f5690501c0 : 4 stores
Line 0xe8035e39c000 : 5 stores
Line 0x8ad33013f940 : 3 stores
Line 0xe8035e38e880 : 1 stores
Line 0xea2063a5c00 : 6 stores
Line 0xea206305bc0 : 2 stores
Line 0xa1abd7f334c0 : 1 stores
Line 0x98f56906a940 : 1 stores
Line 0xea2062e3f40 : 3 stores
Line 0xea2062c1080 : 1 stores
Line 0xea20631dcc0 : 5 stores
Line 0x98f569047a80 : 2 stores
Line 0xea20631be40 : 3 stores
Line 0x98f569045c00 : 1 stores
Line 0xea2062bf200 : 1 stores
Line 0xea2062bfbc0 : 3 stores
Line 0xea2062bdd40 : 4 stores
Line 0xea2062ea4c0 : 1 stores
Line 0xea2062c7600 : 2 stores
Line 0x98f56904e000 : 1 stores
Line 0x98f56904a3c0 : 1 stores
Line 0xea2062c39c0 : 1 stores
Line 0xea206331b40 : 1 stores
Line 0x98f56905b900 : 4 stores
Line 0xea2062ea840 : 3 stores
Line 0xea2062c7980 : 2 stores
Line 0x98f56904e380 : 2 stores
Line 0xea2062bf240 : 3 stores
Line 0xea2062f54c0 : 6 stores
Line 0x98f56907a040 : 2 stores
Line 0xea2062f3640 : 3 stores
Line 0xea20632b540 : 3 stores
Line 0x98f569055300 : 2 stores
Line 0xea2062ce900 : 3 stores
Line 0x98f569047e80 : 1 stores
Line 0xea20631e0c0 : 4 stores
Line 0xea2062e3100 : 1 stores
Line 0xea20631b000 : 3 stores
Line 0x98f569044dc0 : 4 stores
Line 0xea2062be3c0 : 1 stores
Line 0xea20630db80 : 1 stores
Line 0xea2062d1780 : 6 stores
Line 0xea20632e3c0 : 2 stores
Line 0x98f569058180 : 1 stores
Line 0xea2062c10c0 : 5 stores
Line 0xea20630ea00 : 1 stores
Line 0xea2062bfc00 : 1 stores
Line 0xea20631a9c0 : 2 stores
Line 0x98f569044780 : 4 stores
Line 0xea2062bdd80 : 2 stores
Line 0xea2062c3ac0 : 2 stores
Line 0xea20632fdc0 : 3 stores
Line 0x98f569059b80 : 2 stores
Line 0xea2062d3180 : 2 stores
Line 0x98f56904c700 : 2 stores
Line 0xea206322940 : 3 stores
Line 0xea2062c2d80 : 1 stores
Line 0xea2062c2cc0 : 1 stores
Line 0xea2062c6b80 : 3 stores
Line 0xea2063237c0 : 2 stores
Line 0x98f56904d580 : 1 stores
Line 0xea206321940 : 5 stores
Line 0x98f56904b700 : 3 stores
Line 0x98f569092780 : 4 stores
Line 0xea20630bd80 : 1 stores
Line 0xea2062ea400 : 1 stores
Line 0xea2062c7540 : 4 stores
Line 0x98f56904df40 : 3 stores
Line 0xea2062c78c0 : 1 stores
Line 0x98f56904e2c0 : 4 stores
Line 0xea206322680 : 2 stores
Line 0x98f56904c440 : 1 stores
Line 0xea2062c5a40 : 2 stores
Line 0xea2062e2040 : 2 stores
Line 0xea2062bf180 : 2 stores
Line 0x98f569047dc0 : 1 stores
Line 0xea20631e000 : 2 stores
Line 0xea2062e3040 : 3 stores
Line 0xea20631af40 : 1 stores
Line 0x98f569044d00 : 2 stores
Line 0xea2062be300 : 2 stores
Line 0xea20630dac0 : 4 stores
Line 0xea2062d16c0 : 5 stores
Line 0xea20632e300 : 4 stores
Line 0x98f5690580c0 : 1 stores
Line 0x98f569048dc0 : 4 stores
Line 0xea20631f000 : 2 stores
Line 0xea2062e5c40 : 2 stores
Line 0xea20631bcc0 : 1 stores
Line 0x98f569045a80 : 1 stores
Line 0xea2062bf080 : 3 stores
Line 0xea2062d2440 : 2 stores
Line 0xea20632f080 : 3 stores
Line 0x98f569058e40 : 4 stores
Line 0x98f5690a6780 : 4 stores
Line 0xea20632a880 : 2 stores
Line 0x8ad33013f8c0 : 1 stores
Line 0xe8035e38e800 : 1 stores
Line 0xea2063a5b80 : 4 stores
Line 0x98f56906a8c0 : 1 stores
Line 0xea2062e3ec0 : 1 stores
Line 0xea2062c1000 : 2 stores
Line 0xea20630e940 : 2 stores
Line 0xea2062e1180 : 5 stores
Line 0xe8035e3a01c0 : 4 stores
Line 0x8ad330143b00 : 1 stores
Line 0xea206309d80 : 6 stores
Line 0xa1abd7f37680 : 3 stores
Line 0xea2062f26c0 : 4 stores
Line 0xea2062cd980 : 2 stores
Line 0xea20632a5c0 : 2 stores
Line 0x98f569054380 : 1 stores
Line 0x98f569052500 : 5 stores
Line 0xea2062cbb00 : 2 stores
Line 0xea2062c2d00 : 2 stores
Line 0xea2062bfa40 : 2 stores
Line 0xea20631a800 : 4 stores
Line 0x98f5690445c0 : 2 stores
Line 0xea2062bdbc0 : 5 stores
Line 0xea2062c9680 : 4 stores
Line 0xea2063262c0 : 1 stores
Line 0x98f569050080 : 4 stores
Line 0x8ad33013f800 : 3 stores
Line 0xe8035e38e740 : 1 stores
Line 0xea2063a5ac0 : 6 stores
Line 0xea206305a80 : 2 stores
Line 0xa1abd7f33380 : 1 stores
Line 0x98f56906a800 : 1 stores
Line 0xea2062e3e00 : 3 stores
Line 0xea20631bd00 : 3 stores
Line 0x98f569045ac0 : 1 stores
Line 0xea2062bf0c0 : 1 stores
Line 0xea2062bfa80 : 3 stores
Line 0xea2062bdc00 : 4 stores
Line 0xea2062ea380 : 1 stores
Line 0xea2062c74c0 : 2 stores
Line 0x98f56904dec0 : 3 stores
Line 0x98f56904a280 : 1 stores
Line 0xea2062c3880 : 1 stores
Line 0xea206331a00 : 1 stores
Line 0x98f56905b7c0 : 4 stores
Line 0xea2062ea700 : 3 stores
Line 0xea2062c7840 : 2 stores
Line 0x98f56904e240 : 2 stores
Line 0xea2062bf100 : 3 stores
Line 0xea20632b400 : 3 stores
Line 0x98f5690551c0 : 2 stores
Line 0xea2062ce7c0 : 3 stores
Line 0x98f569047d40 : 1 stores
Line 0xea20631df80 : 4 stores
Line 0xea2062e2fc0 : 4 stores
Line 0xea20631aec0 : 2 stores
Line 0x98f569044c80 : 4 stores
Line 0xea2062be280 : 1 stores
Line 0xea20630da40 : 1 stores
Line 0xea2062d1640 : 6 stores
Line 0xea20632e280 : 2 stores
Line 0x98f569058040 : 1 stores
Line 0xea20630e8c0 : 1 stores
Line 0xea2062bfac0 : 1 stores
Line 0xea20631a880 : 2 stores
Line 0x98f569044640 : 4 stores
Line 0xea2062bdc40 : 2 stores
Line 0xea2062c3980 : 2 stores
Line 0xea2062f9c00 : 4 stores
Line 0x98f56907e780 : 1 stores
Line 0xea2062f7d80 : 1 stores
Line 0xea20632fc80 : 3 stores
Line 0x98f569059a40 : 2 stores
Line 0xea2062d3040 : 2 stores
Line 0x98f56904c5c0 : 2 stores
Line 0xea206322800 : 3 stores
Line 0xea2062c6b00 : 3 stores
Line 0xea206323740 : 4 stores
Line 0x98f56904d500 : 1 stores
Line 0xea2062e1280 : 1 stores
Line 0x98f569092700 : 2 stores
Line 0xea20630bd00 : 1 stores
Line 0xea2062c2c40 : 1 stores
Line 0xea2062c2b80 : 1 stores
Line 0xea20632ee80 : 1 stores
Line 0x98f569058c40 : 2 stores
Line 0xea2062d2240 : 4 stores
Line 0xea2062c6a40 : 3 stores
Line 0xea206323680 : 2 stores
Line 0x98f56904d440 : 1 stores
Line 0xea206321800 : 5 stores
Line 0x98f56904b5c0 : 3 stores
Line 0x98f56909ad80 : 2 stores
Line 0x98f569092640 : 4 stores
Line 0xea20630bc40 : 1 stores
Line 0xea2062c6b40 : 1 stores
Line 0xea2062be400 : 2 stores
Line 0x98f569092740 : 1 stores
Line 0xea20630bd40 : 4 stores
Line 0xea2062f2800 : 4 stores
Line 0xea2062cf940 : 1 stores
Line 0x98f569056340 : 1 stores
Line 0xea20632a700 : 2 stores
Line 0x98f5690544c0 : 1 stores
Line 0xea2062cdac0 : 2 stores
Line 0xea2062c5680 : 2 stores
Line 0x98f56904a200 : 1 stores
Line 0xea2062c3800 : 2 stores
Line 0x98f56903cd80 : 4 stores
Line 0xea206312fc0 : 3 stores
Line 0xea2062c7780 : 1 stores
Line 0x98f56904e180 : 4 stores
Line 0xea2062c5900 : 2 stores
Line 0xea2062e1f00 : 1 stores
Line 0xea2062bf040 : 2 stores
Line 0x98f569047c80 : 1 stores
Line 0xea20631dec0 : 6 stores
Line 0xea20631ae00 : 1 stores
Line 0x98f569044bc0 : 2 stores
Line 0xea2062be1c0 : 2 stores
Line 0xea20630d980 : 4 stores
Line 0xea206323580 : 2 stores
Line 0x98f56904d340 : 2 stores
Line 0xea2062c6940 : 1 stores
Line 0x98f56903fec0 : 1 stores
Line 0xea206316100 : 2 stores
Line 0xea2062cab00 : 2 stores
Line 0xfdfd3a7c5c00 : 4 stores
Line 0xea2062beb80 : 2 stores
Line 0xea20631b7c0 : 1 stores
Line 0x98f569045580 : 1 stores
Line 0xea2062d1580 : 5 stores
Line 0xea20632e1c0 : 4 stores
Line 0x98f569057f80 : 3 stores
Line 0x98f569048c80 : 4 stores
Line 0xea20631eec0 : 1 stores
Line 0xea2062e5b00 : 2 stores
Line 0xea20631bb80 : 1 stores
Line 0x98f569045940 : 1 stores
Line 0xea2062bef40 : 2 stores
Line 0xea2062d2300 : 2 stores
Line 0xea20632ef40 : 1 stores
Line 0x98f569058d00 : 4 stores
Line 0x98f5690a6640 : 4 stores
Line 0x98f569049a00 : 1 stores
Line 0xea20631fc40 : 1 stores
Line 0x98f56906a780 : 1 stores
Line 0xea2062e3d80 : 1 stores
Line 0xea20630e800 : 2 stores
Line 0xea2062d2400 : 2 stores
Line 0xea20632f040 : 1 stores
Line 0x98f569058e00 : 1 stores
Line 0xea2062e9940 : 1 stores
Line 0xea2062c6a80 : 1 stores
Line 0xea2062be340 : 1 stores
Line 0xea20631af80 : 4 stores
Line 0x98f569044d40 : 2 stores
Line 0x98f569092680 : 1 stores
Line 0xea20630bc80 : 2 stores
Line 0xea2062cf880 : 1 stores
Line 0x98f569056280 : 1 stores
Line 0xea20632a640 : 1 stores
Line 0x98f569054400 : 1 stores
Line 0xea2062cda00 : 1 stores
Line 0xea2062e1040 : 5 stores
Line 0xe8035e3a0080 : 4 stores
Line 0x8ad3301439c0 : 1 stores
Line 0xea206309c40 : 6 stores
Line 0xa1abd7f37540 : 3 stores
Line 0xea2062f2580 : 4 stores
Line 0xea2062cd840 : 2 stores
Line 0x98f5690523c0 : 5 stores
Line 0xea2062cb9c0 : 2 stores
Line 0xea2062c2bc0 : 2 stores
Line 0xea2062bf900 : 2 stores
Line 0xea20631a6c0 : 4 stores
Line 0x98f569044480 : 2 stores
Line 0xea2062bda80 : 5 stores
Line 0xea2062c9540 : 4 stores
Line 0x98f56906a6c0 : 1 stores
Line 0xea2062e3cc0 : 3 stores
Line 0xea20631bbc0 : 3 stores
Line 0x98f569045980 : 1 stores
Line 0xea2062bef80 : 2 stores
Line 0xea2062bf940 : 3 stores
Line 0xea2062bdac0 : 4 stores
Line 0xea2062d2340 : 1 stores
Line 0xea20632ef80 : 4 stores
Line 0x98f569058d40 : 1 stores
Line 0xea2062be380 : 4 stores
Line 0x98f5690926c0 : 2 stores
Line 0xea20630bcc0 : 2 stores
Line 0x98f56904a140 : 1 stores
Line 0xea2062c3740 : 1 stores
Line 0xea2063318c0 : 1 stores
Line 0x98f56905b680 : 4 stores
Line 0xea2062ea5c0 : 3 stores
Line 0xea2062c7700 : 2 stores
Line 0x98f56904e100 : 2 stores
Line 0xea2062befc0 : 1 stores
Line 0xea20632b2c0 : 3 stores
Line 0x98f569055080 : 2 stores
Line 0xea2062ce680 : 3 stores
Line 0x98f569047c00 : 1 stores
Line 0xea20631de40 : 4 stores
Line 0xea2062e2e80 : 4 stores
Line 0xea2062bffc0 : 1 stores
Line 0xea20631ad80 : 2 stores
Line 0x98f569044b40 : 4 stores
Line 0xea2062be140 : 1 stores
Line 0xea20630d900 : 1 stores
Line 0xea2062d1500 : 6 stores
Line 0xea20632e140 : 2 stores
Line 0x98f569057f00 : 3 stores
Line 0xea20630e780 : 1 stores
Line 0xea2062bf980 : 1 stores
Line 0xea20631a740 : 2 stores
Line 0x98f569044500 : 4 stores
Line 0xea2062bdb00 : 2 stores
Line 0x98f5690a66c0 : 2 stores
Line 0xea2062c3840 : 2 stores
Line 0xea2062f9ac0 : 4 stores
Line 0x98f56907e640 : 1 stores
Line 0xea2062f7c40 : 1 stores
Line 0x98f56904c480 : 2 stores
Line 0xea2063226c0 : 3 stores
Line 0xea2062c69c0 : 3 stores
Line 0xea206323600 : 4 stores
Line 0x98f56904d3c0 : 1 stores
Line 0x98f56909ad00 : 4 stores
Line 0xea2062e1140 : 1 stores
Line 0x98f5690925c0 : 2 stores
Line 0xea20630bbc0 : 1 stores
Line 0xea2062c2a40 : 1 stores
Line 0xea2062f6e40 : 1 stores
Line 0xea2062d3f80 : 3 stores
Line 0xea20632ed40 : 1 stores
Line 0x98f569058b00 : 2 stores
Line 0xea2062d2100 : 4 stores
Line 0x98f56904b680 : 2 stores
Line 0xea2063218c0 : 6 stores
Line 0xea2062c6900 : 3 stores
Line 0xea2063216c0 : 5 stores
Line 0x98f56904b480 : 3 stores
Line 0x98f56909ac40 : 2 stores
Line 0x98f569042d40 : 1 stores
Line 0x98f569092500 : 4 stores
Line 0xea20630bb00 : 1 stores
Line 0xea2062c6a00 : 1 stores
Line 0xea2062be2c0 : 2 stores
Line 0x98f569092600 : 1 stores
Line 0xea20630bc00 : 4 stores
Line 0xea2062cf800 : 1 stores
Line 0x98f569056200 : 1 stores
Line 0xea2062c5540 : 2 stores
Line 0x98f56904a0c0 : 1 stores
Line 0xea2062c36c0 : 2 stores
Line 0x98f56903cc40 : 3 stores
Line 0xea206312e80 : 3 stores
Line 0xea2062ea500 : 3 stores
Line 0xea2062c7640 : 1 stores
Line 0x98f56904e040 : 4 stores
Line 0xea2062c57c0 : 2 stores
Line 0xea2062e1dc0 : 1 stores
Line 0xea2062bef00 : 1 stores
Line 0xea2062bff00 : 1 stores
Line 0xea20631acc0 : 1 stores
Line 0x98f569044a80 : 2 stores
Line 0xea2062be080 : 2 stores
Line 0xea20630d840 : 4 stores
Line 0xea206323440 : 2 stores
Line 0x98f56904d200 : 2 stores
Line 0xea2062c6800 : 1 stores
Line 0xea2062ca9c0 : 2 stores
Line 0xfdfd3a7c5ac0 : 4 stores
Line 0xea2062bea40 : 2 stores
Line 0xea20631b680 : 1 stores
Line 0x98f569045440 : 1 stores
Line 0x98f56907ad00 : 6 stores
Line 0xea2062d1440 : 5 stores
Line 0xea20632e080 : 4 stores
Line 0x98f569057e40 : 3 stores
Line 0x98f569048b40 : 4 stores
Line 0xea20631ed80 : 1 stores
Line 0xea2062e59c0 : 2 stores
Line 0xea20631ba40 : 1 stores
Line 0x98f569045800 : 1 stores
Line 0xea2062bee00 : 2 stores
Line 0x98f569072cc0 : 1 stores
Line 0xea2062bf7c0 : 2 stores
Line 0xea2062bd940 : 5 stores
Line 0xea2062f6f00 : 2 stores
Line 0xea2062f5080 : 4 stores
Line 0xea2062d21c0 : 2 stores
Line 0xea20632ee00 : 1 stores
Line 0x98f569058bc0 : 4 stores
Line 0x98f569056d40 : 1 stores
Line 0x98f5690a6500 : 4 stores
Line 0x98f5690498c0 : 1 stores
Line 0xea20631fb00 : 1 stores
Line 0x98f56906a640 : 1 stores
Line 0xea2062e3c40 : 1 stores
Line 0xea20630e6c0 : 2 stores
Line 0xea2062d22c0 : 2 stores
Line 0xea20632ef00 : 2 stores
Line 0x98f569058cc0 : 1 stores
Line 0xea2062e9800 : 1 stores
Line 0xea2062e10c0 : 2 stores
Line 0xea2062be200 : 1 stores
Line 0xea20631ae40 : 4 stores
Line 0x98f569044c00 : 2 stores
Line 0x98f569042d80 : 1 stores
Line 0x98f569092540 : 1 stores
Line 0xea20630bb40 : 2 stores
Line 0xea2062cf740 : 1 stores
Line 0x98f569056140 : 1 stores
Line 0xea20632a500 : 1 stores
Line 0x98f5690542c0 : 1 stores
Line 0xea2062cd8c0 : 1 stores
Line 0x8ad330143880 : 1 stores
Line 0xea2062ba340 : 3 stores
Line 0xea206309b00 : 6 stores
Line 0xa1abd7f37400 : 3 stores
Line 0xea2062cd700 : 2 stores
Line 0x98f569052280 : 5 stores
Line 0xea2062cb880 : 2 stores
Line 0x98f569044e00 : 1 stores
Line 0xea20631b040 : 1 stores
Line 0x98f56906a580 : 1 stores
Line 0xea2062e3b80 : 3 stores
Line 0xea20631ba80 : 3 stores
Line 0x98f569045840 : 1 stores
Line 0xea2062bee40 : 2 stores
Line 0xea2062d2200 : 1 stores
Line 0xea20632ee40 : 4 stores
Line 0x98f569058c00 : 1 stores
Line 0x98f569056d80 : 2 stores
Line 0xea2062be240 : 4 stores
Line 0x98f569092580 : 2 stores
Line 0xea20630bb80 : 2 stores
Line 0x98f56904a000 : 1 stores
Line 0xea2062c3600 : 1 stores
Line 0xea206331780 : 1 stores
Line 0x98f56905b540 : 4 stores
Line 0xea2062ea480 : 3 stores
Line 0xea2062c75c0 : 2 stores
Line 0x98f56904dfc0 : 2 stores
Line 0xea2062bee80 : 1 stores
Line 0xea20632b180 : 3 stores
Line 0x98f569054f40 : 1 stores
Line 0xea2062ce540 : 3 stores
Line 0x98f569047ac0 : 1 stores
Line 0xea20631dd00 : 4 stores
Line 0xea2062e2d40 : 4 stores
Line 0xea20630e640 : 1 stores
Line 0xea2062bf840 : 1 stores
Line 0xea20631a600 : 2 stores
Line 0x98f5690443c0 : 4 stores
Line 0xea2062bd9c0 : 2 stores
Line 0x98f5690a6580 : 2 stores
Line 0x98f569049940 : 1 stores
Line 0xea20631fb80 : 3 stores
Line 0xea2062c3700 : 2 stores
Line 0xea2062f9980 : 4 stores
Line 0x98f56907e500 : 1 stores
Line 0xea2062f7b00 : 1 stores
Line 0x98f56904c340 : 2 stores
Line 0xea206322580 : 3 stores
Line 0xea2062c6880 : 3 stores
Line 0xea2063234c0 : 4 stores
Line 0x98f56904d280 : 1 stores
Line 0x98f56909abc0 : 4 stores
Line 0xea2062e1000 : 1 stores
Line 0x98f569042cc0 : 1 stores
Line 0x98f569092480 : 2 stores
Line 0xea20630ba80 : 1 stores
Line 0xea2062c2900 : 1 stores
Line 0xea20631f540 : 3 stores
Line 0x98f569049300 : 1 stores
Line 0xea2062f6d00 : 1 stores
Line 0x98f56904b540 : 2 stores
Line 0xea206321780 : 6 stores
Line 0xea2062c67c0 : 3 stores
Line 0x98f56909ab00 : 2 stores
Line 0x98f569042c00 : 1 stores
Line 0x98f5690923c0 : 4 stores
Line 0xea20630b9c0 : 1 stores
Line 0xea2062be180 : 2 stores
Line 0x98f569042d00 : 2 stores
Line 0x98f5690924c0 : 1 stores
Line 0xea20630bac0 : 4 stores
Line 0xea2062cf6c0 : 1 stores
Line 0x98f5690560c0 : 1 stores
Line 0xea2062e6a00 : 1 stores
Line 0xea2062c3b40 : 4 stores
Line 0xea2062bb400 : 2 stores
Line 0x8ad330142ac0 : 5 stores
Line 0xea2062c2b00 : 1 stores
Line 0xea2062df100 : 2 stores
Line 0xea2062dd280 : 5 stores
Line 0x98f56908e700 : 1 stores
Line 0xea206307d00 : 3 stores
Line 0xa1abd7f35600 : 5 stores
Line 0xea2062c7500 : 1 stores
Line 0x98f56904df00 : 1 stores
Line 0xea2062e1c80 : 1 stores
Line 0xea2062bedc0 : 1 stores
Line 0xea2062bfdc0 : 1 stores
Line 0xea20631ab80 : 1 stores
Line 0x98f569044940 : 2 stores
Line 0xea2062bdf40 : 1 stores
Line 0xea20630d700 : 4 stores
Line 0xea206323300 : 2 stores
Line 0x98f56904d0c0 : 2 stores
Line 0xea2062c66c0 : 1 stores
Line 0xea2062ca880 : 2 stores
Line 0xfdfd3a7c5980 : 4 stores
Line 0xea2062be900 : 2 stores
Line 0x98f56907abc0 : 6 stores
Line 0xea2062d1300 : 5 stores
Line 0xea20632df40 : 4 stores
Line 0x98f569057d00 : 3 stores
Line 0x98f569048a00 : 4 stores
Line 0xea20631ec40 : 1 stores
Line 0x98f56906a500 : 1 stores
Line 0xea2062e3b00 : 1 stores
Line 0xea20630e580 : 2 stores
Line 0xea2062d2180 : 2 stores
Line 0xea20632edc0 : 2 stores
Line 0x98f569058b80 : 1 stores
Line 0x98f569056d00 : 3 stores
Line 0xea2062e96c0 : 1 stores
Line 0xea2062be0c0 : 1 stores
Line 0xea20631ad00 : 4 stores
Line 0x98f569044ac0 : 2 stores
Line 0x98f569042c40 : 1 stores
Line 0x98f569092400 : 1 stores
Line 0xea20630ba00 : 2 stores
Line 0xea2062cf600 : 1 stores
Line 0x98f569056000 : 1 stores
Line 0xea20632a3c0 : 1 stores
Line 0x98f569054180 : 1 stores
Line 0xea2062cd780 : 1 stores
Line 0xea2062def40 : 1 stores
Line 0x8ad330143740 : 1 stores
Line 0xea2062ba200 : 3 stores
Line 0xea2063099c0 : 6 stores
Line 0xa1abd7f372c0 : 3 stores
Line 0xea2062cd5c0 : 2 stores
Line 0x98f569052140 : 5 stores
Line 0xea2062cb740 : 2 stores
Line 0x98f569044cc0 : 1 stores
Line 0xea20631af00 : 2 stores
Line 0xea2062be100 : 4 stores
Line 0x98f569042c80 : 3 stores
Line 0x98f569092440 : 2 stores
Line 0xea20630ba40 : 2 stores
Line 0xea2062c2a80 : 2 stores
Line 0x98f56908e680 : 2 stores
Line 0xea206307c80 : 3 stores
Line 0xa1abd7f35580 : 6 stores
Line 0xea2062ea340 : 3 stores
Line 0xea2062c7480 : 2 stores
Line 0x98f56904de80 : 2 stores
Line 0xea2062bed40 : 1 stores
Line 0xea20632b040 : 3 stores
Line 0x98f569054e00 : 1 stores
Line 0xea2062ce400 : 3 stores
Line 0x98f569047980 : 1 stores
Line 0xea20631dbc0 : 4 stores
Line 0xea2062e2c00 : 4 stores
Line 0xea2062c35c0 : 2 stores
Line 0xea2062f9840 : 4 stores
Line 0x98f56907e3c0 : 1 stores
Line 0xea2062f79c0 : 1 stores
Line 0x98f56904c200 : 2 stores
Line 0xea206322440 : 3 stores
Line 0xea2062c6740 : 3 stores
Line 0xea206323380 : 4 stores
Line 0x98f56904d140 : 1 stores
Line 0x98f56909aa80 : 4 stores
Line 0x98f569042b80 : 1 stores
Line 0x98f569092340 : 2 stores
Line 0xea20630b940 : 1 stores
Line 0xea2062c27c0 : 1 stores
Line 0xea20631f400 : 3 stores
Line 0x98f5690491c0 : 1 stores
Line 0xea2062f6bc0 : 1 stores
Line 0xea2062d3d00 : 3 stores
Line 0xea20632eac0 : 1 stores
Line 0x98f569058880 : 2 stores
Line 0xea2062d1e80 : 4 stores
Line 0x98f56904b400 : 2 stores
Line 0xea206321640 : 6 stores
Line 0xea2062c6680 : 3 stores
Line 0x98f56909a9c0 : 2 stores
Line 0x98f56903dd80 : 3 stores
Line 0xea206313fc0 : 2 stores
Line 0x98f569042ac0 : 1 stores
Line 0x98f569092280 : 4 stores
Line 0xea20630b880 : 1 stores
Line 0xea2062be040 : 2 stores
Line 0x98f569042bc0 : 2 stores
Line 0x98f569092380 : 1 stores
Line 0xea20630b980 : 4 stores
Line 0xea2062cf580 : 1 stores
Line 0x98f569055f80 : 2 stores
Line 0xea2062e68c0 : 1 stores
Line 0xea2062c3a00 : 4 stores
Line 0xea2062f9c80 : 6 stores
Line 0x98f56907e800 : 1 stores
Line 0xea2062f7e00 : 2 stores
Line 0xea20632fd00 : 3 stores
Line 0x98f569059ac0 : 2 stores
Line 0xea2062d30c0 : 1 stores
Line 0xea2062bb2c0 : 2 stores
Line 0x8ad330142980 : 5 stores
Line 0xea206316080 : 1 stores
Line 0x98f56903fe40 : 1 stores
Line 0xea2062b9440 : 4 stores
Line 0xea2062c29c0 : 1 stores
Line 0xea2062f6dc0 : 2 stores
Line 0x98f56904b600 : 1 stores
Line 0xea206321840 : 4 stores
Line 0xea2062dd140 : 5 stores
Line 0x98f56908e5c0 : 1 stores
Line 0xea206307bc0 : 3 stores
Line 0xa1abd7f354c0 : 5 stores
Line 0xea2062e1b40 : 1 stores
Line 0xea2062bec80 : 1 stores
Line 0xea2062bfc80 : 1 stores
Line 0xea20631aa40 : 1 stores
Line 0x98f569044800 : 2 stores
Line 0xea2062bde00 : 1 stores
Line 0x98f56907aa80 : 6 stores
Line 0xea2062d11c0 : 5 stores
Line 0xea20632de00 : 4 stores
Line 0x98f569057bc0 : 3 stores
Line 0x98f5690488c0 : 4 stores
Line 0xea20631eb00 : 1 stores
Line 0xea2062e5740 : 2 stores
Line 0x98f569072a40 : 1 stores
Line 0xea2062bd6c0 : 5 stores
Line 0xea2062f6c80 : 2 stores
Line 0x98f569056ac0 : 1 stores
Line 0x98f5690a6280 : 4 stores
Line 0x98f569049640 : 1 stores
Line 0xea20631f880 : 1 stores
Line 0xea2062e9580 : 1 stores
Line 0xea2062bdf80 : 5 stores
Line 0xea20631abc0 : 4 stores
Line 0x98f569044980 : 2 stores
Line 0x98f569042b00 : 1 stores
Line 0x98f5690922c0 : 1 stores
Line 0xea20630b8c0 : 2 stores
Line 0xea2062cf4c0 : 1 stores
Line 0x98f569055ec0 : 3 stores
Line 0xea20632a280 : 1 stores
Line 0x98f569054040 : 1 stores
Line 0xea2062cd640 : 1 stores
Line 0xea2062dee00 : 1 stores
Line 0xea2062bbf40 : 2 stores
Line 0x98f569042940 : 2 stores
Line 0x8ad330143600 : 1 stores
Line 0xea2062ba0c0 : 3 stores
Line 0xea206309880 : 6 stores
Line 0xa1abd7f37180 : 3 stores
Line 0xea2062cd480 : 2 stores
Line 0x98f569052000 : 5 stores
Line 0xea2062cb600 : 2 stores
Line 0x98f569044b80 : 1 stores
Line 0xea20631adc0 : 2 stores
Line 0x98f56906a300 : 1 stores
Line 0xea2062e3900 : 3 stores
Line 0xea20631b800 : 3 stores
Line 0x98f5690455c0 : 1 stores
Line 0xea2062bebc0 : 2 stores
Line 0xea20630e380 : 4 stores
Line 0xea2062d1f80 : 5 stores
Line 0xea20632ebc0 : 4 stores
Line 0x98f569058980 : 1 stores
Line 0x98f569056b00 : 2 stores
Line 0x98f569042b40 : 3 stores
Line 0x98f569092300 : 2 stores
Line 0xea20630b900 : 2 stores
Line 0xea2062c2940 : 2 stores
Line 0x98f56903ed80 : 1 stores
Line 0x98f56908e540 : 2 stores
Line 0xea206307b40 : 3 stores
Line 0xa1abd7f35440 : 6 stores
Line 0xea2062bec00 : 1 stores
Line 0xea20632af00 : 1 stores
Line 0x98f569054cc0 : 1 stores
Line 0xea2062ce2c0 : 3 stores
Line 0x98f569047840 : 1 stores
Line 0xea20631da80 : 4 stores
Line 0xea2062e2ac0 : 4 stores
Line 0xea2062c3480 : 2 stores
Line 0xea2062f9700 : 4 stores
Line 0x98f56907e280 : 1 stores
Line 0xea2062f7880 : 1 stores
Line 0x98f56904c0c0 : 2 stores
Line 0xea206322300 : 3 stores
Line 0xea2062e18c0 : 1 stores
Line 0xea2062bea00 : 1 stores
Line 0xea2062de100 : 2 stores
Line 0x98f569062c80 : 2 stores
Line 0xea2062b93c0 : 1 stores
Line 0xe8035e39d140 : 3 stores
Line 0x8ad330140a80 : 2 stores
Line 0x8ad330133300 : 1 stores
Line 0xea2063a6d40 : 1 stores
Line 0x98f56903df40 : 2 stores
Line 0xea2062b7540 : 1 stores
Line 0xea206306d00 : 4 stores
Line 0xea2062bd980 : 4 stores
Line 0x98f569042500 : 3 stores
Line 0xea2062bbb00 : 1 stores
Line 0xea2062ceec0 : 1 stores
Line 0xea20632bb00 : 3 stores
Line 0x98f5690558c0 : 1 stores
Line 0xea2062b9940 : 4 stores
Line 0x98f56903e4c0 : 1 stores
Line 0xea2062b7ac0 : 1 stores
Line 0xea206307280 : 3 stores
Line 0xea2062edd40 : 1 stores
Line 0xea2062cae80 : 1 stores
Line 0xea206325c40 : 4 stores
Line 0x98f56904fa00 : 2 stores
Line 0xea2062c9000 : 5 stores
Line 0xea2062b9bc0 : 4 stores
Line 0x98f56903e740 : 1 stores
Line 0xea2062b7d40 : 1 stores
Line 0x98f56908df00 : 1 stores
Line 0xea206307500 : 3 stores
Line 0xea2062edfc0 : 1 stores
Line 0xea2062cb100 : 2 stores
Line 0xea2062c9280 : 5 stores
Line 0x98f569042780 : 3 stores
Line 0xea2062bbd80 : 1 stores
Line 0xea2062cf140 : 2 stores
Line 0xea20632bd80 : 3 stores
Line 0x98f569055b40 : 1 stores
Line 0xea2062c3140 : 4 stores
Line 0xea20631fd80 : 1 stores
Line 0x98f569049b40 : 1 stores
Line 0xe8035e39e780 : 2 stores
Line 0x8ad3301420c0 : 5 stores
Line 0x98f56908ed40 : 1 stores
Line 0xa1abd7f35c40 : 5 stores
Line 0x98f56906dfc0 : 2 stores
Line 0xea2062e75c0 : 1 stores
Line 0xea20631f4c0 : 1 stores
Line 0x98f569049280 : 1 stores
Line 0xea2062c2880 : 1 stores
Line 0xea206312040 : 1 stores
Line 0xea2062dee80 : 1 stores
Line 0x8ad330143680 : 1 stores
Line 0xe8035e3925c0 : 1 stores
Line 0xea2063a9940 : 4 stores
Line 0x98f5690429c0 : 1 stores
Line 0xea2062f2240 : 2 stores
Line 0x98f569052080 : 2 stores
Line 0xea2062cb680 : 1 stores
Line 0xea2062bd7c0 : 1 stores
Line 0xea20631a400 : 1 stores
Line 0x98f5690441c0 : 2 stores
Line 0x98f569042340 : 1 stores
Line 0xea2062bb940 : 1 stores
Line 0xea2062e25c0 : 4 stores
Line 0xea2062bd880 : 2 stores
Line 0x98f569042400 : 1 stores
Line 0xea20630b1c0 : 1 stores
Line 0x98f56903c240 : 3 stores
Line 0xea206312480 : 3 stores
Line 0xe8035e3a0180 : 5 stores
Line 0x8ad330143ac0 : 2 stores
Line 0xe8035e392a00 : 1 stores
Line 0x8ad330136340 : 6 stores
Line 0xea2063a9d80 : 6 stores
Line 0xea206309d40 : 2 stores
Line 0xa1abd7f37640 : 1 stores
Line 0xea2062d2780 : 1 stores
Line 0xea20632f3c0 : 3 stores
Line 0x98f569059180 : 2 stores
Line 0xea206311940 : 1 stores
Line 0x8ad330142f80 : 1 stores
Line 0xe8035e391ec0 : 4 stores
Line 0xea2063a9240 : 6 stores
Line 0x98f5690422c0 : 1 stores
Line 0xea2062c3280 : 4 stores
Line 0xea20631fec0 : 1 stores
Line 0x98f569049c80 : 1 stores
Line 0xea2062f9500 : 6 stores
Line 0x98f56907e080 : 1 stores
Line 0xea2062f7680 : 2 stores
Line 0x98f56904bec0 : 1 stores
Line 0xea206322100 : 3 stores
Line 0xe8035e39e8c0 : 2 stores
Line 0x8ad330142200 : 5 stores
Line 0xa1abd7f35d80 : 5 stores
Line 0xea2062de840 : 1 stores
Line 0xea2062b9b00 : 6 stores
Line 0x98f56903e680 : 1 stores
Line 0xea2062b7c80 : 2 stores
Line 0x98f56908de40 : 3 stores
Line 0xea206307440 : 3 stores
Line 0xea2062bdb40 : 6 stores
Line 0x98f5690426c0 : 2 stores
Line 0xea2062bbcc0 : 2 stores
Line 0xea2062cf080 : 1 stores
Line 0xea20632bcc0 : 3 stores
Line 0x98f569055a80 : 2 stores
Line 0xea2062ef700 : 2 stores
Line 0x98f569076100 : 1 stores
Line 0xea2062ed880 : 5 stores
Line 0xea2062f6640 : 2 stores
Line 0xea2062d3780 : 1 stores
Line 0xea20632e540 : 1 stores
Line 0x98f569058300 : 4 stores
Line 0xea2062d1900 : 1 stores
Line 0xea2062c3080 : 2 stores
Line 0xea20631fcc0 : 3 stores
Line 0x98f569049a80 : 1 stores
Line 0xea20632f380 : 2 stores
Line 0x98f569059140 : 1 stores
Line 0xea2062d2740 : 4 stores
Line 0xe8035e39e6c0 : 4 stores
Line 0x8ad330142000 : 2 stores
Line 0x98f56908ec80 : 1 stores
Line 0xa1abd7f35b80 : 2 stores
Line 0xea2062cbe80 : 1 stores
Line 0x98f569052880 : 1 stores
Line 0xea206326c40 : 1 stores
Line 0x98f569050a00 : 4 stores
Line 0xea2062ca000 : 3 stores
Line 0x98f569043580 : 2 stores
Line 0xea2063197c0 : 4 stores
Line 0xea2062be980 : 1 stores
Line 0xea20631b5c0 : 1 stores
Line 0x98f569045380 : 2 stores
Line 0xea2062cfec0 : 1 stores
Line 0x98f5690568c0 : 1 stores
Line 0xea20632ac80 : 1 stores
Line 0x98f569054a40 : 1 stores
Line 0xea2062ce040 : 3 stores
Line 0x98f5690475c0 : 1 stores
Line 0xea20631d800 : 4 stores
Line 0xea2062e13c0 : 1 stores
Line 0x98f569092840 : 2 stores
Line 0xea20630be40 : 1 stores
Line 0x98f56904a340 : 1 stores
Line 0xea2062c3940 : 2 stores
Line 0x98f56903cec0 : 4 stores
Line 0xea206313100 : 1 stores
Line 0x98f56909e980 : 4 stores
Line 0xea206317f80 : 1 stores
Line 0xea2062e5400 : 1 stores
Line 0xea2062c2540 : 1 stores
Line 0xea20631f180 : 3 stores
Line 0x98f569048f40 : 2 stores
Line 0xea2062f6940 : 1 stores
Line 0xea2062d3a80 : 3 stores
Line 0xea20632e840 : 1 stores
Line 0x98f569058600 : 2 stores
Line 0xea2062d1c00 : 4 stores
Line 0xea2062ea8c0 : 3 stores
Line 0x98f56904a700 : 1 stores
Line 0xea2062c3d00 : 2 stores
Line 0x98f569099ec0 : 2 stores
Line 0x98f56903d280 : 1 stores
Line 0xea2063134c0 : 1 stores
Line 0xea2062e1780 : 1 stores
Line 0xea2062be8c0 : 1 stores
Line 0xea20631b500 : 3 stores
Line 0x98f5690452c0 : 2 stores
Line 0xea2062de080 : 4 stores
Line 0x98f569062c00 : 4 stores
Line 0x98f5690b23c0 : 2 stores
Line 0xe8035e39d0c0 : 1 stores
Line 0x8ad330140a00 : 1 stores
Line 0x8ad330133280 : 1 stores
Line 0xea2063a6cc0 : 1 stores
Line 0xea2062b9340 : 2 stores
Line 0x98f56903dec0 : 3 stores
Line 0xea2062b74c0 : 2 stores
Line 0xea206306c80 : 2 stores
Line 0xea20630eb40 : 1 stores
Line 0x28e837c5d540 : 10735 stores
Line 0xea2062d3a00 : 1 stores
Line 0xea20632e7c0 : 1 stores
Line 0x98f569058580 : 4 stores
Line 0xea2062d1b80 : 1 stores
Line 0xea2062b9e40 : 4 stores
Line 0x98f56903e9c0 : 1 stores
Line 0xea2062b7fc0 : 1 stores
Line 0x98f56908e180 : 2 stores
Line 0xea206307780 : 3 stores
Line 0xa1abd7f35080 : 6 stores
Line 0xea2062ee240 : 2 stores
Line 0xea2062cb380 : 2 stores
Line 0xea2062c9500 : 5 stores
Line 0xea2062e2340 : 4 stores
Line 0xea2062bd600 : 2 stores
Line 0xea2062c3fc0 : 2 stores
Line 0xea206311900 : 6 stores
Line 0xea2062bb880 : 1 stores
Line 0x98f569042280 : 3 stores
Line 0x8ad330142f40 : 6 stores
Line 0xe8035e391e80 : 1 stores
Line 0xea2063a9200 : 2 stores
Line 0xea2062bf8c0 : 1 stores
Line 0xea20631a680 : 1 stores
Line 0x98f569044440 : 2 stores
Line 0xea2062bda40 : 1 stores
Line 0x98f56907a6c0 : 6 stores
Line 0xea2062f3cc0 : 1 stores
Line 0x98f569048500 : 4 stores
Line 0xea20631e740 : 1 stores
Line 0xea2062bd840 : 4 stores
Line 0x98f5690423c0 : 3 stores
Line 0xea2062bb9c0 : 1 stores
Line 0xea2062ced80 : 1 stores
Line 0xea20632b9c0 : 3 stores
Line 0x98f569055780 : 1 stores
Line 0xea206329b40 : 4 stores
Line 0x98f569053900 : 1 stores
Line 0xea2062b9800 : 4 stores
Line 0xe8035e39d580 : 3 stores
Line 0x8ad330140ec0 : 4 stores
Line 0x8ad330133740 : 3 stores
Line 0xea2063a7180 : 1 stores
Line 0x98f56903e380 : 1 stores
Line 0xea2062b7980 : 1 stores
Line 0xea206307140 : 3 stores
Line 0xea2062edc00 : 1 stores
Line 0xea2062cad40 : 1 stores
Line 0xea206325b00 : 4 stores
Line 0x98f56904f8c0 : 2 stores
Line 0xe8035e3a0140 : 1 stores
Line 0x8ad330143a80 : 2 stores
Line 0xe8035e3929c0 : 3 stores
Line 0x8ad330136300 : 2 stores
Line 0xea2063a9d40 : 2 stores
Line 0xea206309d00 : 4 stores
Line 0xa1abd7f37600 : 3 stores
Line 0xea2062cd900 : 5 stores
Line 0x98f569052480 : 6 stores
Line 0xea2062cba80 : 4 stores
Line 0xea20631b240 : 2 stores
Line 0xea2062b9a80 : 4 stores
Line 0x98f56903e600 : 1 stores
Line 0xea2062b7c00 : 1 stores
Line 0x98f56908ddc0 : 1 stores
Line 0xea2063073c0 : 3 stores
Line 0xea2062ede80 : 1 stores
Line 0xea2062cafc0 : 1 stores
Line 0xea206325d80 : 4 stores
Line 0x98f56904fb40 : 2 stores
Line 0xea2062c9140 : 5 stores
Line 0x98f569042640 : 3 stores
Line 0xea2062bbc40 : 1 stores
Line 0xea2062cf000 : 2 stores
Line 0xea20632bc40 : 3 stores
Line 0x98f569055a00 : 1 stores
Line 0xea2062c31c0 : 2 stores
Line 0xea20632f4c0 : 2 stores
Line 0x98f569059280 : 1 stores
Line 0xea2062d2880 : 4 stores
Line 0xe8035e39e800 : 4 stores
Line 0x8ad330142140 : 2 stores
Line 0xea20632f280 : 3 stores
Line 0x98f569059040 : 2 stores
Line 0xea2062d2640 : 1 stores
Line 0xe8035e3ce080 : 2 stores
Line 0xd79e62986940 : 4 stores
Line 0xa1abd7f35cc0 : 2 stores
Line 0xea2062cbfc0 : 1 stores
Line 0x98f5690529c0 : 1 stores
Line 0xea206326d80 : 1 stores
Line 0x98f569050b40 : 4 stores
Line 0xea2062ca140 : 3 stores
Line 0xea2062beac0 : 1 stores
Line 0xea20632adc0 : 1 stores
Line 0x98f569054b80 : 1 stores
Line 0xea2062ce180 : 3 stores
Line 0x98f569047700 : 1 stores
Line 0xea20631d940 : 4 stores
Line 0x98f56908ec00 : 1 stores
Line 0xa1abd7f35b00 : 5 stores
Line 0x98f56904aa00 : 1 stores
Line 0x98f56909a1c0 : 4 stores
Line 0x98f56903d580 : 3 stores
Line 0xea2063137c0 : 1 stores
Line 0xea2062e2480 : 4 stores
Line 0xea2062bd740 : 2 stores
Line 0xea20630b080 : 1 stores
Line 0x98f56903c100 : 3 stores
Line 0xea206312340 : 3 stores
Line 0xe8035e3a0040 : 5 stores
Line 0x8ad330143980 : 2 stores
Line 0xe8035e3928c0 : 1 stores
Line 0x8ad330136200 : 6 stores
Line 0xea2063a9c40 : 6 stores
Line 0xea206309c00 : 2 stores
Line 0xa1abd7f37500 : 1 stores
Line 0xea2062c3ec0 : 1 stores
Line 0x98f56904a8c0 : 1 stores
Line 0xea206311800 : 1 stores
Line 0x8ad330142e40 : 1 stores
Line 0xe8035e391d80 : 4 stores
Line 0xea2063a9100 : 6 stores
Line 0x98f569042180 : 1 stores
Line 0xea2062bd680 : 1 stores
Line 0xea20631a2c0 : 1 stores
Line 0x98f569044080 : 2 stores
Line 0x98f569042200 : 1 stores
Line 0xea2062bb800 : 1 stores
Line 0xea2062ed580 : 6 stores
Line 0x98f569072100 : 1 stores
Line 0xea2062eb700 : 2 stores
Line 0xea2062d1600 : 2 stores
Line 0xea20632e240 : 2 stores
Line 0x98f569058000 : 2 stores
Line 0x98f569048d00 : 6 stores
Line 0xea20631ef40 : 2 stores
Line 0xea2062e5480 : 4 stores
Line 0x98f56906a000 : 1 stores
Line 0xea2062e3600 : 1 stores
Line 0xea20630e080 : 2 stores
Line 0xea2062d1c80 : 6 stores
Line 0xea20632e8c0 : 2 stores
Line 0x98f569058680 : 1 stores
Line 0x8ad330143040 : 1 stores
Line 0xe8035e391f80 : 2 stores
Line 0xea2063a9300 : 4 stores
Line 0x98f569042380 : 1 stores
Line 0xea2062de700 : 1 stores
Line 0xea2062b99c0 : 6 stores
Line 0x98f56903e540 : 1 stores
Line 0xea2062b7b40 : 2 stores
Line 0xea2062ba640 : 2 stores
Line 0xa213217f540 : 1 stores
Line 0xea206307300 : 3 stores
Line 0xea2062bda00 : 6 stores
Line 0x98f569042580 : 2 stores
Line 0xea2062bbb80 : 2 stores
Line 0xea2062cef40 : 3 stores
Line 0xea20632bb80 : 3 stores
Line 0x98f569055940 : 2 stores
Line 0xea2062ddf40 : 4 stores
Line 0x98f569062ac0 : 4 stores
Line 0x98f5690b2280 : 2 stores
Line 0xe8035e39cf80 : 2 stores
Line 0x8ad3301408c0 : 1 stores
Line 0x8ad330133140 : 1 stores
Line 0xea2063a6b80 : 1 stores
Line 0xea2062b9200 : 2 stores
Line 0xea206306b40 : 2 stores
Line 0xea2062be480 : 1 stores
Line 0xea20631b0c0 : 1 stores
Line 0x98f569044e80 : 2 stores
Line 0x98f5690927c0 : 1 stores
Line 0xea20630bdc0 : 2 stores
Line 0xea2062cf9c0 : 1 stores
Line 0x98f5690563c0 : 1 stores
Line 0xea20632a780 : 1 stores
Line 0x98f569054540 : 1 stores
Line 0xea2062cdb40 : 1 stores
Line 0xea20632f240 : 2 stores
Line 0x98f569059000 : 1 stores
Line 0xea2062d2600 : 4 stores
Line 0x98f56908eb40 : 1 stores
Line 0xa1abd7f35a40 : 2 stores
Line 0xea2062cbd40 : 1 stores
Line 0x98f569052740 : 1 stores
Line 0xea206326b00 : 1 stores
Line 0x98f5690508c0 : 4 stores
Line 0xea2062c9ec0 : 1 stores
Line 0x98f569043440 : 2 stores
Line 0xea206319680 : 4 stores
Line 0xea2062be840 : 1 stores
Line 0xea20631b480 : 1 stores
Line 0x98f569045240 : 2 stores
Line 0xea2062cfd80 : 1 stores
Line 0x98f569056780 : 1 stores
Line 0xea20632ab40 : 1 stores
Line 0x98f569054900 : 1 stores
Line 0xea2062cdf00 : 1 stores
Line 0x98f569047480 : 1 stores
Line 0xea20631d6c0 : 4 stores
Line 0xea2062ef5c0 : 2 stores
Line 0x98f569075fc0 : 2 stores
Line 0xea2062ed740 : 5 stores
Line 0xea2062d3640 : 1 stores
Line 0xea20632e400 : 1 stores
Line 0x98f5690581c0 : 4 stores
Line 0xea2062d17c0 : 1 stores
Line 0x98f569072b80 : 1 stores
Line 0xea2062bf680 : 2 stores
Line 0xea2062bd800 : 5 stores
Line 0xea2062e5880 : 2 stores
Line 0xea20631b900 : 1 stores
Line 0x98f5690456c0 : 1 stores
Line 0xea2062becc0 : 2 stores
Line 0xea2062d2080 : 2 stores
Line 0xea20632ecc0 : 1 stores
Line 0x98f569058a80 : 4 stores
Line 0x98f569056c00 : 1 stores
Line 0x98f5690a63c0 : 4 stores
Line 0x98f569049780 : 1 stores
Line 0xea20631f9c0 : 1 stores
Line 0xea2062dde80 : 6 stores
Line 0x98f569062a00 : 2 stores
Line 0xea2062b9140 : 1 stores
Line 0xe8035e39cec0 : 1 stores
Line 0x8ad330140800 : 2 stores
Line 0x8ad330133080 : 1 stores
Line 0xea2063a6ac0 : 1 stores
Line 0xea206306a80 : 4 stores
Line 0xea2062ea780 : 3 stores
Line 0x98f56904a5c0 : 1 stores
Line 0xea2062c3bc0 : 2 stores
Line 0x98f56903d140 : 1 stores
Line 0xea206313380 : 1 stores
Line 0xea2062e1640 : 1 stores
Line 0xea2062be780 : 1 stores
Line 0xea20631b3c0 : 3 stores
Line 0x98f569045180 : 2 stores
Line 0xea2062c3e80 : 2 stores
Line 0xea2063117c0 : 6 stores
Line 0xea2062bb740 : 1 stores
Line 0x98f569042140 : 3 stores
Line 0x8ad330142e00 : 6 stores
Line 0xe8035e391d40 : 1 stores
Line 0xea2063a90c0 : 2 stores
Line 0xea2062bf780 : 1 stores
Line 0xea20631a540 : 1 stores
Line 0x98f569044300 : 2 stores
Line 0xea2062bd900 : 1 stores
Line 0x98f56907a580 : 6 stores
Line 0xea2062f3b80 : 1 stores
Line 0x98f5690483c0 : 4 stores
Line 0xea20631e600 : 1 stores
Line 0xea2062bd700 : 4 stores
Line 0xea2062cec40 : 1 stores
Line 0xea20632b880 : 3 stores
Line 0x98f569055640 : 1 stores
Line 0xea206329a00 : 4 stores
Line 0x98f5690537c0 : 1 stores
Line 0xe8035e3a0000 : 1 stores
Line 0x8ad330143940 : 2 stores
Line 0xe8035e392880 : 3 stores
Line 0x8ad3301361c0 : 2 stores
Line 0xea2063a9c00 : 2 stores
Line 0xea206309bc0 : 4 stores
Line 0xa1abd7f374c0 : 3 stores
Line 0xea2062cd7c0 : 5 stores
Line 0x98f569052340 : 6 stores
Line 0xea2062cb940 : 4 stores
Line 0xea2062bd8c0 : 6 stores
Line 0x98f569042440 : 2 stores
Line 0xea2062bba40 : 2 stores
Line 0xea2062cee00 : 3 stores
Line 0xea20632ba40 : 3 stores
Line 0x98f569055800 : 2 stores
Line 0xea206329bc0 : 6 stores
Line 0x98f569053980 : 1 stores
Line 0xea2062ed5c0 : 1 stores
Line 0xea20630e400 : 2 stores
Line 0xea2062ca700 : 1 stores
Line 0xfdfd3a7c5800 : 1 stores
Line 0xea2062de5c0 : 1 stores
Line 0xea2062b9880 : 6 stores
Line 0xe8035e39d600 : 2 stores
Line 0x8ad330140f40 : 2 stores
Line 0x8ad3301337c0 : 3 stores
Line 0xea2063a7200 : 1 stores
Line 0x98f56903e400 : 1 stores
Line 0xea2062b7a00 : 2 stores
Line 0xea2062ba500 : 2 stores
Line 0xa213217f400 : 1 stores
Line 0xea2063071c0 : 3 stores
Line 0xea2062ca900 : 1 stores
Line 0xfdfd3a7c5a00 : 4 stores
Line 0xea2063256c0 : 1 stores
Line 0x98f56904f480 : 1 stores
Line 0xea2062d36c0 : 3 stores
Line 0xea20632e480 : 1 stores
Line 0x98f569058240 : 2 stores
Line 0xea2062d1840 : 4 stores
Line 0x98f56908eac0 : 1 stores
Line 0xa1abd7f359c0 : 5 stores
Line 0xea2062f5f80 : 4 stores
Line 0x98f56907ab00 : 5 stores
Line 0xea2062d1240 : 2 stores
Line 0xea20632de80 : 6 stores
Line 0x98f569057c40 : 2 stores
Line 0x98f569055dc0 : 1 stores
Line 0xea2062cf3c0 : 2 stores
Line 0x98f569048940 : 6 stores
Line 0xea20631eb80 : 2 stores
Line 0xea2062d14c0 : 2 stores
Line 0xea20632e100 : 2 stores
Line 0x98f569057ec0 : 2 stores
Line 0x98f569048bc0 : 6 stores
Line 0xea20631ee00 : 2 stores
Line 0xea2062e5340 : 4 stores
Line 0x98f569069ec0 : 3 stores
Line 0xea2062e34c0 : 1 stores
Line 0xea20630df40 : 1 stores
Line 0xea2062d1b40 : 6 stores
Line 0xea20632e780 : 2 stores
Line 0x98f569058540 : 1 stores
Line 0x98f56904a780 : 1 stores
Line 0xea2062c3d80 : 1 stores
Line 0x98f569066d80 : 2 stores
Line 0xea2062bd4c0 : 2 stores
Line 0x98f569042040 : 1 stores
Line 0xea20630ae00 : 3 stores
Line 0xea2063120c0 : 3 stores
Line 0xea2062def00 : 2 stores
Line 0x8ad330143700 : 2 stores
Line 0xe8035e392640 : 1 stores
Line 0xea2063a99c0 : 6 stores
Line 0xea206309980 : 2 stores
Line 0xa1abd7f37280 : 1 stores
Line 0xea2062ee340 : 2 stores
Line 0xea2062bf9c0 : 3 stores
Line 0xea2062d23c0 : 1 stores
Line 0xea20632f000 : 3 stores
Line 0x98f569058dc0 : 2 stores
Line 0xea2062eab40 : 3 stores
Line 0xea2062c5e00 : 2 stores
Line 0xea206322a40 : 2 stores
Line 0x98f56904c800 : 1 stores
Line 0x98f56904a980 : 1 stores
Line 0xea2062c3f80 : 2 stores
Line 0x98f569042240 : 1 stores
Line 0xea20630b000 : 2 stores
Line 0x98f56903c080 : 2 stores
Line 0xea2063122c0 : 1 stores
Line 0x8ad330143900 : 1 stores
Line 0xe8035e392840 : 1 stores
Line 0x8ad330136180 : 4 stores
Line 0xea2063a9bc0 : 4 stores
Line 0xea2062f24c0 : 2 stores
Line 0x98f569052300 : 2 stores
Line 0xea2062cb900 : 1 stores
Line 0xea2062e6d00 : 3 stores
Line 0xea2062c3e40 : 2 stores
Line 0x98f56904a840 : 1 stores
Line 0xea206311780 : 2 stores
Line 0xa2132180600 : 1 stores
Line 0xea2062bb700 : 4 stores
Line 0x98f569042100 : 1 stores
Line 0x8ad330142dc0 : 2 stores
Line 0xe8035e391d00 : 2 stores
Line 0xea2063a9080 : 4 stores
Line 0xea2062ed480 : 1 stores
Line 0xea2062ca5c0 : 1 stores
Line 0xea206327200 : 2 stores
Line 0x98f569050fc0 : 2 stores
Line 0xea2062de480 : 1 stores
Line 0xea2062b9740 : 6 stores
Line 0xe8035e39d4c0 : 2 stores
Line 0x8ad330140e00 : 2 stores
Line 0x8ad330133680 : 3 stores
Line 0xea2063a70c0 : 1 stores
Line 0x98f56903e2c0 : 1 stores
Line 0xea2062b78c0 : 2 stores
Line 0xea206307080 : 3 stores
Line 0xea2062bd780 : 6 stores
Line 0x98f569042300 : 2 stores
Line 0xea2062bb900 : 2 stores
Line 0xea2062cecc0 : 3 stores
Line 0xea20632b900 : 3 stores
Line 0x98f5690556c0 : 2 stores
Line 0xea206329a80 : 6 stores
Line 0x98f569053840 : 1 stores
Line 0xea2062ddfc0 : 6 stores
Line 0x98f569062b40 : 2 stores
Line 0xea2062b9280 : 1 stores
Line 0xe8035e39d000 : 3 stores
Line 0x8ad330140940 : 2 stores
Line 0x8ad3301331c0 : 1 stores
Line 0xea2063a6c00 : 1 stores
Line 0xea206306bc0 : 4 stores
Line 0xea2062b9d80 : 6 stores
Line 0x98f56903e900 : 1 stores
Line 0xea2062b7f00 : 2 stores
Line 0x98f56908e0c0 : 1 stores
Line 0xea2063076c0 : 3 stores
Line 0xea2062e6dc0 : 1 stores
Line 0xea2062c3f00 : 4 stores
Line 0xea2062bb7c0 : 2 stores
Line 0x98f5690421c0 : 2 stores
Line 0x8ad330142e80 : 5 stores
Line 0xea2062e9380 : 4 stores
Line 0x98f56906df00 : 2 stores
Line 0xea2062e7500 : 1 stores
Line 0xea206311f80 : 1 stores
Line 0xea2062ee200 : 2 stores
Line 0x98f569072d80 : 1 stores
Line 0xea2062bf880 : 3 stores
Line 0xea2062d2280 : 1 stores
Line 0xea20632eec0 : 2 stores
Line 0x98f569058c80 : 2 stores
Line 0xea2062dedc0 : 2 stores
Line 0x8ad3301435c0 : 2 stores
Line 0xe8035e392500 : 1 stores
Line 0xea2063a9880 : 6 stores
Line 0x98f569042900 : 1 stores
Line 0xea206309840 : 2 stores
Line 0xa1abd7f37140 : 1 stores
Line 0x98f56906a440 : 1 stores
Line 0xea2062e3a40 : 3 stores
Line 0xea20631b940 : 3 stores
Line 0x98f569045700 : 1 stores
Line 0xea2062bed00 : 2 stores
Line 0xea20630e4c0 : 4 stores
Line 0xea2062d20c0 : 1 stores
Line 0xea20632ed00 : 4 stores
Line 0x98f569058ac0 : 1 stores
Line 0x98f569056c40 : 2 stores
Line 0xea20630eac0 : 1 stores
Line 0x28e837c5d4c0 : 17179 stores
Line 0xea2062ee1c0 : 1 stores
Line 0xea2062cb300 : 4 stores
Line 0xea2062c9480 : 6 stores
Line 0xea20630b140 : 2 stores
Line 0x98f56903c1c0 : 2 stores
Line 0xea206312400 : 1 stores
Line 0xe8035e3a0100 : 6 stores
Line 0x8ad330143a40 : 1 stores
Line 0xe8035e392980 : 1 stores
Line 0x8ad3301362c0 : 4 stores
Line 0xea2063a9d00 : 4 stores
Line 0xea2062f2600 : 2 stores
Line 0x98f569052440 : 2 stores
Line 0xea2062cba40 : 1 stores
Line 0xea2062e6e40 : 3 stores
Line 0xea2063118c0 : 2 stores
Line 0x8ad330142f00 : 2 stores
Line 0xe8035e391e40 : 2 stores
Line 0xea2063a91c0 : 4 stores
Line 0x98f56906a3c0 : 1 stores
Line 0xea2062e39c0 : 1 stores
Line 0xea20630e440 : 2 stores
Line 0xea2062d2040 : 2 stores
Line 0xea20632ec80 : 2 stores
Line 0x98f569058a40 : 1 stores
Line 0x98f569056bc0 : 3 stores
Line 0xe8035e39c140 : 5 stores
Line 0x8ad33013fa80 : 3 stores
Line 0xe8035e38e9c0 : 1 stores
Line 0xea2063a5d40 : 6 stores
Line 0xea206305d00 : 2 stores
Line 0xa1abd7f33600 : 1 stores
Line 0xea2062bfcc0 : 2 stores
Line 0xea20631aa80 : 4 stores
Line 0x98f569044840 : 2 stores
Line 0xea2062bde40 : 5 stores
Line 0xea20630d600 : 2 stores
Line 0xea2062c9900 : 4 stores
Line 0xea206326540 : 1 stores
Line 0x98f569050300 : 4 stores
Line 0xea20630ea40 : 2 stores
Line 0x28e837c5d440 : 30065 stores
Line 0x98f569042080 : 2 stores
Line 0xea2062bb680 : 2 stores
Line 0xea20630ae40 : 1 stores
Line 0xea206329800 : 6 stores
Line 0x98f5690535c0 : 1 stores
Line 0x6c6f1e456d40 : 1 stores
Line 0x98f5690a2d80 : 3 stores
Line 0xea2062e6b40 : 1 stores
Line 0xea2062c3c80 : 4 stores
Line 0xea2062bb540 : 2 stores
Line 0x8ad330142c00 : 5 stores
Line 0xea2062c34c0 : 1 stores
Line 0xea2062f5e40 : 4 stores
Line 0x98f56907a9c0 : 5 stores
Line 0xea2062f3fc0 : 1 stores
Line 0xea2062d1100 : 2 stores
Line 0xea20632dd40 : 6 stores
Line 0x98f569057b00 : 2 stores
Line 0xea20632bec0 : 3 stores
Line 0x98f569055c80 : 1 stores
Line 0xea2062cf280 : 2 stores
Line 0x98f569048800 : 6 stores
Line 0xea20631ea40 : 2 stores
Line 0xea2063116c0 : 1 stores
Line 0x8ad330142d00 : 1 stores
Line 0x98f56909a080 : 4 stores
Line 0x98f56903d440 : 3 stores
Line 0xea206313680 : 1 stores
Line 0xea20630af40 : 3 stores
Line 0xea206312200 : 3 stores
Line 0x8ad330143840 : 2 stores
Line 0xe8035e392780 : 1 stores
Line 0x8ad3301360c0 : 6 stores
Line 0xea2063a9b00 : 6 stores
Line 0xea206309ac0 : 2 stores
Line 0xa1abd7f373c0 : 1 stores
Line 0xea2062ee480 : 2 stores
Line 0xea2062bfb00 : 3 stores
Line 0xea2062bdc80 : 6 stores
Line 0xea2062d2500 : 1 stores
Line 0xea20632f140 : 3 stores
Line 0x98f569058f00 : 2 stores
Line 0xea2062f6140 : 2 stores
Line 0x98f56907acc0 : 2 stores
Line 0xea2062e5280 : 6 stores
Line 0x98f569069e00 : 2 stores
Line 0xea2062e3400 : 3 stores
Line 0xea20631b300 : 3 stores
Line 0x98f5690450c0 : 1 stores
Line 0xea2062be6c0 : 2 stores
Line 0xea20630de80 : 4 stores
Line 0xea2062d1a80 : 5 stores
Line 0xea20632e6c0 : 4 stores
Line 0x98f569058480 : 1 stores
Line 0x98f5690a5dc0 : 3 stores
Line 0xea20631f3c0 : 2 stores
Line 0xea2062beb40 : 1 stores
Line 0xea20630e300 : 2 stores
Line 0xea20630e500 : 1 stores
Line 0xea2062bf700 : 1 stores
Line 0x98f569056c80 : 1 stores
Line 0x98f5690a6440 : 2 stores
Line 0x98f569049800 : 1 stores
Line 0xea20631fa40 : 3 stores
Line 0xea2062be5c0 : 1 stores
Line 0xea20631b200 : 1 stores
Line 0x98f569044fc0 : 2 stores
Line 0xea2062ca540 : 1 stores
Line 0xea206327180 : 1 stores
Line 0x98f569050f40 : 1 stores
Line 0xfdfd3a7c5640 : 1 stores
Line 0x98f569092900 : 1 stores
Line 0xea20630bf00 : 2 stores
Line 0xea2062cfb00 : 1 stores
Line 0x98f569056500 : 1 stores
Line 0xea20632a8c0 : 1 stores
Line 0x98f569054680 : 1 stores
Line 0xea2062cdc80 : 1 stores
Line 0xea2062e5600 : 2 stores
Line 0xea2062f6b40 : 2 stores
Line 0x98f569056980 : 1 stores
Line 0xea2062cff80 : 1 stores
Line 0x98f5690a6140 : 4 stores
Line 0x98f569049500 : 1 stores
Line 0xea20631f740 : 1 stores
Line 0x98f56907aa40 : 2 stores
Line 0xea20632bf40 : 3 stores
Line 0x98f569055d00 : 2 stores
Line 0xea2062cf300 : 1 stores
Line 0xea2062c3640 : 4 stores
Line 0x98f56907e440 : 1 stores
Line 0xea2062f7a40 : 2 stores
Line 0x98f56904c280 : 1 stores
Line 0xea2063224c0 : 3 stores
Line 0xe8035e39ec80 : 2 stores
Line 0x8ad3301425c0 : 5 stores
Line 0xea2062b9080 : 4 stores
Line 0xea2062eaa00 : 3 stores
Line 0xea2062ded80 : 2 stores
Line 0xea2062d3e40 : 3 stores
Line 0xea20632ec00 : 1 stores
Line 0x98f5690589c0 : 2 stores
Line 0xea2062d1fc0 : 4 stores
Line 0xea2062bb080 : 1 stores
Line 0xa213217ff80 : 1 stores
Line 0x98f56908e740 : 4 stores
Line 0xea206307d40 : 1 stores
Line 0xa1abd7f35640 : 4 stores
Line 0xea2062f2740 : 2 stores
Line 0x98f569052580 : 2 stores
Line 0xea2062cbb80 : 1 stores
Line 0xea20630aec0 : 1 stores
Line 0xea206312180 : 1 stores
Line 0xea2062defc0 : 1 stores
Line 0x8ad3301437c0 : 1 stores
Line 0xe8035e392700 : 1 stores
Line 0x8ad330136040 : 4 stores
Line 0xea2063a9a80 : 4 stores
Line 0xea2062f2380 : 2 stores
Line 0x98f5690521c0 : 2 stores
Line 0xea2062cb7c0 : 1 stores
Line 0xea2062ca7c0 : 1 stores
Line 0xfdfd3a7c58c0 : 4 stores
Line 0xea2062d3580 : 3 stores
Line 0xea20632e340 : 1 stores
Line 0x98f569058100 : 2 stores
Line 0xea2062d1700 : 4 stores
Line 0xea2062c3300 : 2 stores
Line 0xea2062f9580 : 5 stores
Line 0xea20632f600 : 2 stores
Line 0x98f5690593c0 : 1 stores
Line 0xea2062d29c0 : 4 stores
Line 0x98f56904bf40 : 2 stores
Line 0xea206322180 : 2 stores
Line 0xe8035e39e940 : 4 stores
Line 0x8ad330142280 : 2 stores
Line 0xea2062bb840 : 4 stores
Line 0xa2132180740 : 1 stores
Line 0xe8035e3ce1c0 : 2 stores
Line 0xd79e62986a80 : 4 stores
Line 0xa1abd7f35e00 : 2 stores
Line 0xea206326ec0 : 1 stores
Line 0x98f569050c80 : 4 stores
Line 0xea2062ca280 : 3 stores
Line 0x98f569043800 : 2 stores
Line 0xea206319a40 : 4 stores
Line 0xea2062c3c00 : 2 stores
Line 0xea2062bb4c0 : 1 stores
Line 0x8ad330142b80 : 6 stores
Line 0xea2062bf500 : 1 stores
Line 0x98f56907a300 : 6 stores
Line 0xea2062f3900 : 1 stores
Line 0x98f569048140 : 4 stores
Line 0xea20631e380 : 1 stores
Line 0xea2062f66c0 : 1 stores
Line 0xea2062d3800 : 3 stores
Line 0xea20632e5c0 : 1 stores
Line 0x98f569058380 : 2 stores
Line 0xea2062d1980 : 4 stores
Line 0x98f569066d40 : 4 stores
Line 0xea2062bd480 : 4 stores
Line 0x98f569042000 : 2 stores
Line 0xea2062bb600 : 1 stores
Line 0xea20630adc0 : 2 stores
Line 0xea2062ce9c0 : 1 stores
Line 0xea20632b600 : 3 stores
Line 0x98f5690553c0 : 1 stores
Line 0xea206329780 : 4 stores
Line 0x98f569053540 : 1 stores
Line 0x8ad3301436c0 : 2 stores
Line 0xe8035e392600 : 3 stores
Line 0xea2063a9980 : 2 stores
Line 0xea206309940 : 4 stores
Line 0xa1abd7f37240 : 3 stores
Line 0xea2062cd540 : 5 stores
Line 0xea20632a180 : 4 stores
Line 0x98f569053f40 : 1 stores
Line 0x98f5690520c0 : 6 stores
Line 0xea2062cb6c0 : 4 stores
Line 0x98f569044c40 : 1 stores
Line 0xea20631ae80 : 1 stores
Line 0xea2062c3d40 : 2 stores
Line 0xea206311680 : 6 stores
Line 0x8ad330142cc0 : 6 stores
Line 0xea2062bf640 : 1 stores
Line 0x98f56907a440 : 6 stores
Line 0xea2062f3a40 : 1 stores
Line 0x98f569048280 : 4 stores
Line 0xea20631e4c0 : 1 stores
Line 0xea2062f6800 : 1 stores
Line 0xea2062d3940 : 3 stores
Line 0xea20632e700 : 1 stores
Line 0x98f5690584c0 : 2 stores
Line 0xea2062d1ac0 : 4 stores
Line 0xea20630ea80 : 2 stores
Line 0x28e837c5d480 : 34366 stores
Line 0xea2062bd5c0 : 4 stores
Line 0xea20630af00 : 2 stores
Line 0xea2062ceb00 : 1 stores
Line 0xea20632b740 : 3 stores
Line 0x98f569055500 : 1 stores
Line 0xea2063298c0 : 4 stores
Line 0x98f569053680 : 1 stores
Line 0x8ad330143800 : 2 stores
Line 0xe8035e392740 : 3 stores
Line 0x8ad330136080 : 2 stores
Line 0xea2063a9ac0 : 2 stores
Line 0xea206309a80 : 4 stores
Line 0xa1abd7f37380 : 3 stores
Line 0xea2062cd680 : 5 stores
Line 0x98f569052200 : 6 stores
Line 0xea2062cb800 : 4 stores
Line 0x98f569044d80 : 1 stores
Line 0xea20631afc0 : 1 stores
Line 0x98f569069e40 : 1 stores
Line 0xea2062e3440 : 1 stores
Line 0xea20631b340 : 1 stores
Line 0x98f569045100 : 2 stores
Line 0xea2062be700 : 1 stores
Line 0xea20630dec0 : 2 stores
Line 0x98f569056640 : 1 stores
Line 0xea2062cfc40 : 1 stores
Line 0xea2062e6800 : 3 stores
Line 0xea2062f9bc0 : 5 stores
Line 0xa2132180fc0 : 1 stores
Line 0xe8035e3cea40 : 2 stores
Line 0xd79e62987300 : 3 stores
Line 0xea20632fc40 : 2 stores
Line 0x98f569059a00 : 1 stores
Line 0xea2062d3000 : 1 stores
Line 0xea20630eb00 : 4 stores
Line 0x28e837c5d500 : 17180 stores
Line 0xea2062d39c0 : 3 stores
Line 0xe8035e39ef80 : 4 stores
Line 0x8ad3301428c0 : 2 stores
Line 0xea206315fc0 : 1 stores
Line 0x98f56903fd80 : 1 stores
Line 0xea2062b9380 : 6 stores
Line 0xea20632fa00 : 3 stores
Line 0x98f5690597c0 : 2 stores
Line 0xea2062d2dc0 : 1 stores
Line 0x98f569069f80 : 1 stores
Line 0xea2062e3580 : 1 stores
Line 0xea20630e000 : 1 stores
Line 0xea20630e3c0 : 1 stores
Line 0x98f569056b40 : 1 stores
Line 0x98f5690a6300 : 2 stores
Line 0x98f5690496c0 : 1 stores
Line 0xea20631f900 : 3 stores
Line 0xea20632a9c0 : 2 stores
Line 0xe8035e39c0c0 : 6 stores
Line 0x8ad33013fa00 : 1 stores
Line 0xe8035e38e940 : 1 stores
Line 0xea2063a5cc0 : 4 stores
Line 0xea2062ee5c0 : 2 stores
Line 0xea2062bfc40 : 3 stores
Line 0xea2062bddc0 : 6 stores
Line 0xea2062ea640 : 3 stores
Line 0x98f56904a480 : 1 stores
Line 0xea2062c3a80 : 2 stores
Line 0x98f56903d000 : 1 stores
Line 0xea206313240 : 1 stores
Line 0xea2062e1500 : 1 stores
Line 0xea2062be640 : 1 stores
Line 0xea20631b280 : 3 stores
Line 0x98f569045040 : 2 stores
Line 0x98f569092980 : 2 stores
Line 0xea20630bf80 : 1 stores
Line 0xea2062e5540 : 1 stores
Line 0xea2062c2680 : 1 stores
Line 0xea20631f2c0 : 3 stores
Line 0x98f569049080 : 1 stores
Line 0xea2062f6a80 : 1 stores
Line 0xea2062d3bc0 : 3 stores
Line 0xea20632e980 : 1 stores
Line 0x98f569058740 : 2 stores
Line 0xea2062d1d40 : 4 stores
Line 0xea2062ed4c0 : 5 stores
Line 0xea206319900 : 4 stores
Line 0x98f5690436c0 : 2 stores
Line 0xea2062e53c0 : 6 stores
Line 0x98f569069f40 : 2 stores
Line 0xea2062e3540 : 3 stores
Line 0xea20631b440 : 3 stores
Line 0x98f569045200 : 1 stores
Line 0xea2062be800 : 2 stores
Line 0xea20630dfc0 : 4 stores
Line 0xea2062d1bc0 : 5 stores
Line 0xea20632e800 : 4 stores
Line 0x98f5690585c0 : 1 stores
Line 0x98f5690a5f00 : 3 stores
Line 0xea20631f500 : 2 stores
Line 0xea2062ef480 : 2 stores
Line 0x98f569075e80 : 2 stores
Line 0xea2062ed600 : 5 stores
Line 0xea20632e2c0 : 1 stores
Line 0x98f569058080 : 4 stores
Line 0xea2062d1680 : 1 stores
Line 0xea2062ca680 : 1 stores
Line 0xfdfd3a7c5780 : 3 stores
Line 0xea20632aa00 : 1 stores
Line 0x98f5690547c0 : 1 stores
Line 0xea2062cddc0 : 1 stores
Line 0xea2062e6c80 : 1 stores
Line 0xea2062c3dc0 : 4 stores
Line 0x8ad330142d40 : 5 stores
Line 0xea2062bd640 : 6 stores
Line 0xea20630af80 : 1 stores
Line 0xea2062ceb80 : 3 stores
Line 0xea20632b7c0 : 3 stores
Line 0x98f569055580 : 2 stores
Line 0xea206329940 : 6 stores
Line 0x98f569053700 : 1 stores
Line 0x98f56907ab80 : 2 stores
Line 0x98f569055e40 : 2 stores
Line 0xea2062cf440 : 1 stores
Line 0x98f56907ac40 : 5 stores
Line 0xea2062d1380 : 2 stores
Line 0xea20632dfc0 : 6 stores
Line 0x98f569057d80 : 2 stores
Line 0x98f569048a80 : 6 stores
Line 0xea20631ecc0 : 2 stores
Line 0xea2062e5200 : 4 stores
Line 0xea2062e3380 : 1 stores
Line 0xea20630de00 : 1 stores
Line 0xea2062d1a00 : 6 stores
Line 0xea20632e640 : 2 stores
Line 0x98f569058400 : 1 stores
Line 0xea2062e6940 : 3 stores
Line 0xea20632fd80 : 2 stores
Line 0x98f569059b40 : 1 stores
Line 0xea2062d3140 : 1 stores
Line 0x8ad330142a00 : 2 stores
Line 0xea20632fb40 : 3 stores
Line 0x98f569059900 : 2 stores
Line 0xea2062d2f00 : 1 stores
Line 0xea2062bbfc0 : 4 stores
Line 0xa2132180ec0 : 1 stores
Line 0xea20630e140 : 1 stores
Line 0x98f5690a6080 : 2 stores
Line 0x98f569049440 : 1 stores
Line 0xea20631f680 : 3 stores
Line 0xea2062e6f00 : 1 stores
Line 0x8ad330142fc0 : 5 stores
Line 0x98f5690424c0 : 1 stores
Line 0xea20630b280 : 2 stores
Line 0x98f56903c300 : 2 stores
Line 0xea206312540 : 1 stores
Line 0xea2062cd9c0 : 6 stores
Line 0x98f569052540 : 4 stores
Line 0xea2062cbb40 : 2 stores
Line 0xea2062bd540 : 1 stores
Line 0xea20631a180 : 1 stores
Line 0x98f569043f40 : 1 stores
Line 0x98f5690420c0 : 1 stores
Line 0xea2062bb6c0 : 1 stores
Line 0xea20630ae80 : 3 stores
Line 0xea2062ef840 : 2 stores
Line 0x98f569076240 : 1 stores
Line 0xea2062f6780 : 2 stores
Line 0xea2062d38c0 : 1 stores
Line 0xea20632e680 : 1 stores
Line 0x98f569058440 : 4 stores
Line 0xea2062d1a40 : 1 stores
Line 0xea2062de980 : 1 stores
Line 0xea2062b9c40 : 6 stores
Line 0x98f56903e7c0 : 1 stores
Line 0xea2062b7dc0 : 2 stores
Line 0x98f56908df80 : 3 stores
Line 0xea206307580 : 3 stores
Line 0x98f569042800 : 2 stores
Line 0xea2062bbe00 : 2 stores
Line 0xea2062cf1c0 : 1 stores
Line 0xea20632be00 : 3 stores
Line 0x98f569055bc0 : 2 stores
Line 0xea2062c33c0 : 4 stores
Line 0x98f569049dc0 : 1 stores
Line 0x98f56907e1c0 : 1 stores
Line 0xea2062f77c0 : 2 stores
Line 0x98f56904c000 : 1 stores
Line 0xea206322240 : 3 stores
Line 0xe8035e39ea00 : 2 stores
Line 0x8ad330142340 : 5 stores
Line 0xa1abd7f35ec0 : 5 stores
Line 0xea2062edd00 : 6 stores
Line 0x98f569072880 : 1 stores
Line 0xea2062ebe80 : 2 stores
Line 0xea2062d1d80 : 2 stores
Line 0xea20632e9c0 : 2 stores
Line 0x98f569058780 : 2 stores
Line 0x8ad3301430c0 : 2 stores
Line 0xe8035e392000 : 1 stores
Line 0xea2063a9380 : 6 stores
Line 0x98f569042480 : 1 stores
Line 0xea2062bba80 : 1 stores
Line 0xea2062e5500 : 6 stores
Line 0x98f56906a080 : 1 stores
Line 0xea2062e3680 : 3 stores
Line 0xea20631b580 : 3 stores
Line 0x98f569045340 : 1 stores
Line 0xea2062be940 : 2 stores
Line 0xea20630e100 : 4 stores
Line 0xea2062d1d00 : 5 stores
Line 0xea20632e940 : 4 stores
Line 0x98f569058700 : 1 stores
Line 0xea2062ed6c0 : 6 stores
Line 0x98f569072240 : 1 stores
Line 0xea2062eb840 : 2 stores
Line 0xea2062f6480 : 3 stores
Line 0xea2062d1740 : 2 stores
Line 0xea20632e380 : 2 stores
Line 0x98f569058140 : 2 stores
Line 0x98f569048e40 : 6 stores
Line 0xea20631f080 : 1 stores
Line 0xea2062e55c0 : 4 stores
Line 0x98f56906a140 : 1 stores
Line 0xea2062e3740 : 1 stores
Line 0xea20630e1c0 : 2 stores
Line 0xea2062d1dc0 : 6 stores
Line 0xea20632ea00 : 2 stores
Line 0x98f5690587c0 : 1 stores
Line 0xea206311a40 : 6 stores
Line 0x8ad330143080 : 2 stores
Line 0xe8035e391fc0 : 1 stores
Line 0xea2063a9340 : 2 stores
Line 0xea2062bfa00 : 1 stores
Line 0xea20631a7c0 : 1 stores
Line 0x98f569044580 : 2 stores
Line 0xea2062bdb80 : 1 stores
Line 0x98f56907a800 : 6 stores
Line 0xea2062f3e00 : 1 stores
Line 0x98f569048640 : 4 stores
Line 0xea20631e880 : 1 stores
Line 0xea2062e2700 : 4 stores
Line 0x98f569042540 : 1 stores
Line 0xea20630b300 : 1 stores
Line 0x98f56903c380 : 3 stores
Line 0xea2063125c0 : 3 stores
Line 0xea2062d28c0 : 1 stores
Line 0xea20632f500 : 3 stores
Line 0x98f5690592c0 : 2 stores
Line 0xea20632d680 : 4 stores
Line 0x98f569057440 : 3 stores
Line 0xea2062b9d00 : 4 stores
Line 0x98f56903e880 : 1 stores
Line 0xea2062b7e80 : 1 stores
Line 0x98f56908e040 : 2 stores
Line 0xea206307640 : 3 stores
Line 0xea2062ee100 : 2 stores
Line 0xea2062cb240 : 2 stores
Line 0xea2062c93c0 : 5 stores
Line 0x98f5690428c0 : 3 stores
Line 0xea2062bbec0 : 1 stores
Line 0x98f569092080 : 2 stores
Line 0xea20630b680 : 2 stores
Line 0xea2062bfb40 : 1 stores
Line 0xea20631a900 : 1 stores
Line 0x98f5690446c0 : 2 stores
Line 0xea2062bdcc0 : 1 stores
Line 0x98f56907a940 : 6 stores
Line 0xea2062f3f40 : 1 stores
Line 0xea2062d1080 : 5 stores
Line 0xea20632dcc0 : 4 stores
Line 0x98f569057a80 : 3 stores
Line 0x98f569048780 : 4 stores
Line 0xea20631e9c0 : 1 stores
Line 0xe8035e39ea80 : 4 stores
Line 0x8ad3301423c0 : 2 stores
Line 0xea2062bb980 : 4 stores
Line 0xa2132180880 : 1 stores
Line 0xe8035e3ce300 : 2 stores
Line 0xd79e62986bc0 : 4 stores
Line 0xea206327000 : 4 stores
Line 0x98f569050dc0 : 4 stores
Line 0xea2062ca3c0 : 3 stores
Line 0x98f569043940 : 2 stores
Line 0xea206319b80 : 4 stores
Line 0x98f56906a1c0 : 1 stores
Line 0xea2062e37c0 : 3 stores
Line 0xea20631b6c0 : 3 stores
Line 0x98f569045480 : 1 stores
Line 0xea2062bea80 : 2 stores
Line 0xea20630e240 : 4 stores
Line 0xea2062d1e40 : 5 stores
Line 0xea20632ea80 : 4 stores
Line 0x98f569058840 : 1 stores
Line 0x8ad330143180 : 1 stores
Line 0xe8035e3920c0 : 1 stores
Line 0xea2063a9440 : 4 stores
Line 0xea2062e6a80 : 3 stores
Line 0x8ad330142b40 : 2 stores
Line 0xea20630e280 : 1 stores
Line 0x98f569056a00 : 1 stores
Line 0x98f5690a61c0 : 2 stores
Line 0x98f569049580 : 1 stores
Line 0xea20631f7c0 : 3 stores
Line 0x8ad330143100 : 1 stores
Line 0x98f569042600 : 1 stores
Line 0x98f569091dc0 : 3 stores
Line 0xea20630b3c0 : 2 stores
Line 0xea20631b2c0 : 1 stores
Line 0x98f569045080 : 1 stores
Line 0xea2062be680 : 2 stores
Line 0x98f5690565c0 : 1 stores
Line 0xea2062cfbc0 : 1 stores
Line 0xea2062e5380 : 2 stores
Line 0xea2062c24c0 : 1 stores
Line 0xea20631f100 : 1 stores
Line 0x98f569048ec0 : 5 stores
Line 0xea2062f68c0 : 2 stores
Line 0xea2062c6500 : 1 stores
Line 0xea206323140 : 1 stores
Line 0x98f56904cf00 : 1 stores
Line 0x98f569092100 : 1 stores
Line 0xea20630b700 : 4 stores
Line 0xea2062c3500 : 4 stores
Line 0x98f569049f00 : 1 stores
Line 0x98f56907e300 : 1 stores
Line 0xea2062f7900 : 2 stores
Line 0x98f56904c140 : 1 stores
Line 0xea206322380 : 3 stores
Line 0xe8035e39eb40 : 2 stores
Line 0x8ad330142480 : 5 stores
Line 0xea2062ede40 : 6 stores
Line 0x98f5690729c0 : 1 stores
Line 0xea2062ebfc0 : 2 stores
Line 0xea2062d1ec0 : 2 stores
Line 0xea20632eb00 : 2 stores
Line 0x98f5690588c0 : 2 stores
Line 0x98f569056a40 : 1 stores
Line 0x8ad330143200 : 2 stores
Line 0xe8035e392140 : 1 stores
Line 0xea2063a94c0 : 6 stores
Line 0x98f5690425c0 : 1 stores
Line 0xea2062bbbc0 : 1 stores
Line 0xea2062f6500 : 2 stores
Line 0x8ad330142bc0 : 1 stores
Line 0xea2062ed800 : 6 stores
Line 0x98f569072380 : 1 stores
Line 0xea2062eb980 : 2 stores
Line 0xea2062f65c0 : 3 stores
Line 0xea2062d1880 : 2 stores
Line 0xea20632e4c0 : 2 stores
Line 0x98f569058280 : 2 stores
Line 0x98f56906a280 : 1 stores
Line 0xea2062e3880 : 1 stores
Line 0xea2062d1f00 : 6 stores
Line 0xea20632eb40 : 2 stores
Line 0x98f569058900 : 1 stores
Line 0x98f569056a80 : 3 stores
Line 0x8ad3301431c0 : 2 stores
Line 0xe8035e392100 : 3 stores
Line 0xea2063a9480 : 2 stores
Line 0xea2062e2840 : 4 stores
Line 0x98f569042680 : 1 stores
Line 0x98f569091e40 : 2 stores
Line 0xea20630b440 : 1 stores
Line 0xea2062c2580 : 2 stores
Line 0xea20631f1c0 : 1 stores
Line 0x98f569048f80 : 6 stores
Line 0x98f569042a00 : 3 stores
Line 0x98f5690921c0 : 2 stores
Line 0xea20630b7c0 : 2 stores
Line 0xea2062c3580 : 2 stores
Line 0x98f569049f80 : 1 stores
Line 0xea20632f880 : 2 stores
Line 0x98f569059640 : 1 stores
Line 0xea2062d2c40 : 4 stores
Line 0x98f56904c1c0 : 1 stores
Line 0xea206322400 : 2 stores
Line 0xe8035e39ebc0 : 4 stores
Line 0x8ad330142500 : 2 stores
Line 0xea20632f640 : 3 stores
Line 0x98f569059400 : 2 stores
Line 0xea2062d2a00 : 1 stores
Line 0xea2062bbac0 : 4 stores
Line 0xa21321809c0 : 1 stores
Line 0xe8035e3ce440 : 2 stores
Line 0xd79e62986d00 : 4 stores
Line 0xea206327140 : 4 stores
Line 0x98f569050f00 : 4 stores
Line 0xea2062ca500 : 3 stores
Line 0x98f569043a80 : 2 stores
Line 0xea206319cc0 : 4 stores
Line 0xea2062deac0 : 1 stores
Line 0x8ad3301432c0 : 1 stores
Line 0xe8035e392200 : 1 stores
Line 0xea2063a9580 : 4 stores
Line 0xea2062e6bc0 : 3 stores
Line 0xea206311640 : 2 stores
Line 0x8ad330142c80 : 2 stores
Line 0xea2062dea40 : 1 stores
Line 0x8ad330143240 : 1 stores
Line 0x98f569042740 : 1 stores
Line 0x98f569091f00 : 3 stores
Line 0xea20630b500 : 2 stores
Line 0xea2062be7c0 : 2 stores
Line 0x98f569056700 : 1 stores
Line 0xea2062cfd00 : 1 stores
Line 0xea2062e54c0 : 2 stores
Line 0xea2062c2600 : 1 stores
Line 0xea20631f240 : 1 stores
Line 0x98f569049000 : 1 stores
Line 0xea2062f6a00 : 2 stores
Line 0xea2062d3b40 : 1 stores
Line 0xea20632e900 : 1 stores
Line 0x98f5690586c0 : 4 stores
Line 0xea2062d1cc0 : 1 stores
Line 0xea2062b9ec0 : 6 stores
Line 0x98f56903ea40 : 1 stores
Line 0xea2062d3900 : 2 stores
Line 0xea2062bab40 : 2 stores
Line 0xa213217fa40 : 1 stores
Line 0x98f56908e200 : 1 stores
Line 0xea206307800 : 3 stores
Line 0xa1abd7f35100 : 5 stores
Line 0xea2062cb400 : 1 stores
Line 0xea2062c9580 : 2 stores
Line 0xea2062bdf00 : 6 stores
Line 0x98f569042a80 : 2 stores
Line 0x98f569092240 : 1 stores
Line 0xea20630b840 : 4 stores
Line 0xea2062edf80 : 6 stores
Line 0x98f569072b00 : 1 stores
Line 0xea2062bf600 : 3 stores
Line 0xea2062d2000 : 1 stores
Line 0xea20632ec40 : 2 stores
Line 0x98f569058a00 : 2 stores
Line 0x98f569056b80 : 1 stores
Line 0xea2062deb40 : 2 stores
Line 0x8ad330143340 : 2 stores
Line 0xe8035e392280 : 1 stores
Line 0xea2063a9600 : 6 stores
Line 0x98f569042700 : 1 stores
Line 0xea2062bbd00 : 1 stores
Line 0x98f569056480 : 1 stores
Line 0xea2062cfa80 : 1 stores
Line 0x8ad330143300 : 2 stores
Line 0xe8035e392240 : 3 stores
Line 0xea2063a95c0 : 2 stores
Line 0xea2062e2980 : 4 stores
Line 0x98f5690427c0 : 1 stores
Line 0x98f569091f80 : 2 stores
Line 0xea20630b580 : 1 stores
Line 0xea2062c26c0 : 2 stores
Line 0xea2062b9f80 : 4 stores
Line 0x98f56903eb00 : 1 stores
Line 0x98f56908e2c0 : 2 stores
Line 0xea2063078c0 : 3 stores
Line 0xa1abd7f351c0 : 6 stores
Line 0xea20632f9c0 : 2 stores
Line 0x98f569059780 : 1 stores
Line 0xea2062d2d80 : 4 stores
Line 0x98f56904c300 : 1 stores
Line 0xea206322540 : 2 stores
Line 0xe8035e39ed00 : 4 stores
Line 0x8ad330142640 : 2 stores
Line 0xea2062b9100 : 6 stores
Line 0xea20632f780 : 3 stores
Line 0x98f569059540 : 2 stores
Line 0xea2062d2b40 : 1 stores
Line 0xea2062bbc00 : 4 stores
Line 0xa2132180b00 : 1 stores
Line 0xe8035e3ce580 : 2 stores
Line 0xd79e62986e40 : 4 stores
Line 0xea2062e7340 : 1 stores
Line 0xea206311dc0 : 2 stores
Line 0xea2062dec00 : 1 stores
Line 0x8ad330143400 : 1 stores
Line 0xe8035e392340 : 1 stores
Line 0xea2063a96c0 : 4 stores
Line 0xea2062deb80 : 1 stores
Line 0x8ad330143380 : 1 stores
Line 0xea206309600 : 6 stores
Line 0xa1abd7f36f00 : 1 stores
Line 0x98f569042880 : 1 stores
Line 0xa2132180d80 : 1 stores
Line 0xea2062bbe80 : 4 stores
Line 0x98f569092040 : 1 stores
Line 0xea20630b640 : 2 stores
Line 0x98f569056840 : 1 stores
Line 0xea2062cfe40 : 1 stores
Line 0x98f5690a6000 : 4 stores
Line 0x98f5690493c0 : 1 stores
Line 0xea20631f600 : 1 stores
Line 0xea2062c2740 : 1 stores
Line 0xea20631f380 : 1 stores
Line 0x98f569049140 : 1 stores
Line 0xea2062d3c80 : 1 stores
Line 0xea20632ea40 : 1 stores
Line 0x98f569058800 : 4 stores
Line 0xea2062d1e00 : 1 stores
Line 0xea2062ba000 : 2 stores
Line 0x98f56903eb80 : 1 stores
Line 0x98f56908e340 : 1 stores
Line 0xea206307940 : 3 stores
Line 0xa1abd7f35240 : 5 stores
Line 0xea2062e6640 : 1 stores
Line 0xea2062c3780 : 4 stores
Line 0x98f56907e580 : 1 stores
Line 0xea2062f7b80 : 2 stores
Line 0xe8035e39edc0 : 2 stores
Line 0x8ad330142700 : 5 stores
Line 0xea206315e00 : 2 stores
Line 0x98f56903fbc0 : 1 stores
Line 0xea2062b91c0 : 4 stores
Line 0xea2062e9240 : 4 stores
Line 0x98f56906ddc0 : 2 stores
Line 0xea2062e73c0 : 1 stores
Line 0xea206311e40 : 1 stores
Line 0xea2062ee0c0 : 2 stores
Line 0x98f569072c40 : 1 stores
Line 0xea2062bf740 : 3 stores
Line 0xea2062f6e80 : 3 stores
Line 0xea2062f5000 : 1 stores
Line 0xea2062d2140 : 1 stores
Line 0xea20632ed80 : 2 stores
Line 0x98f569058b40 : 2 stores
Line 0x98f569056cc0 : 1 stores
Line 0xea2062dec80 : 2 stores
Line 0x8ad330143480 : 2 stores
Line 0xe8035e3923c0 : 1 stores
Line 0xea2063a9740 : 6 stores
Line 0xea206309700 : 2 stores
Line 0xa1abd7f37000 : 1 stores
Line 0x98f569042840 : 1 stores
Line 0xea2062bbe40 : 1 stores
Line 0x98f569092000 : 4 stores
Line 0xea20630b600 : 1 stores
Line 0x8ad330143440 : 2 stores
Line 0xe8035e392380 : 3 stores
Line 0xea2063a9700 : 2 stores
Line 0xea2063096c0 : 4 stores
Line 0xa1abd7f36fc0 : 2 stores
Line 0xea2062c64c0 : 3 stores
Line 0xea206323100 : 4 stores
Line 0x98f56904cec0 : 1 stores
Line 0x98f56909a800 : 4 stores
Line 0x98f56903dbc0 : 3 stores
Line 0xea206313e00 : 1 stores
Line 0xea2062d7a00 : 3 stores
Line 0x98f5690920c0 : 2 stores
Line 0xea20630b6c0 : 1 stores
Line 0xea2062c2800 : 2 stores
Line 0x98f56903ec40 : 1 stores
Line 0x98f56908e400 : 2 stores
Line 0xea206307a00 : 3 stores
Line 0xa1abd7f35300 : 6 stores
Line 0xea2062e66c0 : 3 stores
Line 0xea20632fb00 : 2 stores
Line 0x98f5690598c0 : 1 stores
Line 0xea2062d2ec0 : 4 stores
Line 0xe8035e39ee40 : 4 stores
Line 0x8ad330142780 : 2 stores
Line 0xea206315e80 : 1 stores
Line 0x98f56903fc40 : 1 stores
Line 0xea2062b9240 : 6 stores
Line 0xea20632f8c0 : 3 stores
Line 0x98f569059680 : 2 stores
Line 0xea2062d2c80 : 1 stores
Line 0xea2062bbd40 : 4 stores
Line 0xa2132180c40 : 1 stores
Line 0xe8035e3ce6c0 : 2 stores
Line 0xd79e62986f80 : 4 stores
Line 0x98f56906de80 : 2 stores
Line 0xea2062e7480 : 1 stores
Line 0xea206311f00 : 2 stores
Line 0xea2062ded40 : 1 stores
Line 0x8ad330143540 : 1 stores
Line 0xe8035e392480 : 1 stores
Line 0xea2063a9800 : 4 stores
Line 0xea2062decc0 : 1 stores
Line 0x8ad3301434c0 : 1 stores
Line 0xea206309740 : 6 stores
Line 0xa1abd7f37040 : 3 stores
Line 0xea2062e9440 : 1 stores
Line 0xea2062c6580 : 1 stores
Line 0xea2063231c0 : 2 stores
Line 0x98f56904cf80 : 1 stores
Line 0x98f569092180 : 1 stores
Line 0xea20630b780 : 2 stores
Line 0xea2062e1a00 : 1 stores
Line 0xea2062d3dc0 : 1 stores
Line 0xea20632eb80 : 1 stores
Line 0x98f569058940 : 4 stores
Line 0xea2062d1f40 : 1 stores
Line 0x98f56904b4c0 : 1 stores
Line 0xea206321700 : 4 stores
Line 0xea2062dd000 : 5 stores
Line 0x98f56903ecc0 : 1 stores
Line 0x98f56908e480 : 1 stores
Line 0xea206307a80 : 3 stores
Line 0xa1abd7f35380 : 5 stores
Line 0xea2062e6780 : 1 stores
Line 0xea2062c38c0 : 4 stores
Line 0xea2062f9b40 : 6 stores
Line 0x98f56907e6c0 : 1 stores
Line 0xea2062f7cc0 : 2 stores
Line 0xea2062bb180 : 2 stores
Line 0xe8035e39ef00 : 2 stores
Line 0x8ad330142840 : 5 stores
Line 0xea206315f40 : 2 stores
Line 0x98f56903fd00 : 1 stores
Line 0xea2062b9300 : 4 stores
Line 0xea2062c6540 : 3 stores
Line 0x98f56909a880 : 2 stores
Line 0x98f56903dc40 : 2 stores
Line 0xea206313e80 : 2 stores
Line 0x98f569042980 : 1 stores
Line 0xea2062bbf80 : 1 stores
Line 0x98f569092140 : 4 stores
Line 0xea20630b740 : 1 stores
Line 0x8ad330143580 : 2 stores
Line 0xe8035e3924c0 : 3 stores
Line 0xea2063a9840 : 2 stores
Line 0xea206309800 : 4 stores
Line 0xa1abd7f37100 : 3 stores
Line 0xea2062c6600 : 3 stores
Line 0xea206323240 : 4 stores
Line 0x98f56904d000 : 1 stores
Line 0x98f56909a940 : 4 stores
Line 0x98f56903dd00 : 3 stores
Line 0xea206313f40 : 1 stores
Line 0x98f569042a40 : 1 stores
Line 0x98f569092200 : 2 stores
Line 0xea20630b800 : 1 stores
Line 0x98f56903ff80 : 1 stores
Line 0xea2063161c0 : 1 stores
Line 0xea2062c7c40 : 2 stores
Line 0x98f56904e640 : 1 stores
Line 0xea2062c6c40 : 3 stores
Line 0xea206323880 : 4 stores
Line 0x98f56904d640 : 1 stores
Line 0xea206321a00 : 6 stores
Line 0x98f56904b7c0 : 2 stores
Line 0xea2062ef400 : 3 stores
Line 0x98f569075e00 : 1 stores
Line 0x98f56909ea00 : 2 stores
Line 0xea2062e6f80 : 3 stores
Line 0xea206311a00 : 2 stores
Line 0xea2062eaac0 : 3 stores
Line 0xea2062c7c00 : 2 stores
Line 0x98f56904e600 : 2 stores
Line 0xea2062cb480 : 1 stores
Line 0xfdfd3a7c6580 : 1 stores
Line 0xea206329d40 : 1 stores
Line 0xea206326240 : 1 stores
Line 0x98f569050000 : 4 stores
Line 0xea2062c9600 : 1 stores
Line 0xea2062e9a80 : 1 stores
Line 0xea2062c6bc0 : 1 stores
Line 0xea206321980 : 4 stores
Line 0x98f56904b740 : 1 stores
Line 0x98f56909eac0 : 4 stores
Line 0xea2062e7040 : 2 stores
Line 0xea2062eac80 : 3 stores
Line 0xea2062c5f40 : 2 stores
Line 0xea206322b80 : 2 stores
Line 0x98f56904c940 : 1 stores
Line 0x98f56904aac0 : 1 stores
Line 0x98f56903c600 : 3 stores
Line 0xea206312840 : 3 stores
Line 0xea2062cac40 : 2 stores
Line 0xfdfd3a7c5d40 : 4 stores
Line 0x98f569040000 : 1 stores
Line 0xea206316240 : 2 stores
Line 0xea2062c7bc0 : 1 stores
Line 0x98f56904e5c0 : 2 stores
Line 0xea206322980 : 1 stores
Line 0x98f56904c740 : 1 stores
Line 0xea2062c5d40 : 1 stores
Line 0xea2062eab80 : 1 stores
Line 0xea2062c7cc0 : 4 stores
Line 0x98f56904e6c0 : 1 stores
Line 0xea2062c6cc0 : 3 stores
Line 0xea206323900 : 2 stores
Line 0x98f56904d6c0 : 1 stores
Line 0xea206321a80 : 5 stores
Line 0x98f56904b840 : 3 stores
Line 0xea2062c3440 : 2 stores
Line 0x98f569049e40 : 1 stores
Line 0xea20632f740 : 2 stores
Line 0x98f569059500 : 1 stores
Line 0xea2062d2b00 : 4 stores
Line 0x98f56904c080 : 1 stores
Line 0xea2063222c0 : 2 stores
Line 0xea2062e7000 : 1 stores
Line 0xea206311a80 : 1 stores
Line 0xea2062ee3c0 : 1 stores
Line 0xea2062c7c80 : 1 stores
Line 0x98f56904e680 : 4 stores
Line 0xea2062c6c80 : 1 stores
Line 0xea2062ed700 : 1 stores
Line 0xea20630e540 : 2 stores
Line 0xea2062ca840 : 1 stores
Line 0xfdfd3a7c5940 : 1 stores
Line 0xea206325600 : 4 stores
Line 0x98f56904f3c0 : 2 stores
Line 0xea206311b80 : 6 stores
Line 0x98f56904ab40 : 1 stores
Line 0x98f56909a300 : 4 stores
Line 0x98f56903d6c0 : 3 stores
Line 0xea206313900 : 1 stores
Line 0x98f56903c6c0 : 2 stores
Line 0xea206312900 : 1 stores
Line 0x98f5690400c0 : 1 stores
Line 0xea206316300 : 1 stores
Line 0xea2062ee700 : 2 stores
Line 0xea2062bfd80 : 3 stores
Line 0xea2062c7d80 : 2 stores
Line 0x98f56904e780 : 1 stores
Line 0xea2063156c0 : 6 stores
Line 0xea2062c6d80 : 3 stores
Line 0xea2063239c0 : 4 stores
Line 0x98f56904d780 : 1 stores
Line 0xea206321b40 : 6 stores
Line 0x98f56904b900 : 2 stores
Line 0xea2062ef540 : 3 stores
Line 0x98f569075f40 : 1 stores
Line 0x98f56909eb40 : 2 stores
Line 0xea2062e70c0 : 1 stores
Line 0xea206311b40 : 2 stores
Line 0xea2062cb5c0 : 1 stores
Line 0xea206326380 : 1 stores
Line 0x98f569050140 : 4 stores
Line 0xea2062c9740 : 1 stores
Line 0xea2062eac00 : 3 stores
Line 0xea2062c7d40 : 2 stores
Line 0x98f56904e740 : 2 stores
Line 0x98f56903f440 : 1 stores
Line 0xea206315680 : 2 stores
Line 0xea2062e9bc0 : 1 stores
Line 0xea2062c6d00 : 1 stores
Line 0xea206321ac0 : 4 stores
Line 0x98f56904b880 : 1 stores
Line 0x98f56909ec00 : 4 stores
Line 0xea2062e7180 : 2 stores
Line 0xea2062eadc0 : 3 stores
Line 0xea2062c6080 : 1 stores
Line 0xea206322cc0 : 2 stores
Line 0x98f56904ca80 : 1 stores
Line 0x98f56904ac00 : 1 stores
Line 0xea2062c5040 : 2 stores
Line 0xea206321c80 : 6 stores
Line 0x98f56904ba40 : 2 stores
Line 0x98f56903c740 : 3 stores
Line 0xea206312980 : 3 stores
Line 0xea2062cad80 : 2 stores
Line 0x98f569040140 : 2 stores
Line 0xea206316380 : 2 stores
Line 0xea2062bfe00 : 2 stores
Line 0xea20630d740 : 2 stores
Line 0xea2062c9a40 : 4 stores
Line 0xea206326680 : 1 stores
Line 0x98f569050440 : 4 stores
Line 0xea2062c7d00 : 1 stores
Line 0x98f56904e700 : 2 stores
Line 0xea206322ac0 : 1 stores
Line 0x98f56904c880 : 1 stores
Line 0xea2062c5e80 : 1 stores
Line 0xea206315640 : 4 stores
Line 0xea2062eacc0 : 1 stores
Line 0xea2062c7e00 : 4 stores
Line 0x98f56904e800 : 1 stores
Line 0xea2062c6e00 : 3 stores
Line 0xea206323a40 : 2 stores
Line 0x98f56904d800 : 1 stores
Line 0xea206321bc0 : 5 stores
Line 0x98f56904b980 : 3 stores
Line 0xea2062ee440 : 1 stores
Line 0xea2062cb580 : 4 stores
Line 0xfdfd3a7c6680 : 6 stores
Line 0x98f569053c00 : 1 stores
Line 0xea206329e40 : 6 stores
Line 0xea206326340 : 3 stores
Line 0x98f569050100 : 1 stores
Line 0xea2062c9700 : 6 stores
Line 0xea2062e7140 : 1 stores
Line 0xea206311bc0 : 1 stores
Line 0xea2062ee500 : 1 stores
Line 0xea2062c7dc0 : 1 stores
Line 0x98f56904e7c0 : 4 stores
Line 0x98f56903f4c0 : 1 stores
Line 0xea206315700 : 1 stores
Line 0xea2062c6dc0 : 1 stores
Line 0xea2062ed840 : 1 stores
Line 0xea2062ca980 : 1 stores
Line 0xfdfd3a7c5a80 : 1 stores
Line 0xea206329240 : 5 stores
Line 0xea206325740 : 4 stores
Line 0x98f56904f500 : 2 stores
Line 0xea20631f140 : 2 stores
Line 0x98f569048f00 : 4 stores
Line 0xea2062c2500 : 3 stores
Line 0xea206311cc0 : 6 stores
Line 0xea2062c6100 : 3 stores
Line 0xea206322d40 : 1 stores
Line 0x98f56904cb00 : 1 stores
Line 0x98f56904ac80 : 1 stores
Line 0x98f56909a440 : 4 stores
Line 0x98f56903d800 : 3 stores
Line 0xea206313a40 : 1 stores
Line 0xea2062d7640 : 3 stores
Line 0xea2062c5100 : 5 stores
Line 0xea206321d40 : 4 stores
Line 0x98f56904bb00 : 1 stores
Line 0x98f56903c800 : 2 stores
Line 0xea206312a40 : 1 stores
Line 0x98f569040200 : 1 stores
Line 0xea206316440 : 1 stores
Line 0xea2062ee840 : 2 stores
Line 0xea2062bfec0 : 3 stores
Line 0xea2062c7ec0 : 2 stores
Line 0x98f56904e8c0 : 1 stores
Line 0xea206315800 : 6 stores
Line 0xea2062c6ec0 : 3 stores
Line 0xea206323b00 : 4 stores
Line 0x98f56904d8c0 : 1 stores
Line 0x98f56909ec80 : 2 stores
Line 0xea2062e7200 : 1 stores
Line 0xea206311c80 : 2 stores
Line 0xea2062cb700 : 1 stores
Line 0x98f569052100 : 1 stores
Line 0xea2063264c0 : 1 stores
Line 0x98f569050280 : 4 stores
Line 0xea2062c9880 : 1 stores
Line 0xea2062ead40 : 3 stores
Line 0xea2062c7e80 : 2 stores
Line 0x98f56904e880 : 2 stores
Line 0x98f56903f580 : 1 stores
Line 0xea2063157c0 : 2 stores
Line 0xea2062e9d00 : 1 stores
Line 0xea2062c6e40 : 1 stores
Line 0xea206321c00 : 4 stores
Line 0x98f56904b9c0 : 1 stores
Line 0x98f56909ed40 : 4 stores
Line 0xea2062e72c0 : 2 stores
Line 0xea2062eaf00 : 3 stores
Line 0xea2062e9080 : 1 stores
Line 0xea2062c61c0 : 1 stores
Line 0xea206322e00 : 2 stores
Line 0x98f56904cbc0 : 1 stores
Line 0x98f56904ad40 : 1 stores
Line 0xea2062c5180 : 2 stores
Line 0xea206321dc0 : 6 stores
Line 0x98f56904bb80 : 2 stores
Line 0x98f56903c880 : 3 stores
Line 0xea206312ac0 : 3 stores
Line 0xea2062caec0 : 2 stores
Line 0x98f569040280 : 2 stores
Line 0xea2063164c0 : 2 stores
Line 0xea2062bff40 : 2 stores
Line 0xea20630d880 : 2 stores
Line 0xea2062c9b80 : 4 stores
Line 0xea2063267c0 : 1 stores
Line 0x98f569050580 : 4 stores
Line 0xea2062c7e40 : 1 stores
Line 0x98f56904e840 : 2 stores
Line 0xea206322c00 : 1 stores
Line 0x98f56904c9c0 : 1 stores
Line 0xea2062c5fc0 : 1 stores
Line 0xea206315780 : 4 stores
Line 0xea2062eae00 : 1 stores
Line 0xea2062c7f40 : 4 stores
Line 0x98f56904e940 : 1 stores
Line 0xea2062c6f40 : 3 stores
Line 0xea206323b80 : 2 stores
Line 0x98f56904d940 : 1 stores
Line 0xea206321d00 : 5 stores
Line 0x98f56904bac0 : 3 stores
Line 0xea2062c50c0 : 1 stores
Line 0xea206333240 : 1 stores
Line 0x98f56905d000 : 1 stores
Line 0xea2062d6600 : 1 stores
Line 0xea206325dc0 : 2 stores
Line 0xea2062ee580 : 1 stores
Line 0xfdfd3a7c67c0 : 6 stores
Line 0x98f569053d40 : 1 stores
Line 0xea206329f80 : 6 stores
Line 0xea206326480 : 3 stores
Line 0x98f569050240 : 1 stores
Line 0xea2062c9840 : 6 stores
Line 0xea2062e9100 : 4 stores
Line 0xea2062e7280 : 1 stores
Line 0xea206311d00 : 1 stores
Line 0xea2062c6f00 : 1 stores
Line 0xea2062c7f00 : 1 stores
Line 0x98f56904e900 : 4 stores
Line 0x98f56903f600 : 1 stores
Line 0xea206315840 : 1 stores
Line 0xea2062ed980 : 1 stores
Line 0xfdfd3a7c7f00 : 2 stores
Line 0x98f5690b20c0 : 4 stores
Line 0x98f569055480 : 1 stores
Line 0xea20632b6c0 : 1 stores
Line 0xea2062caac0 : 1 stores
Line 0xfdfd3a7c5bc0 : 1 stores
Line 0xea206329380 : 5 stores
Line 0xea206325880 : 4 stores
Line 0x98f56904f640 : 2 stores
Line 0xea2062cd4c0 : 6 stores
Line 0x98f569052040 : 4 stores
Line 0xea2062cb640 : 2 stores
Line 0xea2062ee980 : 2 stores
Line 0x98f569040340 : 1 stores
Line 0xea206316580 : 1 stores
Line 0xea2062c5240 : 5 stores
Line 0xea206321e80 : 4 stores
Line 0x98f56904bc40 : 1 stores
Line 0x98f56903c940 : 2 stores
Line 0xea206312b80 : 1 stores
Line 0xea2062c6240 : 3 stores
Line 0xea206322e80 : 1 stores
Line 0x98f56904cc40 : 1 stores
Line 0x98f56909a580 : 4 stores
Line 0x98f56903d940 : 3 stores
Line 0xea206313b80 : 1 stores
Line 0xea2062d7780 : 3 stores
Line 0xea2062c7000 : 1 stores
Line 0xea206323c40 : 4 stores
Line 0x98f56904da00 : 1 stores
Line 0xea206315940 : 6 stores
Line 0xea2062cb840 : 1 stores
Line 0x98f569052240 : 1 stores
Line 0xea206326600 : 1 stores
Line 0x98f5690503c0 : 4 stores
Line 0xea2062c99c0 : 1 stores
Line 0xea2062e9e40 : 1 stores
Line 0xea2062c6f80 : 1 stores
Line 0xea2062eae80 : 3 stores
Line 0xea2062c7fc0 : 2 stores
Line 0x98f56904e9c0 : 2 stores
Line 0x98f56903f6c0 : 1 stores
Line 0xea206315900 : 2 stores
Line 0x98f56905e080 : 1 stores
Line 0xea2062d7680 : 1 stores
Line 0xea2062caa40 : 1 stores
Line 0xfdfd3a7c5b40 : 4 stores
Line 0xea206325800 : 1 stores
Line 0x98f56904f5c0 : 1 stores
Line 0xea2062c9cc0 : 4 stores
Line 0xea206326900 : 1 stores
Line 0x98f5690506c0 : 4 stores
Line 0x98f56909e000 : 2 stores
Line 0xea206317600 : 3 stores
Line 0x98f5690403c0 : 2 stores
Line 0xea206316600 : 2 stores
Line 0xea2062c52c0 : 2 stores
Line 0xea206321f00 : 6 stores
Line 0x98f56904bcc0 : 2 stores
Line 0x98f56903c9c0 : 3 stores
Line 0xea206312c00 : 3 stores
Line 0xea2062e91c0 : 1 stores
Line 0xea2062c6300 : 1 stores
Line 0xea206322f40 : 2 stores
Line 0x98f56904cd00 : 1 stores
Line 0xea2062c7080 : 1 stores
Line 0xea206323cc0 : 2 stores
Line 0x98f56904da80 : 1 stores
Line 0xea206321e40 : 5 stores
Line 0x98f56904bc00 : 3 stores
Line 0xea2062c5200 : 1 stores
Line 0xea206333380 : 1 stores
Line 0x98f56905d140 : 1 stores
Line 0xea2062d6740 : 1 stores
Line 0xea206325f00 : 2 stores
Line 0xea2062eaf40 : 1 stores
Line 0xea2062c7f80 : 1 stores
Line 0x98f56904e980 : 2 stores
Line 0xea2063158c0 : 4 stores
Line 0xfdfd3a7c6900 : 6 stores
Line 0x98f569053e80 : 1 stores
Line 0xea20632a0c0 : 2 stores
Line 0xea2063265c0 : 3 stores
Line 0x98f569050380 : 1 stores
Line 0xea2062c9980 : 6 stores
Line 0xea2062cb8c0 : 2 stores
Line 0x98f5690522c0 : 4 stores
Line 0xea2062c7040 : 4 stores
Line 0x98f56903f740 : 1 stores
Line 0xea206315980 : 1 stores
Line 0x98f56905e100 : 1 stores
Line 0xea2062d7700 : 3 stores
Line 0xea2062cd600 : 6 stores
Line 0x98f569052180 : 4 stores
Line 0xea2062cb780 : 2 stores
Line 0xea2062edac0 : 1 stores
Line 0xea2062cac00 : 1 stores
Line 0xfdfd3a7c5d00 : 1 stores
Line 0xea2063294c0 : 5 stores
Line 0xea2063259c0 : 4 stores
Line 0x98f56904f780 : 2 stores
Line 0xea2062eeac0 : 2 stores
Line 0x98f56909e0c0 : 4 stores
Line 0xea2063176c0 : 1 stores
Line 0x98f569040480 : 1 stores
Line 0xea2063166c0 : 1 stores
Line 0xea2062c5380 : 5 stores
Line 0xea206321fc0 : 4 stores
Line 0x98f56904bd80 : 1 stores
Line 0x98f56903ca80 : 2 stores
Line 0xea206312cc0 : 1 stores
Line 0xea2062c6380 : 3 stores
Line 0xea206322fc0 : 1 stores
Line 0x98f56904cd80 : 1 stores
Line 0x98f56909a6c0 : 4 stores
Line 0x98f56903da80 : 3 stores
Line 0xea206313cc0 : 1 stores
Line 0xea2062d78c0 : 3 stores
Line 0xea2062c7140 : 1 stores
Line 0xea206323d80 : 4 stores
Line 0x98f56904db40 : 1 stores
Line 0xea206315a80 : 6 stores
Line 0xea2062cb980 : 1 stores
Line 0x98f569052380 : 1 stores
Line 0xea206326740 : 1 stores
Line 0x98f569050500 : 4 stores
Line 0xea2062c9b00 : 1 stores
Line 0xea2062e9f80 : 1 stores
Line 0xea2062c70c0 : 2 stores
Line 0xea2062eafc0 : 3 stores
Line 0x98f56903f800 : 1 stores
Line 0xea206315a40 : 2 stores
Line 0x98f56905e1c0 : 1 stores
Line 0xea2062d77c0 : 1 stores
Line 0xea2062cab80 : 1 stores
Line 0xfdfd3a7c5c80 : 4 stores
Line 0xea206325940 : 1 stores
Line 0x98f56904f700 : 1 stores
Line 0xea2062c9e00 : 4 stores
Line 0xea206326a40 : 1 stores
Line 0x98f569050800 : 4 stores
Line 0x98f56909e140 : 2 stores
Line 0xea206317740 : 3 stores
Line 0x98f569040500 : 2 stores
Line 0xea206316740 : 2 stores
Line 0xea2062c5400 : 2 stores
Line 0xea206322040 : 2 stores
Line 0x98f56904be00 : 2 stores
Line 0x98f56903cb00 : 3 stores
Line 0xea206312d40 : 3 stores
Line 0xea2062e9300 : 1 stores
Line 0xea2062c6440 : 1 stores
Line 0xea206323080 : 2 stores
Line 0x98f56904ce40 : 1 stores
Line 0xea2062c71c0 : 1 stores
Line 0xea206323e00 : 2 stores
Line 0x98f56904dbc0 : 1 stores
Line 0xea206321f80 : 5 stores
Line 0x98f56904bd40 : 3 stores
Line 0xea2062c5340 : 1 stores
Line 0xea2063334c0 : 1 stores
Line 0x98f56905d280 : 1 stores
Line 0xea2062d6880 : 1 stores
Line 0xea206326040 : 1 stores
Line 0xea206315a00 : 4 stores
Line 0xfdfd3a7c6a40 : 6 stores
Line 0x98f569053fc0 : 1 stores
Line 0xea20632a200 : 2 stores
Line 0xea206326700 : 3 stores
Line 0x98f5690504c0 : 1 stores
Line 0xea2062c9ac0 : 6 stores
Line 0xea2062cba00 : 2 stores
Line 0x98f569052400 : 4 stores
Line 0xea2062ea040 : 1 stores
Line 0xea2062c7180 : 4 stores
Line 0x98f56903f880 : 1 stores
Line 0xea206315ac0 : 1 stores
Line 0xea2062d96c0 : 6 stores
Line 0xea206336300 : 3 stores
Line 0x98f5690600c0 : 2 stores
Line 0x98f56905e240 : 1 stores
Line 0xea2062d7840 : 3 stores
Line 0xea2062cd740 : 6 stores
Line 0xea2062eec00 : 2 stores
Line 0x98f56904ea40 : 4 stores
Line 0x98f56909e200 : 4 stores
Line 0xea206317800 : 1 stores
Line 0x98f5690405c0 : 1 stores
Line 0xea206316800 : 1 stores
Line 0xea2062f1380 : 1 stores
Line 0xea2062ce4c0 : 1 stores
Line 0xea20632b100 : 3 stores
Line 0x98f569054ec0 : 1 stores
Line 0xea206329280 : 4 stores
Line 0x98f569053040 : 1 stores
Line 0xea2062c7280 : 1 stores
Line 0xea206323ec0 : 4 stores
Line 0x98f56904dc80 : 1 stores
Line 0xea206315bc0 : 6 stores
Line 0xea2062cbac0 : 1 stores
Line 0x98f5690524c0 : 1 stores
Line 0xea206326880 : 1 stores
Line 0x98f569050640 : 4 stores
Line 0xea2062c9c40 : 1 stores
Line 0xea2062ea0c0 : 3 stores
Line 0xea2062c7200 : 2 stores
Line 0xea2062eb100 : 1 stores
Line 0x98f56903f940 : 1 stores
Line 0xea206315b80 : 2 stores
Line 0x98f56905e300 : 1 stores
Line 0xea2062d7900 : 1 stores
Line 0xea2062cacc0 : 1 stores
Line 0xfdfd3a7c5dc0 : 4 stores
Line 0xea206325a80 : 1 stores
Line 0x98f56904f840 : 1 stores
Line 0xea2062c9f40 : 4 stores
Line 0xea206326b80 : 1 stores
Line 0x98f569050940 : 4 stores
Line 0xe8035e446900 : 1 stores
Line 0xfdfd3a7c5040 : 2 stores
Line 0x98f56904eac0 : 2 stores
Line 0x98f56909e280 : 2 stores
Line 0xea206317880 : 3 stores
Line 0x98f569040640 : 2 stores
Line 0xea206316880 : 2 stores
Line 0xea206329300 : 6 stores
Line 0x98f5690530c0 : 1 stores
Line 0x6c6f1e456840 : 1 stores
Line 0x98f5690a2880 : 3 stores
Line 0x98f569045c40 : 2 stores
Line 0xea20631be80 : 1 stores
Line 0xea2062c7300 : 1 stores
Line 0xea206323f40 : 2 stores
Line 0x98f56904dd00 : 1 stores
Line 0xea2063220c0 : 1 stores
Line 0x98f56904be80 : 3 stores
Line 0xea2062c5480 : 1 stores
Line 0xea2062c6480 : 2 stores
Line 0xea206315b40 : 4 stores
Line 0xfdfd3a7c6b80 : 6 stores
Line 0x98f569054100 : 1 stores
Line 0xea20632a340 : 2 stores
Line 0xea206326840 : 3 stores
Line 0x98f569050600 : 1 stores
Line 0xea2062c9c00 : 6 stores
Line 0xea2062ea180 : 1 stores
Line 0xea2062c72c0 : 4 stores
Line 0xea2062ca600 : 2 stores
Line 0xfdfd3a7c5700 : 3 stores
Line 0x98f5690929c0 : 1 stores
Line 0xea20630bfc0 : 4 stores
Line 0x98f56903f9c0 : 1 stores
Line 0xea206315c00 : 1 stores
Line 0xea2062cd880 : 6 stores
Line 0xea2062eed40 : 2 stores
Line 0xe8035e4469c0 : 1 stores
Line 0xfdfd3a7c5100 : 1 stores
Line 0x98f56904eb80 : 4 stores
Line 0x98f56909e340 : 4 stores
Line 0xea206317940 : 1 stores
Line 0xea2062db540 : 3 stores
Line 0x98f569061f40 : 3 stores
Line 0x98f569040700 : 1 stores
Line 0xea206316940 : 1 stores
Line 0x98f5690ae880 : 2 stores
Line 0xea206327e80 : 2 stores
Line 0xea2062f14c0 : 1 stores
Line 0xea2062ce600 : 1 stores
Line 0xea20632b240 : 3 stores
Line 0x98f569055000 : 1 stores
Line 0xea2063293c0 : 4 stores
Line 0x98f569053180 : 1 stores
Line 0xea2062c73c0 : 1 stores
Line 0x98f56904ddc0 : 1 stores
Line 0xea206315d00 : 6 stores
Line 0xea2062cbc00 : 1 stores
Line 0x98f569052600 : 1 stores
Line 0xea2063269c0 : 1 stores
Line 0x98f569050780 : 4 stores
Line 0xea2062c9d80 : 1 stores
Line 0xea2062ea200 : 3 stores
Line 0xea2062c7340 : 2 stores
Line 0xea2062eb240 : 1 stores
Line 0x98f56903fa80 : 1 stores
Line 0xea206315cc0 : 2 stores
Line 0xea2062cae00 : 1 stores
Line 0xea206325bc0 : 1 stores
Line 0x98f56904f980 : 1 stores
Line 0xea2062ca080 : 3 stores
Line 0xea206326cc0 : 1 stores
Line 0x98f569050a80 : 4 stores
Line 0xe8035e446a40 : 1 stores
Line 0xfdfd3a7c5180 : 2 stores
Line 0x98f56904ec00 : 2 stores
Line 0x98f56909e3c0 : 2 stores
Line 0xea2063179c0 : 3 stores
Line 0xea2062cb3c0 : 2 stores
Line 0xea2062c9080 : 2 stores
Line 0x98f569040780 : 2 stores
Line 0xea2063169c0 : 2 stores
Line 0xea2062f1540 : 4 stores
Line 0xea206329440 : 6 stores
Line 0x98f569053200 : 1 stores
Line 0x6c6f1e456980 : 1 stores
Line 0x98f5690a29c0 : 3 stores
Line 0x98f569045d80 : 2 stores
Line 0xea20631bfc0 : 1 stores
Line 0xea2062c7440 : 1 stores
Line 0x98f56904de40 : 1 stores
Line 0xea206322200 : 1 stores
Line 0x98f56904bfc0 : 3 stores
Line 0xea2062c55c0 : 1 stores
Line 0xea2062c65c0 : 2 stores
Line 0xea206315c80 : 4 stores
Line 0xea2062cbbc0 : 4 stores
Line 0x98f5690525c0 : 6 stores
Line 0xfdfd3a7c6cc0 : 6 stores
Line 0x98f569054240 : 1 stores
Line 0xea20632a480 : 2 stores
Line 0xea206326980 : 3 stores
Line 0x98f569050740 : 1 stores
Line 0xea2062c9d40 : 6 stores
Line 0xea2062cbc80 : 2 stores
Line 0x98f569052680 : 4 stores
Line 0xea2062ea2c0 : 1 stores
Line 0xea2062c7400 : 4 stores
Line 0x98f56904de00 : 3 stores
Line 0xea2062ca740 : 2 stores
Line 0xfdfd3a7c5840 : 4 stores
Line 0x98f56903fb00 : 1 stores
Line 0xea206315d40 : 1 stores
Line 0xea2062eee80 : 2 stores
Line 0xe8035e446b00 : 1 stores
Line 0xfdfd3a7c5240 : 1 stores
Line 0x98f56904ecc0 : 4 stores
Line 0x98f56909e480 : 4 stores
Line 0xea206317a80 : 1 stores
Line 0x98f569040840 : 1 stores
Line 0xea206316a80 : 1 stores
Line 0xea2062ce740 : 1 stores
Line 0xea20632b380 : 3 stores
Line 0x98f569055140 : 1 stores
Line 0xea206329500 : 4 stores
Line 0x98f5690532c0 : 1 stores
Line 0xea2062f51c0 : 4 stores
Line 0xea2062f3340 : 1 stores
Line 0x98f569047b80 : 4 stores
Line 0xea20631ddc0 : 1 stores
Line 0xea2062cda40 : 5 stores
Line 0xea20631b380 : 2 stores
Line 0xea2062caf40 : 1 stores
Line 0xea206325d00 : 1 stores
Line 0x98f56904fac0 : 1 stores
Line 0xea2062c90c0 : 6 stores
Line 0xea2062ca1c0 : 3 stores
Line 0xe8035e446b80 : 1 stores
Line 0xfdfd3a7c52c0 : 2 stores
Line 0x98f56904ed40 : 2 stores
Line 0x98f56909e500 : 2 stores
Line 0xea206317b00 : 3 stores
Line 0xea2062cb500 : 2 stores
Line 0xea2062c91c0 : 2 stores
Line 0x98f5690408c0 : 2 stores
Line 0xea206316b00 : 2 stores
Line 0xea206329580 : 6 stores
Line 0x98f569053340 : 1 stores
Line 0x6c6f1e456ac0 : 1 stores
Line 0x98f5690a2b00 : 3 stores
Line 0xea2062d1480 : 4 stores
Line 0xea20632e0c0 : 1 stores
Line 0x98f569057e80 : 1 stores
Line 0xea2062cbd00 : 4 stores
Line 0x98f569052700 : 6 stores
Line 0xea206326ac0 : 3 stores
Line 0x98f569050880 : 1 stores
Line 0xea2062c9e80 : 6 stores
Line 0xea2062cbdc0 : 2 stores
Line 0x98f5690527c0 : 4 stores
Line 0x98f569079e00 : 4 stores
Line 0xea2062f3400 : 1 stores
Line 0x98f569047c40 : 4 stores
Line 0xea20631de80 : 2 stores
Line 0xea2062cdb00 : 6 stores
Line 0xea2062eefc0 : 2 stores
Line 0xe8035e446c40 : 1 stores
Line 0xfdfd3a7c5380 : 1 stores
Line 0x98f56909e5c0 : 4 stores
Line 0xea206317bc0 : 1 stores
Line 0x98f569040980 : 1 stores
Line 0xea206316bc0 : 1 stores
Line 0xea2062ce880 : 1 stores
Line 0xea20632b4c0 : 3 stores
Line 0x98f569055280 : 1 stores
Line 0xea206329640 : 4 stores
Line 0x98f569053400 : 1 stores
Line 0x98f569052640 : 5 stores
Line 0xea2062cbc40 : 2 stores
Line 0x6c6f1e455dc0 : 2 stores
Line 0x98f5690a1e00 : 2 stores
Line 0x98f5690451c0 : 1 stores
Line 0xea20631b400 : 1 stores
Line 0xea2062f5300 : 4 stores
Line 0x98f569079e80 : 1 stores
Line 0xea2062f3480 : 1 stores
Line 0x98f569047cc0 : 4 stores
Line 0xea20631df00 : 1 stores
Line 0xea2062cdb80 : 5 stores
Line 0x6c6f1e455e80 : 1 stores
Line 0x98f5690a1ec0 : 4 stores
Line 0xea20631b4c0 : 2 stores
Line 0xea2062cb080 : 4 stores
Line 0xea2062c9200 : 6 stores
Line 0xea2062ef040 : 3 stores
Line 0xea2062ca300 : 3 stores
Line 0xe8035e446cc0 : 1 stores
Line 0xfdfd3a7c5400 : 2 stores
Line 0x98f56909e640 : 2 stores
Line 0xea206317c40 : 3 stores
Line 0xea2062bf6c0 : 3 stores
Line 0xea2062c9300 : 2 stores
Line 0x98f569040a00 : 2 stores
Line 0xea206316c40 : 2 stores
Line 0xea2063296c0 : 6 stores
Line 0x98f569053480 : 1 stores
Line 0x6c6f1e456c00 : 1 stores
Line 0x98f5690a2c40 : 3 stores
Line 0xea2062d15c0 : 4 stores
Line 0xea20632e200 : 1 stores
Line 0x98f569057fc0 : 1 stores
Line 0xea2062cbe40 : 4 stores
Line 0x98f569052840 : 6 stores
Line 0xea206326c00 : 3 stores
Line 0x98f5690509c0 : 1 stores
Line 0xea2062c9fc0 : 6 stores
Line 0xea2062f2880 : 2 stores
Line 0x98f5690526c0 : 2 stores
Line 0xea2062cbcc0 : 1 stores
Line 0xea2062cbf00 : 2 stores
Line 0x98f569052900 : 4 stores
Line 0x98f569079f40 : 4 stores
Line 0xea2062f3540 : 1 stores
Line 0x98f569047d80 : 4 stores
Line 0xea20631dfc0 : 2 stores
Line 0xea2062cdc40 : 6 stores
Line 0xe8035e446d80 : 1 stores
Line 0xfdfd3a7c54c0 : 1 stores
Line 0x98f56909e700 : 4 stores
Line 0xea206317d00 : 1 stores
Line 0x98f569040ac0 : 1 stores
Line 0xea206316d00 : 1 stores
Line 0xea2062f2940 : 4 stores
Line 0xea2062cdc00 : 2 stores
Line 0xea20632a840 : 2 stores
Line 0x98f569054600 : 1 stores
Line 0x98f569052780 : 5 stores
Line 0xea2062cbd80 : 2 stores
Line 0x6c6f1e455f00 : 2 stores
Line 0x98f5690a1f40 : 2 stores
Line 0x98f569045300 : 1 stores
Line 0xea20631b540 : 1 stores
Line 0xea2062f5440 : 4 stores
Line 0x98f569079fc0 : 1 stores
Line 0xea2062f35c0 : 1 stores
Line 0x98f569047e00 : 4 stores
Line 0xea20631e040 : 2 stores
Line 0xea2062cdcc0 : 5 stores
Line 0xea2062ee080 : 1 stores
Line 0xea2062cb1c0 : 4 stores
Line 0xea2062c9340 : 6 stores
Line 0xea2062ef180 : 3 stores
Line 0x98f56909e780 : 2 stores
Line 0xea206317d80 : 3 stores
Line 0xea2062bf800 : 3 stores
Line 0xea2062c9440 : 2 stores
Line 0x98f569040b40 : 2 stores
Line 0xea206316d80 : 2 stores
Line 0xea2062cbf80 : 4 stores
Line 0x98f569052980 : 6 stores
Line 0xea206326d40 : 3 stores
Line 0x98f569050b00 : 1 stores
Line 0xea2062ca100 : 2 stores
Line 0xea2062f29c0 : 2 stores
Line 0x98f569052800 : 2 stores
Line 0xea2062cbe00 : 1 stores
Line 0x98f56907a080 : 6 stores
Line 0xea2062f3680 : 1 stores
Line 0x98f569047ec0 : 4 stores
Line 0xea20631e100 : 1 stores
Line 0xea2062cdd80 : 6 stores
Line 0xea2062f2a80 : 4 stores
Line 0xea2062cdd40 : 2 stores
Line 0xea20632a980 : 2 stores
Line 0x98f569054740 : 1 stores
Line 0x98f5690528c0 : 5 stores
Line 0xea2062cbec0 : 2 stores
Line 0xea2062f5580 : 4 stores
Line 0x98f56907a100 : 5 stores
Line 0xea2062f3700 : 1 stores
Line 0x98f569047f40 : 4 stores
Line 0xea20631e180 : 2 stores
Line 0xea2062cde00 : 5 stores
Line 0xea2062ca240 : 2 stores
Line 0xea2062f2b00 : 2 stores
Line 0x98f569052940 : 2 stores
Line 0xea2062cbf40 : 1 stores
Line 0x98f5690454c0 : 2 stores
Line 0xea20631b700 : 1 stores
Line 0x98f56907a1c0 : 6 stores
Line 0xea2062f37c0 : 1 stores
Line 0x98f569048000 : 4 stores
Line 0xea20631e240 : 1 stores
Line 0xea2062cdec0 : 6 stores
Line 0x98f569052a40 : 4 stores
Line 0x98f56907a2c0 : 2 stores
Line 0xea2062f38c0 : 3 stores
Line 0x98f569048100 : 5 stores
Line 0xea20631e340 : 4 stores
Line 0xea2062f2bc0 : 4 stores
Line 0xea2062cde80 : 2 stores
Line 0xea20632aac0 : 2 stores
Line 0x98f569054880 : 1 stores
Line 0x98f569052a00 : 5 stores
Line 0xea2062d19c0 : 2 stores
Line 0xea20632e600 : 2 stores
Line 0x98f5690583c0 : 2 stores
Line 0xea20631f300 : 1 stores
Line 0x98f56907a240 : 5 stores
Line 0xea2062f3840 : 1 stores
Line 0x98f569048080 : 6 stores
Line 0xea20631e2c0 : 2 stores
Line 0xea2062ee300 : 1 stores
Line 0xea2062cb440 : 4 stores
Line 0xea206326200 : 3 stores
Line 0x98f56904ffc0 : 1 stores
Line 0xea2062c95c0 : 6 stores
Line 0xea2062cdf40 : 5 stores
Line 0x98f569052ac0 : 6 stores
Line 0x98f569047400 : 4 stores
Line 0xea20631d640 : 1 stores
Line 0x98f569048180 : 2 stores
Line 0xea20631e3c0 : 2 stores
Line 0xea2062ca380 : 2 stores
Line 0xea2062f2c40 : 2 stores
Line 0x98f569052a80 : 2 stores
Line 0x98f569045600 : 2 stores
Line 0xea20631b840 : 1 stores
Line 0xea2062ca440 : 3 stores
Line 0xea2062ce000 : 2 stores
Line 0x98f569052b80 : 4 stores
Line 0x98f56907a400 : 2 stores
Line 0xea2062f3a00 : 3 stores
Line 0x98f569048240 : 5 stores
Line 0xea20631e480 : 4 stores
Line 0xea2062f2d00 : 4 stores
Line 0xea2062cdfc0 : 2 stores
Line 0xea20632ac00 : 2 stores
Line 0x98f5690549c0 : 1 stores
Line 0x98f569052b40 : 5 stores
Line 0xea2062d1b00 : 2 stores
Line 0xea20632e740 : 2 stores
Line 0x98f569058500 : 2 stores
Line 0x98f5690a5e40 : 2 stores
Line 0xea20631f440 : 1 stores
Line 0x98f56907a380 : 5 stores
Line 0xea2062f3980 : 1 stores
Line 0x98f5690481c0 : 6 stores
Line 0xea20631e400 : 2 stores
Line 0xea20632f340 : 1 stores
Line 0x98f569059100 : 1 stores
Line 0xea2062d2700 : 1 stores
Line 0x98f56904bc80 : 1 stores
Line 0xea206321ec0 : 2 stores
Line 0xea2062ce080 : 1 stores
Line 0x98f569052c00 : 6 stores
Line 0x98f569047540 : 4 stores
Line 0xea20631d780 : 1 stores
Line 0x98f5690482c0 : 2 stores
Line 0xea20631e500 : 2 stores
Line 0xea2062ca4c0 : 2 stores
Line 0xea2062f2d80 : 2 stores
Line 0x98f569052bc0 : 2 stores
Line 0x6c6f1e456340 : 1 stores
Line 0x98f5690a2380 : 3 stores
Line 0x98f569045740 : 2 stores
Line 0xea20631b980 : 1 stores
Line 0xea2062ca580 : 3 stores
Line 0x98f569043b00 : 1 stores
Line 0xea206319d40 : 6 stores
Line 0xea2062ce140 : 2 stores
Line 0x98f569052cc0 : 4 stores
Line 0x98f56907a540 : 2 stores
Line 0xea2062f3b40 : 3 stores
Line 0x98f569048380 : 5 stores
Line 0xea20631e5c0 : 4 stores
Line 0xea2062f2e40 : 4 stores
Line 0xea2062ce100 : 1 stores
Line 0xea20632ad40 : 2 stores
Line 0x98f569054b00 : 1 stores
Line 0x98f569052c80 : 5 stores
Line 0xea2062d1c40 : 2 stores
Line 0xea20632e880 : 2 stores
Line 0x98f569058640 : 2 stores
Line 0x98f5690a5f80 : 2 stores
Line 0xea20631f580 : 1 stores
Line 0xea2062f5940 : 4 stores
Line 0x98f56907a4c0 : 5 stores
Line 0xea2062f3ac0 : 1 stores
Line 0x98f569048300 : 6 stores
Line 0xea20631e540 : 2 stores
Line 0xea20632f480 : 1 stores
Line 0x98f569059240 : 1 stores
Line 0xea2062d2840 : 1 stores
Line 0x98f56904bdc0 : 1 stores
Line 0xea206322000 : 1 stores
Line 0xea2062f1080 : 2 stores
Line 0xea2062ce1c0 : 1 stores
Line 0x98f569052d40 : 6 stores
Line 0x98f569047680 : 4 stores
Line 0xea20631d8c0 : 1 stores
Line 0x98f5690aa7c0 : 4 stores
Line 0x98f56904db80 : 3 stores
Line 0xea206323dc0 : 1 stores
Line 0xea2062f2ec0 : 2 stores
Line 0x98f569052d00 : 2 stores
Line 0x6c6f1e456480 : 1 stores
Line 0x98f5690a24c0 : 3 stores
Line 0x98f569045880 : 2 stores
Line 0xea20631bac0 : 1 stores
Line 0xea2062ce280 : 2 stores
Line 0xea20632d7c0 : 4 stores
Line 0x98f569057580 : 3 stores
Line 0x98f56907a680 : 2 stores
Line 0xea2062f3c80 : 3 stores
Line 0xea2062f2f80 : 4 stores
Line 0xea2062f1100 : 1 stores
Line 0xea2062ce240 : 1 stores
Line 0xea20632ae80 : 2 stores
Line 0x98f569054c40 : 1 stores
Line 0xea206329000 : 4 stores
Line 0x98f569052dc0 : 5 stores
Line 0xea2062f5a80 : 4 stores
Line 0x98f56907a600 : 5 stores
Line 0xea2062f3c00 : 1 stores
Line 0x98f569048440 : 6 stores
Line 0xea20631e680 : 2 stores
Line 0x98f56907e0c0 : 2 stores
Line 0xea2062f76c0 : 1 stores
Line 0xea20632f5c0 : 1 stores
Line 0x98f569059380 : 1 stores
Line 0xea2062d2980 : 1 stores
Line 0x98f56904bf00 : 1 stores
Line 0xea206322140 : 1 stores
Line 0xea2062f11c0 : 2 stores
Line 0xea2062ce300 : 1 stores
Line 0x98f5690477c0 : 4 stores
Line 0xea20631da00 : 1 stores
Line 0xea2062d2a80 : 2 stores
Line 0xea20632f6c0 : 3 stores
Line 0x98f569059480 : 2 stores
Line 0xea20632d840 : 6 stores
Line 0x98f569057600 : 2 stores
Line 0x98f5690aa900 : 4 stores
Line 0x98f56904dcc0 : 3 stores
Line 0xea206323f00 : 1 stores
Line 0xea206329080 : 6 stores
Line 0x98f569052e40 : 2 stores
Line 0x6c6f1e4565c0 : 1 stores
Line 0x98f5690a2600 : 3 stores
Line 0x98f5690459c0 : 2 stores
Line 0xea20631bc00 : 1 stores
Line 0xea2062d6680 : 1 stores
Line 0xea2063332c0 : 2 stores
Line 0x98f56905d080 : 1 stores
Line 0xea2062ce3c0 : 2 stores
Line 0xea20632d900 : 4 stores
Line 0x98f5690576c0 : 3 stores
Line 0x98f56907a7c0 : 2 stores
Line 0xea2062f3dc0 : 3 stores
Line 0xea2062f1240 : 1 stores
Line 0xea2062ce380 : 1 stores
Line 0xea20632afc0 : 2 stores
Line 0x98f569054d80 : 1 stores
Line 0xea206329140 : 4 stores
Line 0x98f569052f00 : 5 stores
Line 0xea2062f5bc0 : 4 stores
Line 0x98f56907a740 : 5 stores
Line 0xea2062f3d40 : 1 stores
Line 0x98f569048580 : 6 stores
Line 0xea20631e7c0 : 2 stores
Line 0x98f56907e200 : 2 stores
Line 0xea2062f7800 : 1 stores
Line 0xea20632f700 : 1 stores
Line 0x98f5690594c0 : 1 stores
Line 0xea2062d2ac0 : 1 stores
Line 0x98f56904c040 : 3 stores
Line 0xea206322280 : 1 stores
Line 0xea2062f1300 : 2 stores
Line 0xea2062ce440 : 1 stores
Line 0xea2062f30c0 : 1 stores
Line 0x98f569047900 : 4 stores
Line 0xea20631db40 : 1 stores
Line 0xea2062d2bc0 : 2 stores
Line 0xea20632f800 : 3 stores
Line 0x98f5690595c0 : 2 stores
Line 0xea20632d980 : 6 stores
Line 0x98f569057740 : 2 stores
Line 0xea2062d6700 : 2 stores
Line 0x98f5690aaa40 : 4 stores
Line 0xea2063291c0 : 6 stores
Line 0x98f569052f80 : 2 stores
Line 0x6c6f1e456700 : 1 stores
Line 0x98f5690a2740 : 3 stores
Line 0x98f569045b00 : 2 stores
Line 0xea20631bd40 : 1 stores
Line 0xea2062d67c0 : 1 stores
Line 0xea206333400 : 2 stores
Line 0x98f56905d1c0 : 1 stores
Line 0xea20632da40 : 4 stores
Line 0x98f569057800 : 3 stores
Line 0x98f56907a900 : 2 stores
Line 0xea2062f3f00 : 3 stores
Line 0xea2062d74c0 : 1 stores
Line 0xea206331640 : 1 stores
Line 0x98f56905b400 : 4 stores
Line 0xea2062f5d00 : 4 stores
Line 0x98f56907a880 : 5 stores
Line 0xea2062f3e80 : 1 stores
Line 0x98f5690486c0 : 6 stores
Line 0xea20631e900 : 2 stores
Line 0x98f56907e340 : 2 stores
Line 0xea2062f7940 : 1 stores
Line 0xea20632f840 : 1 stores
Line 0x98f569059600 : 1 stores
Line 0xea2062d2c00 : 1 stores
Line 0x98f56904c180 : 3 stores
Line 0xea2063223c0 : 1 stores
Line 0xea2062f3200 : 1 stores
Line 0x98f569047a40 : 4 stores
Line 0xea20631dc80 : 1 stores
Line 0xea2062d2d00 : 2 stores
Line 0xea20632f940 : 3 stores
Line 0x98f569059700 : 2 stores
Line 0xea20632dac0 : 6 stores
Line 0x98f569057880 : 2 stores
Line 0xea2062d10c0 : 4 stores
Line 0xea20632dd00 : 2 stores
Line 0x98f569057ac0 : 1 stores
Line 0xea2062d6840 : 2 stores
Line 0xea206331600 : 6 stores
Line 0x98f56905b3c0 : 1 stores
Line 0x98f5690aab80 : 4 stores
Line 0xea2062d7540 : 1 stores
Line 0xea206332300 : 1 stores
Line 0x98f56905c0c0 : 2 stores
Line 0xea2062d56c0 : 1 stores
Line 0xea2062d6900 : 1 stores
Line 0xea206333540 : 2 stores
Line 0x98f56905d300 : 1 stores
Line 0xea2063316c0 : 4 stores
Line 0x98f56905b480 : 4 stores
Line 0xea20632db80 : 4 stores
Line 0x98f569057940 : 3 stores
Line 0xea2062d7600 : 1 stores
Line 0xea2062d76c0 : 2 stores
Line 0x98f56907e480 : 2 stores
Line 0xea2062f7a80 : 1 stores
Line 0xea20632f980 : 1 stores
Line 0x98f569059740 : 1 stores
Line 0xea2062d2d40 : 1 stores
Line 0x98f56904c2c0 : 3 stores
Line 0xea206322500 : 1 stores
Line 0xea2062d2e40 : 2 stores
Line 0xea20632fa80 : 3 stores
Line 0x98f569059840 : 2 stores
Line 0xea20632dc00 : 6 stores
Line 0x98f5690579c0 : 2 stores
Line 0xea2062d1200 : 4 stores
Line 0xea20632de40 : 2 stores
Line 0x98f569057c00 : 1 stores
Line 0xea2062d6980 : 2 stores
Line 0xea206331740 : 6 stores
Line 0x98f56905b500 : 1 stores
Line 0x98f5690aacc0 : 4 stores
Line 0xea206332440 : 1 stores
Line 0x98f56905c200 : 2 stores
Line 0xea2062d5800 : 1 stores
Line 0xea206331800 : 4 stores
Line 0x98f56905b5c0 : 4 stores
Line 0x98f56904fc00 : 1 stores
Line 0xea206325e40 : 1 stores
Line 0xea2062d7740 : 1 stores
Line 0xea2062fa6c0 : 3 stores
Line 0xea2062d7800 : 2 stores
Line 0x98f56907e5c0 : 2 stores
Line 0xea2062f7bc0 : 1 stores
Line 0xea20632fac0 : 1 stores
Line 0x98f569059880 : 1 stores
Line 0xea2062d2e80 : 1 stores
Line 0x98f56904c400 : 3 stores
Line 0xea206322640 : 1 stores
Line 0xea2062d1340 : 4 stores
Line 0xea20632df80 : 2 stores
Line 0x98f569057d40 : 1 stores
Line 0xea2062d6ac0 : 2 stores
Line 0xea206331880 : 6 stores
Line 0x98f56905b640 : 1 stores
Line 0xea206332580 : 1 stores
Line 0x98f56905c340 : 2 stores
Line 0xea2062d5940 : 1 stores
Line 0xea206331940 : 4 stores
Line 0x98f56905b700 : 4 stores
Line 0x98f56904fd40 : 1 stores
Line 0xea206325f80 : 1 stores
Line 0xea2062d7880 : 1 stores
Line 0x98f56907e700 : 2 stores
Line 0xea2062f7d00 : 1 stores
Line 0xa2132180f80 : 1 stores
Line 0xea20632fc00 : 1 stores
Line 0x98f5690599c0 : 1 stores
Line 0xea2062d2fc0 : 1 stores
Line 0x98f56904c540 : 3 stores
Line 0xea206322780 : 1 stores
Line 0xea2062fa800 : 3 stores
Line 0xea2062d7940 : 2 stores
Line 0xea2062d6c00 : 2 stores
Line 0xea2063319c0 : 6 stores
Line 0x98f56905b780 : 1 stores
Line 0xea2063326c0 : 1 stores
Line 0x98f56905c480 : 2 stores
Line 0xea2062d5a80 : 1 stores
Line 0xea206331a80 : 4 stores
Line 0x98f56905b840 : 4 stores
Line 0x98f56904fe80 : 1 stores
Line 0xea2063260c0 : 3 stores
Line 0xea2062ba3c0 : 2 stores
Line 0xa213217f2c0 : 1 stores
Line 0xea2062d79c0 : 1 stores
Line 0xea2062fa9c0 : 3 stores
Line 0xea2062fb9c0 : 4 stores
Line 0x98f5690823c0 : 4 stores
Line 0xea2062f6fc0 : 3 stores
Line 0xea2062f5140 : 1 stores
Line 0xea2062f7fc0 : 4 stores
Line 0x98f56907e9c0 : 1 stores
Line 0xea2062f9d80 : 2 stores
Line 0xea2062fa980 : 1 stores
Line 0xea2062f6200 : 3 stores
Line 0x98f56907ad80 : 5 stores
Line 0xea2062fd5c0 : 5 stores
Line 0xea2062f9d40 : 4 stores
Line 0x98f56907e8c0 : 1 stores
Line 0xea2062f7ec0 : 1 stores
Line 0xea2062fa940 : 3 stores
Line 0xea2062faa40 : 2 stores
Line 0xea2062fba40 : 2 stores
Line 0x98f569082440 : 4 stores
Line 0xea2062f9d00 : 5 stores
Line 0x98f56907e980 : 2 stores
Line 0xea2062f7f80 : 1 stores
Line 0xea2062f6f80 : 1 stores
Line 0x98f569082100 : 1 stores
Line 0xea2062fb700 : 1 stores
Line 0xea2062f6280 : 2 stores
Line 0xea2062fd640 : 2 stores
Line 0xea2062f9dc0 : 6 stores
Line 0x98f56907e940 : 1 stores
Line 0xea2062f7f40 : 2 stores
Line 0xea2062f6f40 : 3 stores
Line 0xea2062fab00 : 3 stores
Line 0xea2062f5280 : 1 stores
Line 0xea2062fbb00 : 4 stores
Line 0x98f569082500 : 4 stores
Line 0xea2062f9ec0 : 2 stores
Line 0x98f56907ea40 : 3 stores
Line 0xea2062f7040 : 2 stores
Line 0xea2062faac0 : 1 stores
Line 0xea2062f6340 : 3 stores
Line 0xea2062f9e80 : 4 stores
Line 0x98f56907ea00 : 1 stores
Line 0xea2062faa80 : 3 stores
Line 0xea2062fab80 : 2 stores
Line 0xea2062fbb80 : 2 stores
Line 0x98f569082580 : 4 stores
Line 0xea2062f9e40 : 5 stores
Line 0x98f56907eac0 : 2 stores
Line 0x98f569082240 : 1 stores
Line 0xea2062fb840 : 1 stores
Line 0xea2062f63c0 : 2 stores
Line 0xea2062fd780 : 2 stores
Line 0xea2062f9f00 : 6 stores
Line 0x98f56907ea80 : 1 stores
Line 0xea2062f7080 : 1 stores
Line 0xea2062fac40 : 3 stores
Line 0xea2062f53c0 : 1 stores
Line 0xea2062fbc40 : 4 stores
Line 0x98f569082640 : 4 stores
Line 0x98f56907eb80 : 3 stores
Line 0xea2062f9000 : 6 stores
Line 0xea2062f7180 : 2 stores
Line 0xea2062fac00 : 1 stores
Line 0xea2062fd600 : 4 stores
Line 0xea2062f9fc0 : 4 stores
Line 0x98f56907eb40 : 1 stores
Line 0xea2062f7100 : 1 stores
Line 0xea2062fabc0 : 3 stores
Line 0xea2062facc0 : 2 stores
Line 0xea2062fd6c0 : 1 stores
Line 0xea2062fbcc0 : 2 stores
Line 0x98f5690826c0 : 4 stores
Line 0xea2062f9f80 : 5 stores
Line 0x98f56907eb00 : 1 stores
Line 0x98f56907ec00 : 2 stores
Line 0xea2062f9080 : 5 stores
Line 0x98f569082380 : 1 stores
Line 0xea2062fb980 : 1 stores
Line 0xea2062ff500 : 4 stores
Line 0x98f569085f00 : 2 stores
Line 0xea2062fd680 : 6 stores
Line 0xea2062fd8c0 : 2 stores
Line 0xea2062f71c0 : 1 stores
Line 0xea2062fa040 : 2 stores
Line 0x98f56907ebc0 : 1 stores
Line 0xea2062fad80 : 3 stores
Line 0xea2062fbd80 : 4 stores
Line 0x98f569082780 : 4 stores
Line 0xea2062f5500 : 1 stores
Line 0xea2062f9140 : 6 stores
Line 0xea2062f72c0 : 2 stores
Line 0x98f56907ecc0 : 3 stores
Line 0xea2062fd740 : 4 stores
Line 0xea2062fad40 : 1 stores
Line 0xea2062f90c0 : 4 stores
Line 0xea2062f7240 : 1 stores
Line 0xea2062fa100 : 3 stores
Line 0x98f56907ec80 : 1 stores
Line 0xea2062fd800 : 1 stores
Line 0xea2062fae00 : 2 stores
Line 0xea2062fad00 : 3 stores
Line 0xea2062fbe00 : 2 stores
Line 0x98f569082800 : 4 stores
Line 0xea2062f91c0 : 5 stores
Line 0x98f56907ed40 : 2 stores
Line 0x98f56907ec40 : 1 stores
Line 0x98f5690824c0 : 1 stores
Line 0xea2062fbac0 : 1 stores
Line 0xea2062ff640 : 4 stores
Line 0x98f569086040 : 1 stores
Line 0xea2062fd7c0 : 6 stores
Line 0xea2062fda00 : 2 stores
Line 0xea2062f7300 : 1 stores
Line 0xea2062fa180 : 2 stores
Line 0x98f56907ed00 : 1 stores
Line 0xea2062faec0 : 3 stores
Line 0xea2062f9040 : 1 stores
Line 0xea2062fbec0 : 4 stores
Line 0x98f5690828c0 : 4 stores
Line 0xea2062ba140 : 2 stores
Line 0xa213217f040 : 1 stores
Line 0xea206306e00 : 1 stores
Line 0xea2062d3f00 : 1 stores
Line 0xea2062bb140 : 2 stores
Line 0xa2132180040 : 1 stores
Line 0xe8035e3cdac0 : 1 stores
Line 0xd79e62986380 : 2 stores
Line 0x98f56908e800 : 2 stores
Line 0xea206307e00 : 1 stores
Line 0xea2062f9280 : 6 stores
Line 0x98f56907de00 : 2 stores
Line 0xea2062f7400 : 2 stores
Line 0xea2062fd880 : 4 stores
Line 0xea2062fae80 : 1 stores
Line 0xea2062f9200 : 4 stores
Line 0xea2062f7380 : 1 stores
Line 0xea2062fa240 : 3 stores
Line 0xea2062fd940 : 1 stores
Line 0xea2062faf40 : 2 stores
Line 0xea2062fae40 : 3 stores
Line 0xea2062fbf40 : 2 stores
Line 0x98f569082940 : 4 stores
Line 0xea2062fa0c0 : 1 stores
Line 0xea2062d2f80 : 2 stores
Line 0xea20632fbc0 : 3 stores
Line 0x98f569059980 : 2 stores
Line 0xea2062ba1c0 : 1 stores
Line 0xa213217f0c0 : 1 stores
Line 0xe8035e3ccb40 : 6 stores
Line 0xd79e62985400 : 4 stores
Line 0xea206306e80 : 1 stores
Line 0x98f56908e8c0 : 1 stores
Line 0xea206307ec0 : 2 stores
Line 0xa1abd7f357c0 : 2 stores
Line 0xea2062f9300 : 5 stores
Line 0x98f56907ed80 : 1 stores
Line 0x98f569082600 : 1 stores
Line 0xea2062fbc00 : 1 stores
Line 0xea2062fd900 : 6 stores
Line 0xea2062fdb40 : 2 stores
Line 0x98f56907de40 : 1 stores
Line 0xea2062f7440 : 1 stores
Line 0xea2062fa2c0 : 2 stores
Line 0xea2062fb000 : 1 stores
Line 0xea2062f9180 : 1 stores
Line 0xea2062ba280 : 2 stores
Line 0xa213217f180 : 1 stores
Line 0xea206306f40 : 1 stores
Line 0xea2062bb280 : 2 stores
Line 0xa2132180180 : 1 stores
Line 0xe8035e3cdc00 : 1 stores
Line 0xd79e629864c0 : 2 stores
Line 0x98f56908e940 : 2 stores
Line 0xea206307f40 : 1 stores
Line 0xea2062f93c0 : 6 stores
Line 0x98f56907df40 : 2 stores
Line 0xea2062f7540 : 2 stores
Line 0xea2062fd9c0 : 4 stores
Line 0xea2062fafc0 : 1 stores
Line 0xea2062f9340 : 4 stores
Line 0x98f56907dec0 : 1 stores
Line 0xea2062f74c0 : 1 stores
Line 0xea2062fa380 : 3 stores
Line 0xea2062fda80 : 1 stores
Line 0xea2062fb080 : 2 stores
Line 0xea2062faf80 : 3 stores
Line 0xea2062fa200 : 1 stores
Line 0xea2062ba300 : 1 stores
Line 0xa213217f200 : 1 stores
Line 0xe8035e3ccc80 : 6 stores
Line 0xd79e62985540 : 4 stores
Line 0xea206306fc0 : 1 stores
Line 0x98f56908ea00 : 1 stores
Line 0xa1abd7f35900 : 2 stores
Line 0xea2062f9440 : 5 stores
Line 0x98f569082740 : 1 stores
Line 0xea2062fbd40 : 1 stores
Line 0xea2062fda40 : 6 stores
Line 0xea2062fdc80 : 2 stores
Line 0x98f56907df80 : 1 stores
Line 0xea2062f7580 : 1 stores
Line 0xea2062fa400 : 2 stores
Line 0xea2062fb140 : 1 stores
Line 0xea2062f92c0 : 1 stores
Line 0xea2062bb3c0 : 2 stores
Line 0xa21321802c0 : 1 stores
Line 0xe8035e3cdd40 : 1 stores
Line 0xd79e62986600 : 2 stores
Line 0x98f56908ea80 : 2 stores
Line 0xea2062b7500 : 2 stores
Line 0x98f56903df00 : 1 stores
Line 0x8ad33013ebc0 : 5 stores
Line 0xe8035e39c280 : 5 stores
Line 0x8ad33013fbc0 : 3 stores
Line 0xe8035e38eb00 : 1 stores
Line 0xea2063a5e80 : 6 stores
Line 0xea206305e40 : 2 stores
Line 0xa1abd7f33740 : 1 stores
Line 0xea2062fdb00 : 4 stores
Line 0xea2062fb100 : 4 stores
Line 0xea2062b7480 : 1 stores
Line 0x98f56903de80 : 1 stores
Line 0x8ad33013eb40 : 6 stores
Line 0xe8035e39c240 : 1 stores
Line 0x8ad33013fb80 : 2 stores
Line 0xe8035e38eac0 : 4 stores
Line 0xea2063a5e40 : 2 stores
Line 0xea206305e00 : 4 stores
Line 0xa1abd7f33700 : 3 stores
Line 0xea2062fdbc0 : 1 stores
Line 0xea2062fd040 : 6 stores
Line 0xea2062fb1c0 : 2 stores
Line 0xea2062fb0c0 : 1 stores
Line 0xea2062fa340 : 1 stores
Line 0xea2062ba440 : 1 stores
Line 0xa213217f340 : 1 stores
Line 0xe8035e3ccdc0 : 6 stores
Line 0xd79e62985680 : 4 stores
Line 0xea206307100 : 2 stores
Line 0xea2062b7580 : 4 stores
Line 0x98f56903df80 : 3 stores
Line 0x8ad33013ec40 : 2 stores
Line 0xe8035e39c300 : 2 stores
Line 0x8ad33013fc40 : 3 stores
Line 0xe8035e38eb80 : 2 stores
Line 0xea2063a5f00 : 5 stores
Line 0xea206305ec0 : 1 stores
Line 0xa1abd7f337c0 : 1 stores
Line 0xe8035e39c200 : 6 stores
Line 0x8ad33013fb40 : 1 stores
Line 0xe8035e38ea80 : 1 stores
Line 0xea2063a5e00 : 4 stores
Line 0x98f569082880 : 1 stores
Line 0xea2062fbe80 : 1 stores
Line 0xea2062fdb80 : 6 stores
Line 0xea2062fddc0 : 2 stores
Line 0x8ad33013ec00 : 4 stores
Line 0xe8035e39c2c0 : 4 stores
Line 0x8ad33013fc00 : 1 stores
Line 0xea206305e80 : 6 stores
Line 0xa1abd7f33780 : 3 stores
Line 0xea2062fd100 : 4 stores
Line 0xea2062fb280 : 1 stores
Line 0xea2062f9400 : 1 stores
Line 0xea2062bb500 : 2 stores
Line 0xa2132180400 : 1 stores
Line 0xe8035e3cde80 : 1 stores
Line 0xd79e62986740 : 2 stores
Line 0x98f56908ebc0 : 2 stores
Line 0xea2062b7640 : 2 stores
Line 0x8ad33013ed00 : 5 stores
Line 0xe8035e39c3c0 : 5 stores
Line 0x8ad33013fd00 : 3 stores
Line 0xe8035e38ec40 : 1 stores
Line 0xea2063a5fc0 : 6 stores
Line 0xea206305f80 : 2 stores
Line 0xa1abd7f33880 : 1 stores
Line 0xea2062fdc40 : 4 stores
Line 0xea2062fd0c0 : 5 stores
Line 0xea2062fb240 : 4 stores
Line 0x98f569082a00 : 4 stores
Line 0xea2062b75c0 : 1 stores
Line 0x98f56903dfc0 : 1 stores
Line 0x8ad33013ec80 : 6 stores
Line 0xe8035e39c380 : 1 stores
Line 0x8ad33013fcc0 : 2 stores
Line 0xe8035e38ec00 : 4 stores
Line 0xea2063a5f80 : 2 stores
Line 0xea206305f40 : 4 stores
Line 0xa1abd7f33840 : 3 stores
Line 0xea2062fdd00 : 1 stores
Line 0xea2062fd180 : 6 stores
Line 0xea2062fb300 : 2 stores
Line 0xea2062fb200 : 1 stores
Line 0xea2062fa480 : 1 stores
Line 0xea2062ba580 : 1 stores
Line 0xa213217f480 : 1 stores
Line 0xe8035e3ccf00 : 6 stores
Line 0xd79e629857c0 : 4 stores
Line 0xea206307240 : 2 stores
Line 0xea2062b76c0 : 4 stores
Line 0x8ad33013ed80 : 2 stores
Line 0xe8035e38dcc0 : 3 stores
Line 0xea2063a5040 : 4 stores
Line 0xe8035e39c440 : 2 stores
Line 0x8ad33013fd80 : 3 stores
Line 0xe8035e38ecc0 : 2 stores
Line 0xea2063a6040 : 1 stores
Line 0xea206306000 : 2 stores
Line 0xa1abd7f33900 : 1 stores
Line 0xe8035e39c340 : 6 stores
Line 0x8ad33013fc80 : 1 stores
Line 0xe8035e38ebc0 : 1 stores
Line 0xea2063a5f40 : 4 stores
Line 0x98f5690829c0 : 1 stores
Line 0xea2062fbfc0 : 1 stores
Line 0xea2062fdcc0 : 6 stores
Line 0x98f569082a80 : 4 stores
Line 0xea2062b7680 : 1 stores
Line 0x8ad33013ed40 : 4 stores
Line 0xe8035e38dc80 : 2 stores
Line 0xea2063a5000 : 5 stores
Line 0xe8035e39c400 : 4 stores
Line 0x8ad33013fd40 : 1 stores
Line 0xe8035e38ec80 : 2 stores
Line 0xea2063a6000 : 3 stores
Line 0xea206305fc0 : 6 stores
Line 0xa1abd7f338c0 : 3 stores
Line 0xea2062fd240 : 4 stores
Line 0x98f569081dc0 : 2 stores
Line 0xea2062fb3c0 : 1 stores
Line 0xea2062f9540 : 1 stores
Line 0xea2062bb640 : 2 stores
Line 0xa2132180540 : 1 stores
Line 0xe8035e3cdfc0 : 1 stores
Line 0xd79e62986880 : 2 stores
Line 0x98f56908ed00 : 2 stores
Line 0xea2062b7780 : 2 stores
Line 0x8ad33013ee40 : 5 stores
Line 0xe8035e39c500 : 5 stores
Line 0x8ad33013fe40 : 3 stores
Line 0xe8035e38ed80 : 1 stores
Line 0xea2063a6100 : 2 stores
Line 0xea2063060c0 : 1 stores
Line 0xa1abd7f339c0 : 1 stores
Line 0xea2062fdd80 : 4 stores
Line 0xea2062fd200 : 5 stores
Line 0xea2062fb380 : 4 stores
Line 0x98f569082b40 : 4 stores
Line 0xea2062b7700 : 1 stores
Line 0x8ad33013edc0 : 6 stores
Line 0xe8035e38dd00 : 1 stores
Line 0xea2063a5080 : 2 stores
Line 0xe8035e39c4c0 : 1 stores
Line 0x8ad33013fe00 : 2 stores
Line 0xe8035e38ed40 : 4 stores
Line 0xea2063a60c0 : 1 stores
Line 0xea206306080 : 4 stores
Line 0xa1abd7f33980 : 3 stores
Line 0xea2062fde40 : 1 stores
Line 0xea2062fd2c0 : 6 stores
Line 0x98f569081e40 : 2 stores
Line 0xea2062fb440 : 2 stores
Line 0xea2062fb340 : 1 stores
Line 0xea2062fa5c0 : 1 stores
Line 0xea206307380 : 2 stores
Line 0xea2062b7800 : 4 stores
Line 0x8ad33013eec0 : 2 stores
Line 0xe8035e38de00 : 3 stores
Line 0xea2063a5180 : 4 stores
Line 0xe8035e39c580 : 2 stores
Line 0x8ad33013fec0 : 3 stores
Line 0xe8035e38ee00 : 2 stores
Line 0xea2063a6180 : 1 stores
Line 0xea206306140 : 2 stores
Line 0xa1abd7f33a40 : 1 stores
Line 0xe8035e39c480 : 6 stores
Line 0x8ad33013fdc0 : 1 stores
Line 0xe8035e38ed00 : 1 stores
Line 0xea2063a6080 : 3 stores
Line 0x98f569082b00 : 1 stores
Line 0xea2062fde00 : 6 stores
Line 0x98f569082bc0 : 4 stores
Line 0xea2062b77c0 : 1 stores
Line 0x8ad33013ee80 : 4 stores
Line 0xe8035e38ddc0 : 2 stores
Line 0xea2063a5140 : 5 stores
Line 0xe8035e39c540 : 4 stores
Line 0x8ad33013fe80 : 1 stores
Line 0xe8035e38edc0 : 2 stores
Line 0xea2063a6140 : 3 stores
Line 0xea206306100 : 2 stores
Line 0xa1abd7f33a00 : 3 stores
Line 0xea2062fdf00 : 2 stores
Line 0xea2062fd380 : 4 stores
Line 0x98f569081f00 : 2 stores
Line 0xea2062fb500 : 1 stores
Line 0xea2062fe680 : 1 stores
Line 0xea2062bb780 : 2 stores
Line 0xa2132180680 : 1 stores
Line 0xe8035e3ce100 : 4 stores
Line 0xd79e629869c0 : 2 stores
Line 0x98f569086080 : 3 stores
Line 0xea2062ff680 : 1 stores
Line 0x8ad33013ef80 : 5 stores
Line 0xe8035e39c640 : 5 stores
Line 0x8ad33013ff80 : 3 stores
Line 0xe8035e38eec0 : 1 stores
Line 0xea2063a6240 : 2 stores
Line 0xea206306200 : 1 stores
Line 0xa1abd7f33b00 : 1 stores
Line 0xea2062fdec0 : 4 stores
Line 0xea2062fd340 : 5 stores
Line 0x98f569082c80 : 4 stores
Line 0xea2062b7840 : 1 stores
Line 0x8ad33013ef00 : 6 stores
Line 0xe8035e38de40 : 1 stores
Line 0xea2063a51c0 : 2 stores
Line 0xe8035e39c600 : 1 stores
Line 0x8ad33013ff40 : 2 stores
Line 0xe8035e38ee80 : 4 stores
Line 0xea2063a6200 : 1 stores
Line 0xea2063061c0 : 4 stores
Line 0xa1abd7f33ac0 : 3 stores
Line 0xea2062fdf80 : 1 stores
Line 0xea2062fd400 : 6 stores
Line 0x98f569081f80 : 2 stores
Line 0xea2062fb580 : 2 stores
Line 0x98f569081e80 : 1 stores
Line 0xea2062fb480 : 1 stores
Line 0xea2062fe700 : 3 stores
Line 0x98f569086100 : 2 stores
Line 0xea2062ff700 : 2 stores
Line 0x98f56908dec0 : 3 stores
Line 0xea2063074c0 : 2 stores
Line 0x8ad33013f000 : 1 stores
Line 0xe8035e38df40 : 3 stores
Line 0xea2063a52c0 : 4 stores
Line 0xea2062b7940 : 4 stores
Line 0xe8035e39c6c0 : 2 stores
Line 0x8ad330140000 : 1 stores
Line 0xe8035e38ef40 : 2 stores
Line 0xea2063a62c0 : 1 stores
Line 0xea206306280 : 2 stores
Line 0xa1abd7f33b80 : 1 stores
Line 0xe8035e39c5c0 : 6 stores
Line 0x8ad33013ff00 : 1 stores
Line 0xe8035e38ee40 : 1 stores
Line 0xea2063a61c0 : 3 stores
Line 0x98f569082c40 : 1 stores
Line 0xea2062fdf40 : 6 stores
Line 0x98f569082d00 : 4 stores
Line 0xe8035e39c680 : 4 stores
Line 0x8ad33013ffc0 : 1 stores
Line 0xe8035e38ef00 : 2 stores
Line 0xea2063a6280 : 3 stores
Line 0xea206306240 : 2 stores
Line 0xa1abd7f33b40 : 3 stores
Line 0xea2062b7900 : 1 stores
Line 0x8ad33013efc0 : 4 stores
Line 0xe8035e38df00 : 2 stores
Line 0xea2063a5280 : 5 stores
Line 0xea2062fe040 : 1 stores
Line 0xea2062bb8c0 : 2 stores
Line 0xa21321807c0 : 1 stores
Line 0xe8035e3ce240 : 4 stores
Line 0xd79e62986b00 : 2 stores
Line 0x98f5690861c0 : 3 stores
Line 0xea2062ff7c0 : 1 stores
Line 0xea2062fe7c0 : 1 stores
Line 0xe8035e39c780 : 5 stores
Line 0x8ad3301400c0 : 1 stores
Line 0xea2063a6380 : 2 stores
Line 0xea206306340 : 1 stores
Line 0xa1abd7f33c40 : 1 stores
Line 0x8ad33013f0c0 : 1 stores
Line 0xea2062fe000 : 3 stores
Line 0xe8035e39c740 : 1 stores
Line 0x8ad330140080 : 2 stores
Line 0xe8035e38efc0 : 4 stores
Line 0xea2063a6340 : 1 stores
Line 0xea206306300 : 4 stores
Line 0xa1abd7f33c00 : 3 stores
Line 0x8ad33013f040 : 2 stores
Line 0xe8035e38df80 : 1 stores
Line 0xea2063a5300 : 2 stores
Line 0x98f569081fc0 : 1 stores
Line 0xea2062fb5c0 : 1 stores
Line 0xea2062fe0c0 : 3 stores
Line 0x98f56908e000 : 1 stores
Line 0xea206307600 : 2 stores
Line 0x98f569086240 : 2 stores
Line 0xea2062ff840 : 2 stores
Line 0xea2062fe840 : 3 stores
Line 0xe8035e39c700 : 6 stores
Line 0x8ad330140040 : 2 stores
Line 0xe8035e38ef80 : 1 stores
Line 0xea2063a6300 : 3 stores
Line 0xe8035e39c800 : 2 stores
Line 0x8ad330140140 : 1 stores
Line 0xea2063a6400 : 1 stores
Line 0xea2063063c0 : 2 stores
Line 0xa1abd7f33cc0 : 1 stores
Line 0x8ad33013f140 : 1 stores
Line 0xe8035e38e080 : 1 stores
Line 0xea2063a5400 : 4 stores
Line 0xea2062b7a80 : 4 stores
Line 0x98f569082d80 : 1 stores
Line 0xea2062fe080 : 2 stores
Line 0xe8035e39c7c0 : 4 stores
Line 0x8ad330140100 : 4 stores
Line 0xea2063a63c0 : 3 stores
Line 0xea206306380 : 2 stores
Line 0xa1abd7f33c80 : 3 stores
Line 0xea2062b7a40 : 1 stores
Line 0x8ad33013f100 : 3 stores
Line 0xe8035e38e040 : 2 stores
Line 0xea2063a53c0 : 5 stores
Line 0xea2062fe180 : 1 stores
Line 0xea2062bba00 : 2 stores
Line 0xa2132180900 : 1 stores
Line 0xe8035e3ce380 : 4 stores
Line 0xd79e62986c40 : 2 stores
Line 0x98f569086300 : 3 stores
Line 0xea2062ff900 : 1 stores
Line 0xea2062fe900 : 1 stores
Line 0xe8035e39c8c0 : 5 stores
Line 0x8ad330140200 : 1 stores
Line 0xea2063a64c0 : 2 stores
Line 0xea206306480 : 1 stores
Line 0xa1abd7f33d80 : 1 stores
Line 0x8ad33013f200 : 1 stores
Line 0xea2062fe140 : 3 stores
Line 0xe8035e39c880 : 1 stores
Line 0x8ad3301401c0 : 2 stores
Line 0xea2063a6480 : 1 stores
Line 0xea206306440 : 4 stores
Line 0xa1abd7f33d40 : 3 stores
Line 0x8ad33013f180 : 2 stores
Line 0xe8035e38e0c0 : 4 stores
Line 0xea2063a5440 : 2 stores
Line 0xea2062fe200 : 3 stores
Line 0x98f56908e140 : 1 stores
Line 0xea206307740 : 2 stores
Line 0xa1abd7f35040 : 2 stores
Line 0x98f569086380 : 2 stores
Line 0xea2062ff980 : 2 stores
Line 0xea2062fe980 : 3 stores
Line 0xe8035e39c840 : 6 stores
Line 0x8ad330140180 : 2 stores
Line 0xea2063a6440 : 3 stores
Line 0xe8035e39c940 : 2 stores
Line 0x8ad330140280 : 1 stores
Line 0xea2063a6540 : 1 stores
Line 0xea206306500 : 2 stores
Line 0xa1abd7f33e00 : 1 stores
Line 0x8ad33013f280 : 1 stores
Line 0xe8035e38e1c0 : 1 stores
Line 0xea2063a5540 : 4 stores
Line 0xea2062b7bc0 : 4 stores
Line 0xea2062fe1c0 : 2 stores
Line 0xe8035e39c900 : 4 stores
Line 0x8ad330140240 : 4 stores
Line 0xea2063a6500 : 3 stores
Line 0xea2063064c0 : 2 stores
Line 0xa1abd7f33dc0 : 3 stores
Line 0xea2062b7b80 : 1 stores
Line 0x8ad33013f240 : 3 stores
Line 0xe8035e38e180 : 2 stores
Line 0xea2063a5500 : 5 stores
Line 0xea2062fe2c0 : 1 stores
Line 0xea2062bbb40 : 2 stores
Line 0xa2132180a40 : 1 stores
Line 0xe8035e3ce4c0 : 4 stores
Line 0xd79e62986d80 : 2 stores
Line 0x98f569086440 : 3 stores
Line 0xea2062ffa40 : 1 stores
Line 0xea2062fea40 : 1 stores
Line 0xe8035e39ca00 : 5 stores
Line 0x8ad330140340 : 1 stores
Line 0xea2063a6600 : 2 stores
Line 0xea2063065c0 : 1 stores
Line 0xa1abd7f33ec0 : 1 stores
Line 0x8ad33013f340 : 1 stores
Line 0xea2062fe280 : 3 stores
Line 0xe8035e39c9c0 : 1 stores
Line 0x8ad330140300 : 2 stores
Line 0xea2063a65c0 : 1 stores
Line 0xea206306580 : 4 stores
Line 0xa1abd7f33e80 : 3 stores
Line 0x8ad33013f2c0 : 2 stores
Line 0xe8035e38e200 : 4 stores
Line 0xea2063a5580 : 2 stores
Line 0xea2062fe340 : 3 stores
Line 0xea2062d3980 : 1 stores
Line 0xea2062babc0 : 1 stores
Line 0xa213217fac0 : 1 stores
Line 0xe8035e3cd540 : 2 stores
Line 0xd79e62985e00 : 4 stores
Line 0x98f56908e280 : 1 stores
Line 0xea206307880 : 2 stores
Line 0xa1abd7f35180 : 2 stores
Line 0x98f5690864c0 : 2 stores
Line 0xea2062ffac0 : 2 stores
Line 0xea2062feac0 : 3 stores
Line 0xe8035e39c980 : 6 stores
Line 0x8ad3301402c0 : 2 stores
Line 0xea2063a6580 : 3 stores
Line 0xe8035e39ca80 : 2 stores
Line 0x8ad3301403c0 : 1 stores
Line 0xea2063a6680 : 1 stores
Line 0xea206306640 : 2 stores
Line 0xa1abd7f33f40 : 1 stores
Line 0x8ad33013f3c0 : 1 stores
Line 0xe8035e38e300 : 1 stores
Line 0xea2063a5680 : 4 stores
Line 0xea2062b7d00 : 4 stores
Line 0xea2062caf00 : 3 stores
Line 0xea2062fe300 : 2 stores
Line 0xe8035e39ca40 : 4 stores
Line 0x8ad330140380 : 4 stores
Line 0xea2063a6640 : 3 stores
Line 0xea206306600 : 2 stores
Line 0xa1abd7f33f00 : 3 stores
Line 0xea2062b7cc0 : 1 stores
Line 0x8ad33013f380 : 3 stores
Line 0xe8035e38e2c0 : 2 stores
Line 0xea2063a5640 : 5 stores
Line 0xea206305600 : 1 stores
Line 0xa1abd7f32f00 : 4 stores
Line 0xea2062fe400 : 1 stores
Line 0xea2062bbc80 : 2 stores
Line 0xa2132180b80 : 1 stores
Line 0xe8035e3ce600 : 4 stores
Line 0xd79e62986ec0 : 2 stores
Line 0x98f569086580 : 3 stores
Line 0xea2062ffb80 : 1 stores
Line 0xea2062feb80 : 1 stores
Line 0xe8035e39cb40 : 5 stores
Line 0x8ad330140480 : 1 stores
Line 0xea2063a6740 : 2 stores
Line 0xea206306700 : 1 stores
Line 0x8ad33013f480 : 1 stores
Line 0xea206305700 : 6 stores
Line 0xa1abd7f33000 : 3 stores
Line 0xea2062fe3c0 : 3 stores
Line 0x8ad33013f400 : 2 stores
Line 0xe8035e38e340 : 4 stores
Line 0xea2063a56c0 : 2 stores
Line 0xea206305680 : 4 stores
Line 0xa1abd7f32f80 : 2 stores
Line 0xe8035e39cb00 : 1 stores
Line 0x8ad330140440 : 2 stores
Line 0xea2063a6700 : 1 stores
Line 0xea2063066c0 : 4 stores
Line 0xa1abd7f33fc0 : 3 stores
Line 0xea2062fe480 : 3 stores
Line 0xea2062fec00 : 3 stores
Line 0x98f569086600 : 2 stores
Line 0xea2062ffc00 : 2 stores
Line 0x98f56908e3c0 : 1 stores
Line 0xea2063079c0 : 2 stores
Line 0xa1abd7f352c0 : 2 stores
Line 0x8ad33013f500 : 1 stores
Line 0xe8035e38e440 : 1 stores
Line 0xea2063a57c0 : 4 stores
Line 0xea2062b7e40 : 4 stores
Line 0xe8035e39cbc0 : 2 stores
Line 0x8ad330140500 : 1 stores
Line 0xea2063a67c0 : 1 stores
Line 0xea206306780 : 2 stores
Line 0xe8035e39cac0 : 6 stores
Line 0x8ad330140400 : 2 stores
Line 0xea2063a66c0 : 3 stores
Line 0xea206306680 : 1 stores
Line 0xa1abd7f33f80 : 2 stores
Line 0xea2062cb040 : 1 stores
Line 0xea2062fe440 : 2 stores
Line 0xea2062b7e00 : 1 stores
Line 0x8ad33013f4c0 : 3 stores
Line 0xe8035e38e400 : 2 stores
Line 0xea2063a5780 : 5 stores
Line 0xea206305740 : 1 stores
Line 0xa1abd7f33040 : 1 stores
Line 0xe8035e39cb80 : 4 stores
Line 0x8ad3301404c0 : 4 stores
Line 0xea2063a6780 : 3 stores
Line 0xea206306740 : 2 stores
Line 0xea2062fe540 : 1 stores
Line 0xe8035e446e00 : 1 stores
Line 0xfdfd3a7c5540 : 2 stores
Line 0xea2062be4c0 : 4 stores
Line 0xea20631b100 : 2 stores
Line 0x98f569044ec0 : 1 stores
Line 0x98f569092800 : 2 stores
Line 0xea20630be00 : 2 stores
Line 0xea2062fecc0 : 1 stores
Line 0x98f5690866c0 : 3 stores
Line 0xea2062ffcc0 : 1 stores
Line 0xea2062bbdc0 : 2 stores
Line 0xa2132180cc0 : 1 stores
Line 0x8ad33013f5c0 : 1 stores
Line 0xea206305840 : 6 stores
Line 0xa1abd7f33140 : 3 stores
Line 0xe8035e39cc80 : 5 stores
Line 0x8ad3301405c0 : 1 stores
Line 0xea2063a6880 : 2 stores
Line 0xea206306840 : 1 stores
Line 0x8ad33013f540 : 2 stores
Line 0xe8035e38e480 : 4 stores
Line 0xea2063a5800 : 2 stores
Line 0xea2063057c0 : 4 stores
Line 0xa1abd7f330c0 : 3 stores
Line 0xe8035e39cc40 : 1 stores
Line 0x8ad330140580 : 2 stores
Line 0xea2063a6840 : 1 stores
Line 0xea206306800 : 4 stores
Line 0xea2062fe5c0 : 3 stores
Line 0xfdfd3a7c55c0 : 2 stores
Line 0xea2062be540 : 2 stores
Line 0xea20631b180 : 1 stores
Line 0x98f569044f40 : 1 stores
Line 0x98f569092880 : 1 stores
Line 0xea20630be80 : 4 stores
Line 0xea2062fed40 : 3 stores
Line 0x98f569086740 : 2 stores
Line 0xea2062ffd40 : 2 stores
Line 0x98f56908e500 : 1 stores
Line 0xea206307b00 : 2 stores
Line 0xa1abd7f35400 : 2 stores
Line 0x8ad33013f640 : 1 stores
Line 0xe8035e38e580 : 1 stores
Line 0xea2063a5900 : 4 stores
Line 0xea2062b7f80 : 4 stores
Line 0xe8035e39cd00 : 2 stores
Line 0x8ad330140640 : 1 stores
Line 0xea2063a6900 : 1 stores
Line 0xea2063068c0 : 2 stores
Line 0xe8035e39cc00 : 6 stores
Line 0x8ad330140540 : 2 stores
Line 0xea2063a6800 : 3 stores
Line 0xea2063067c0 : 1 stores
Line 0xea2062cb180 : 1 stores
Line 0xea2062b7f40 : 1 stores
Line 0x8ad33013f600 : 3 stores
Line 0xe8035e38e540 : 2 stores
Line 0xea2063a58c0 : 5 stores
Line 0xea206305880 : 1 stores
Line 0xa1abd7f33180 : 1 stores
Line 0xe8035e39ccc0 : 4 stores
Line 0x8ad330140600 : 4 stores
Line 0xea2063a68c0 : 3 stores
Line 0xea206306880 : 2 stores
Line 0xea206301680 : 2 stores
Line 0xe8035e446f40 : 1 stores
Line 0xfdfd3a7c5680 : 2 stores
Line 0xea2062be600 : 4 stores
Line 0x98f569092940 : 2 stores
Line 0xea20630bf40 : 2 stores
Line 0xea2062fee00 : 1 stores
Line 0x98f569086800 : 3 stores
Line 0xea2062ffe00 : 1 stores
Line 0xea2062bbf00 : 2 stores
Line 0xa2132180e00 : 1 stores
Line 0x8ad33013f700 : 1 stores
Line 0xea206305980 : 6 stores
Line 0xa1abd7f33280 : 3 stores
Line 0xe8035e39cdc0 : 5 stores
Line 0x8ad330140700 : 1 stores
Line 0xea2063a69c0 : 2 stores
Line 0xea2062b9040 : 5 stores
Line 0xea206306980 : 1 stores
Line 0xea206301640 : 4 stores
Line 0x8ad33013f680 : 2 stores
Line 0xe8035e38e5c0 : 4 stores
Line 0xea2063a5940 : 2 stores
Line 0xea206305900 : 4 stores
Line 0xa1abd7f33200 : 3 stores
Line 0xea2062b9000 : 1 stores
Line 0xe8035e39cd80 : 1 stores
Line 0x8ad3301406c0 : 2 stores
Line 0xea2063a6980 : 1 stores
Line 0xea206306940 : 4 stores
Line 0xea206301700 : 1 stores
Line 0xe8035e446ec0 : 1 stores
Line 0xfdfd3a7c5600 : 1 stores
Line 0x98f5690928c0 : 4 stores
Line 0xea20630bec0 : 1 stores
Line 0xea2062fee80 : 3 stores
Line 0x98f569086880 : 2 stores
Line 0xea2062ffe80 : 2 stores
Line 0x98f56908e640 : 1 stores
Line 0xea206307c40 : 2 stores
Line 0xa1abd7f35540 : 2 stores
Line 0x8ad33013f780 : 1 stores
Line 0xe8035e38e6c0 : 1 stores
Line 0xea2063a5a40 : 4 stores
Line 0xe8035e39ce40 : 2 stores
Line 0x8ad330140780 : 1 stores
Line 0x8ad330133000 : 1 stores
Line 0xea2063a6a40 : 1 stores
Line 0xea2062b90c0 : 2 stores
Line 0xea206306a00 : 2 stores
Line 0xe8035e39cd40 : 6 stores
Line 0x8ad330140680 : 2 stores
Line 0xea2063a6940 : 3 stores
Line 0xea206306900 : 1 stores
Line 0xea2062cb2c0 : 1 stores
Line 0xea2063016c0 : 6 stores
Line 0x8ad33013f740 : 3 stores
Line 0xe8035e38e680 : 2 stores
Line 0xea2063a5a00 : 5 stores
Line 0xea2063059c0 : 1 stores
Line 0xa1abd7f332c0 : 1 stores
Line 0xe8035e39ce00 : 4 stores
Line 0x8ad330140740 : 4 stores
Line 0xea2063a6a00 : 3 stores
Line 0xea2063069c0 : 2 stores
Line 0xea2063017c0 : 2 stores
Line 0xea2062ca6c0 : 3 stores
Line 0xfdfd3a7c57c0 : 2 stores
Line 0xea2062be740 : 4 stores
Line 0x98f569092a80 : 2 stores
Line 0xea2062fef40 : 1 stores
Line 0x98f569086940 : 3 stores
Line 0xea2062fff40 : 1 stores
Line 0xa2132180f40 : 1 stores
Line 0x8ad33013f840 : 1 stores
Line 0xea206305ac0 : 6 stores
Line 0xa1abd7f333c0 : 3 stores
Line 0xe8035e39cf00 : 5 stores
Line 0x8ad330140840 : 1 stores
Line 0x8ad3301330c0 : 2 stores
Line 0xea2063a6b00 : 2 stores
Line 0xea2062b9180 : 5 stores
Line 0xea206306ac0 : 1 stores
Line 0xea206301780 : 4 stores
Line 0x8ad33013f7c0 : 2 stores
Line 0xe8035e38e700 : 4 stores
Line 0xea2063a5a80 : 2 stores
Line 0xea206305a40 : 4 stores
Line 0xa1abd7f33340 : 3 stores
Line 0xea2062ca640 : 3 stores
Line 0xfdfd3a7c5740 : 1 stores
Line 0x98f569092a00 : 4 stores
Line 0xea206301840 : 1 stores
Line 0x98f56908e780 : 1 stores
Line 0xea206307d80 : 2 stores
Line 0xa1abd7f35680 : 2 stores
Line 0x98f5690869c0 : 2 stores
Line 0xea2062fffc0 : 2 stores
Line 0xea2062fefc0 : 3 stores
Line 0xe8035e39ce80 : 6 stores
Line 0x8ad3301407c0 : 2 stores
Line 0x8ad330133040 : 3 stores
Line 0xea2063a6a80 : 3 stores
Line 0xea206306a40 : 1 stores
Line 0xea206301800 : 6 stores
Line 0xe8035e39cf40 : 4 stores
Line 0x8ad330140880 : 4 stores
Line 0x8ad330133100 : 3 stores
Line 0xea2063a6b40 : 3 stores
Line 0xea206306b00 : 2 stores
Line 0x8ad33013f880 : 3 stores
Line 0xe8035e38e7c0 : 2 stores
Line 0xea2063a5b40 : 5 stores
Line 0xea206305b00 : 1 stores
Line 0xa1abd7f33400 : 1 stores
Line 0xea2062ca800 : 3 stores
Line 0xfdfd3a7c5900 : 2 stores
Line 0x98f569052e80 : 6 stores
Line 0xea2063290c0 : 1 stores
Line 0xea2062be880 : 4 stores
Line 0xea206319640 : 5 stores
Line 0x98f569043400 : 1 stores
Line 0x98f569092bc0 : 2 stores
Line 0xea206301900 : 2 stores
Line 0x98f569086a80 : 3 stores
Line 0xe8035e39d040 : 1 stores
Line 0x8ad330140980 : 1 stores
Line 0x8ad330133200 : 2 stores
Line 0xea2063a6c40 : 2 stores
Line 0xea2062b92c0 : 5 stores
Line 0xea206306c00 : 1 stores
Line 0xe8035e39c040 : 4 stores
Line 0x8ad33013f980 : 1 stores
Line 0xea206305c00 : 6 stores
Line 0xa1abd7f33500 : 3 stores
Line 0xea2063018c0 : 4 stores
Line 0x8ad33013f900 : 2 stores
Line 0xe8035e38e840 : 4 stores
Line 0xea2063a5bc0 : 2 stores
Line 0xea206305b80 : 4 stores
Line 0xa1abd7f33480 : 3 stores
Line 0xea2062ca780 : 3 stores
Line 0xfdfd3a7c5880 : 1 stores
Line 0x98f569052e00 : 4 stores
Line 0xea206329040 : 2 stores
Line 0x98f569092b40 : 4 stores
Line 0xea206301980 : 1 stores
Line 0xea2062bb580 : 1 stores
Line 0x8ad330142c40 : 4 stores
Line 0x98f569086b00 : 2 stores
Line 0xea2062ff100 : 1 stores
Line 0xe8035e39cfc0 : 6 stores
Line 0x8ad330140900 : 2 stores
Line 0x8ad330133180 : 3 stores
Line 0xea2063a6bc0 : 3 stores
Line 0xea206306b80 : 1 stores
Line 0xea206301940 : 6 stores
Line 0xe8035e39d080 : 3 stores
Line 0x8ad3301409c0 : 4 stores
Line 0x8ad330133240 : 3 stores
Line 0xea2063a6c80 : 3 stores
Line 0xea206306c40 : 2 stores
Line 0xe8035e39c080 : 2 stores
Line 0x8ad33013f9c0 : 3 stores
Line 0xe8035e38e900 : 2 stores
Line 0xea2063a5c80 : 5 stores
Line 0xea206305c40 : 1 stores
Line 0xa1abd7f33540 : 1 stores
Line 0xea2062ca940 : 3 stores
Line 0xea206325700 : 5 stores
Line 0x98f56904f4c0 : 1 stores
Line 0xfdfd3a7c5a40 : 2 stores
Line 0x98f569052fc0 : 6 stores
Line 0xea206329200 : 1 stores
Line 0xea2062be9c0 : 4 stores
Line 0xea206319780 : 5 stores
Line 0x98f569043540 : 1 stores
Line 0x98f569092d00 : 2 stores
Line 0xea206301a40 : 2 stores
Line 0x98f569086bc0 : 3 stores
Line 0xe8035e39d180 : 1 stores
Line 0x8ad330140ac0 : 1 stores
Line 0x8ad330133340 : 2 stores
Line 0xea2063a6d80 : 2 stores
Line 0xea2062b9400 : 5 stores
Line 0xea206306d40 : 1 stores
Line 0xe8035e39c180 : 4 stores
Line 0x8ad33013fac0 : 1 stores
Line 0xea206305d40 : 6 stores
Line 0xa1abd7f33640 : 3 stores
Line 0xea206301a00 : 4 stores
Line 0xe8035e39c100 : 1 stores
Line 0x8ad33013fa40 : 2 stores
Line 0xe8035e38e980 : 4 stores
Line 0xea2063a5d00 : 2 stores
Line 0xea206305cc0 : 4 stores
Line 0xa1abd7f335c0 : 3 stores
Line 0xea2062ca8c0 : 3 stores
Line 0xfdfd3a7c59c0 : 1 stores
Line 0x98f569052f40 : 4 stores
Line 0xea206329180 : 2 stores
Line 0xea206319700 : 6 stores
Line 0x98f5690434c0 : 1 stores
Line 0x98f569092c80 : 4 stores
Line 0xea206301ac0 : 1 stores
Line 0x8ad330142d80 : 4 stores
Line 0xe8035e391cc0 : 2 stores
Line 0xea2063a9040 : 5 stores
Line 0x98f569086c40 : 2 stores
Line 0xea2062ff240 : 1 stores
Line 0xe8035e39d100 : 2 stores
Line 0x8ad330140a40 : 2 stores
Line 0x8ad3301332c0 : 3 stores
Line 0xea2063a6d00 : 3 stores
Line 0xea206306cc0 : 1 stores
Line 0xea206301a80 : 6 stores
Line 0xe8035e39d1c0 : 3 stores
Line 0x8ad330140b00 : 4 stores
Line 0x8ad330133380 : 3 stores
Line 0xea2063a6dc0 : 3 stores
Line 0xea206306d80 : 2 stores
Line 0xe8035e39c1c0 : 2 stores
Line 0x8ad33013fb00 : 3 stores
Line 0xe8035e38ea40 : 2 stores
Line 0xea2063a5dc0 : 5 stores
Line 0xea206305d80 : 1 stores
Line 0xa1abd7f33680 : 1 stores
Line 0xea2062caa80 : 3 stores
Line 0xea206325840 : 5 stores
Line 0x98f56904f600 : 1 stores
Line 0xfdfd3a7c5b80 : 2 stores
Line 0xea206329340 : 1 stores
Line 0xea2062beb00 : 4 stores
Line 0xea2063198c0 : 5 stores
Line 0x98f569043680 : 1 stores
Line 0xea206301b80 : 2 stores
Line 0x98f569086d00 : 3 stores
Line 0xea206301b40 : 4 stores
Line 0xea2062caa00 : 3 stores
Line 0xfdfd3a7c5b00 : 1 stores
Line 0xea2063292c0 : 2 stores
Line 0xea206319840 : 6 stores
Line 0x98f569043600 : 1 stores
Line 0xea206301c00 : 1 stores
Line 0x8ad330142ec0 : 4 stores
Line 0xe8035e391e00 : 2 stores
Line 0xea2063a9180 : 5 stores
Line 0x98f569086d80 : 2 stores
Line 0xea2062ff380 : 1 stores
Line 0xea206301bc0 : 6 stores
Line 0xea206301cc0 : 2 stores
Line 0xea2062cabc0 : 3 stores
Line 0xea206325980 : 5 stores
Line 0x98f56904f740 : 1 stores
Line 0xfdfd3a7c5cc0 : 2 stores
Line 0xea206329480 : 1 stores
Line 0xea2062bec40 : 4 stores
Line 0xea206319a00 : 5 stores
Line 0x98f5690437c0 : 1 stores
Line 0xea206301c80 : 4 stores
Line 0xea206301d40 : 1 stores
Line 0xea2062cab40 : 3 stores
Line 0xfdfd3a7c5c40 : 1 stores
Line 0xea206329400 : 2 stores
Line 0xea206319980 : 6 stores
Line 0x98f569043740 : 1 stores
Line 0x98f569085ec0 : 2 stores
Line 0xea2062ff4c0 : 1 stores
Line 0x8ad330143000 : 4 stores
Line 0xe8035e391f40 : 2 stores
Line 0xea2063a92c0 : 5 stores
Line 0xea206301d00 : 6 stores
Line 0xea206301e00 : 2 stores
Line 0xea2062cad00 : 3 stores
Line 0xea206325ac0 : 5 stores
Line 0x98f56904f880 : 1 stores
Line 0xfdfd3a7c5e00 : 2 stores
Line 0xea2063295c0 : 1 stores
Line 0xea2062bed80 : 4 stores
Line 0xea206319b40 : 5 stores
Line 0x98f569043900 : 1 stores
Line 0xea206301dc0 : 4 stores
Line 0xea206301e80 : 1 stores
Line 0xea2062cac80 : 3 stores
Line 0xfdfd3a7c5d80 : 1 stores
Line 0xea206329540 : 2 stores
Line 0xea206319ac0 : 6 stores
Line 0x98f569043880 : 1 stores
Line 0xea206302600 : 2 stores
Line 0x8ad330143140 : 4 stores
Line 0xe8035e392080 : 3 stores
Line 0xea2063a9400 : 5 stores
Line 0x98f56908a000 : 2 stores
Line 0xea206303600 : 3 stores
Line 0xea206301e40 : 6 stores
Line 0xea206301f40 : 2 stores
Line 0xea2062cae40 : 3 stores
Line 0xea206325c00 : 5 stores
Line 0x98f56904f9c0 : 1 stores
Line 0xfdfd3a7c5f40 : 2 stores
Line 0xea206329700 : 1 stores
Line 0xea2062beec0 : 4 stores
Line 0xea2063026c0 : 1 stores
Line 0x98f56908a0c0 : 3 stores
Line 0xea2063036c0 : 1 stores
Line 0xea206301f00 : 4 stores
Line 0xea206301fc0 : 1 stores
Line 0xea2062cadc0 : 3 stores
Line 0xea206319c00 : 6 stores
Line 0x98f5690439c0 : 1 stores
Line 0xea206302740 : 2 stores
Line 0x98f56908a140 : 2 stores
Line 0xea206303740 : 3 stores
Line 0xa1abd7f31040 : 6 stores
Line 0x8ad330143280 : 4 stores
Line 0xe8035e3921c0 : 3 stores
Line 0xea2063a9540 : 5 stores
Line 0xea206301f80 : 6 stores
Line 0xea206302080 : 1 stores
Line 0x98f569096840 : 2 stores
Line 0xea20630fe40 : 3 stores
Line 0xea206302800 : 1 stores
Line 0x98f56908a200 : 3 stores
Line 0xea206303800 : 1 stores
Line 0xa1abd7f31100 : 4 stores
Line 0xea206302040 : 4 stores
Line 0xea206302100 : 2 stores
Line 0xea2062c2480 : 3 stores
Line 0xea20631f0c0 : 3 stores
Line 0x98f569048e80 : 1 stores
Line 0x98f5690967c0 : 3 stores
Line 0xea20630fdc0 : 1 stores
Line 0xea206302880 : 2 stores
Line 0x98f56908a280 : 2 stores
Line 0xea206303880 : 3 stores
Line 0xa1abd7f31180 : 6 stores
Line 0x8ad3301433c0 : 4 stores
Line 0xe8035e392300 : 3 stores
Line 0xea2063a9680 : 5 stores
Line 0xea206309640 : 1 stores
Line 0xa1abd7f36f40 : 4 stores
Line 0xea2063020c0 : 2 stores
Line 0xea2062c2640 : 3 stores
Line 0x98f569096980 : 2 stores
Line 0xea20630ff80 : 3 stores
Line 0xea2063021c0 : 1 stores
Line 0x98f56908a340 : 3 stores
Line 0xea206303940 : 1 stores
Line 0xa1abd7f31240 : 4 stores
Line 0xea206302940 : 1 stores
Line 0xea206302180 : 4 stores
Line 0xea2062c25c0 : 3 stores
Line 0xea20631f200 : 3 stores
Line 0x98f569048fc0 : 1 stores
Line 0x98f569096900 : 3 stores
Line 0xea20630ff00 : 1 stores
Line 0xea206302240 : 2 stores
Line 0x8ad330143500 : 4 stores
Line 0xe8035e392440 : 3 stores
Line 0xea2063a97c0 : 5 stores
Line 0xea206309780 : 1 stores
Line 0xa1abd7f37080 : 1 stores
Line 0x98f56908a3c0 : 2 stores
Line 0xea2063039c0 : 3 stores
Line 0xa1abd7f312c0 : 6 stores
Line 0xea2063029c0 : 2 stores
Line 0xea206302200 : 2 stores
Line 0xea2062c2780 : 3 stores
Line 0x98f569096ac0 : 2 stores
Line 0xea206302300 : 1 stores
Line 0x98f56908a480 : 3 stores
Line 0xea206303a80 : 1 stores
Line 0xa1abd7f31380 : 4 stores
Line 0xea206302a80 : 1 stores
Line 0xea2063022c0 : 4 stores
Line 0xea2062c2700 : 3 stores
Line 0x98f569096a40 : 3 stores
Line 0xea206302380 : 2 stores
Line 0x8ad330143640 : 4 stores
Line 0xe8035e392580 : 3 stores
Line 0xea2063a9900 : 5 stores
Line 0xea2063098c0 : 1 stores
Line 0xa1abd7f371c0 : 1 stores
Line 0x98f56908a500 : 2 stores
Line 0xea206303b00 : 3 stores
Line 0xa1abd7f31400 : 6 stores
Line 0xea206302b00 : 2 stores
Line 0xea206302340 : 2 stores
Line 0xea2062c28c0 : 3 stores
Line 0xea20631d680 : 5 stores
Line 0x98f569047440 : 2 stores
Line 0x98f569096c00 : 2 stores
Line 0xea206302440 : 1 stores
Line 0x98f56908a5c0 : 3 stores
Line 0xea206303bc0 : 1 stores
Line 0xa1abd7f314c0 : 4 stores
Line 0xea206302bc0 : 1 stores
Line 0xea206302400 : 4 stores
Line 0xea2062c2840 : 3 stores
Line 0x98f569096b80 : 3 stores
Line 0xea2063024c0 : 2 stores
Line 0x8ad330143780 : 4 stores
Line 0xe8035e3926c0 : 3 stores
Line 0x8ad330136000 : 5 stores
Line 0xea2063a9a40 : 5 stores
Line 0xea206309a00 : 1 stores
Line 0xa1abd7f37300 : 1 stores
Line 0x98f56908a640 : 2 stores
Line 0xea206303c40 : 3 stores
Line 0xa1abd7f31540 : 6 stores
Line 0xea206302c40 : 2 stores
Line 0xea206302480 : 2 stores
Line 0xea2062c2a00 : 3 stores
Line 0xea20631d7c0 : 5 stores
Line 0x98f569047580 : 2 stores
Line 0x98f569096d40 : 2 stores
Line 0xea206302580 : 1 stores
Line 0x98f56908a700 : 3 stores
Line 0xea206303d00 : 1 stores
Line 0xa1abd7f31600 : 4 stores
Line 0xea206302d00 : 1 stores
Line 0xea206302540 : 4 stores
Line 0xea2062c2980 : 3 stores
Line 0x98f569096cc0 : 3 stores
Line 0xea206302d80 : 2 stores
Line 0x98f56908a780 : 2 stores
Line 0xea206303d80 : 3 stores
Line 0xa1abd7f31680 : 6 stores
Line 0x8ad3301438c0 : 4 stores
Line 0xe8035e392800 : 3 stores
Line 0x8ad330136140 : 5 stores
Line 0xea2063a9b80 : 5 stores
Line 0xea206309b40 : 1 stores
Line 0xa1abd7f37440 : 1 stores
Line 0xea2063025c0 : 2 stores
Line 0xea2062bff80 : 3 stores
Line 0xea20630d8c0 : 6 stores
Line 0xea2063056c0 : 2 stores
Line 0xa1abd7f32fc0 : 2 stores
Line 0x8ad33013f440 : 3 stores
Line 0xe8035e38e380 : 1 stores
Line 0xea2063a5700 : 6 stores
Line 0xea2062b7d80 : 2 stores
Line 0xea2062c2b40 : 3 stores
Line 0xea20631d900 : 5 stores
Line 0x98f5690476c0 : 2 stores
Line 0xea206302e40 : 1 stores
Line 0x98f56908a840 : 3 stores
Line 0xea206303e40 : 1 stores
Line 0xa1abd7f31740 : 4 stores
Line 0xea20630d9c0 : 2 stores
Line 0xea2062cb000 : 2 stores
Line 0xea2062c2ac0 : 3 stores
Line 0xea206302ec0 : 2 stores
Line 0x98f56908a8c0 : 2 stores
Line 0xea206303ec0 : 3 stores
Line 0xa1abd7f317c0 : 6 stores
Line 0xe8035e3a00c0 : 2 stores
Line 0x8ad330143a00 : 4 stores
Line 0xe8035e392940 : 3 stores
Line 0x8ad330136280 : 5 stores
Line 0xea2063a9cc0 : 5 stores
Line 0xea206309c80 : 1 stores
Line 0xa1abd7f37580 : 1 stores
Line 0xea2062bf000 : 1 stores
Line 0xea2062caf80 : 3 stores
Line 0xea206325d40 : 5 stores
Line 0x98f56904fb00 : 1 stores
Line 0xea2062c9100 : 1 stores
Line 0xfdfd3a7c6080 : 1 stores
Line 0xea206329840 : 1 stores
Line 0xea20630da00 : 6 stores
Line 0xea206305800 : 2 stores
Line 0xa1abd7f33100 : 1 stores
Line 0x8ad33013f580 : 3 stores
Line 0xe8035e38e4c0 : 1 stores
Line 0xea2063a5840 : 6 stores
Line 0xea2062b7ec0 : 2 stores
Line 0xea2062c2c80 : 3 stores
Line 0xea20631da40 : 5 stores
Line 0x98f569047800 : 2 stores
Line 0xea206302f80 : 1 stores
Line 0x98f56908a980 : 3 stores
Line 0xea206303f80 : 1 stores
Line 0xa1abd7f31880 : 4 stores
Line 0xea20630db00 : 2 stores
Line 0xea2062cb140 : 2 stores
Line 0xea2062c2c00 : 3 stores
Line 0xea206303000 : 1 stores
Line 0x98f56908aa00 : 2 stores
Line 0xa1abd7f31900 : 6 stores
Line 0xea2062bf140 : 1 stores
Line 0xea2062cb0c0 : 1 stores
Line 0xea206325e80 : 5 stores
Line 0x98f56904fc40 : 1 stores
Line 0xea2062c9240 : 1 stores
Line 0xfdfd3a7c61c0 : 1 stores
Line 0xea206329980 : 1 stores
Line 0xea20630db40 : 6 stores
Line 0xea206305940 : 2 stores
Line 0xa1abd7f33240 : 1 stores
Line 0x8ad33013f6c0 : 3 stores
Line 0xe8035e38e600 : 1 stores
Line 0xea2063a5980 : 6 stores
Line 0xea2062c2dc0 : 3 stores
Line 0xea20631db80 : 5 stores
Line 0x98f569047940 : 2 stores
Line 0xea2063030c0 : 2 stores
Line 0x98f56908aac0 : 3 stores
Line 0xa1abd7f319c0 : 4 stores
Line 0xea20630dc40 : 2 stores
Line 0xea2062cb280 : 2 stores
Line 0xea2062c2d40 : 3 stores
Line 0xea206303140 : 1 stores
Line 0x98f56908ab40 : 2 stores
Line 0xa1abd7f31a40 : 6 stores
Line 0xea2062bf280 : 1 stores
Line 0xea2062cb200 : 1 stores
Line 0xea206325fc0 : 5 stores
Line 0x98f56904fd80 : 1 stores
Line 0xea2062c9380 : 1 stores
Line 0xfdfd3a7c6300 : 1 stores
Line 0xea206329ac0 : 1 stores
Line 0xea20630dc80 : 6 stores
Line 0xea2062c2f00 : 3 stores
Line 0xea206303200 : 2 stores
Line 0x98f56908ac00 : 3 stores
Line 0xa1abd7f31b00 : 4 stores
Line 0xea20630dd80 : 2 stores
Line 0xea2062c2e80 : 3 stores
Line 0xea206303280 : 1 stores
Line 0x98f56908ac80 : 2 stores
Line 0xa1abd7f31b80 : 6 stores
Line 0xea2062c6700 : 2 stores
Line 0xea2062bf3c0 : 1 stores
Line 0xea2062cb340 : 1 stores
Line 0xea206326100 : 1 stores
Line 0x98f56904fec0 : 1 stores
Line 0xea2062c94c0 : 1 stores
Line 0xfdfd3a7c6440 : 1 stores
Line 0xea206329c00 : 1 stores
Line 0xea206315dc0 : 4 stores
Line 0xea2062c3040 : 1 stores
Line 0x98f56908ad40 : 3 stores
Line 0xa1abd7f31c40 : 4 stores
Line 0xea206303340 : 2 stores
Line 0x98f569040c80 : 2 stores
Line 0xea206316ec0 : 2 stores
Line 0x98f569040c00 : 1 stores
Line 0xea206316e40 : 1 stores
Line 0xea2062c2fc0 : 3 stores
Line 0xea2062c6840 : 2 stores
Line 0xa1abd7f31cc0 : 6 stores
Line 0x98f569089dc0 : 2 stores
Line 0xea2063033c0 : 1 stores
Line 0xea206315e40 : 6 stores
Line 0xea206315f00 : 4 stores
Line 0xea2062c3180 : 1 stores
Line 0xa1abd7f31d80 : 4 stores
Line 0x98f569089e80 : 4 stores
Line 0xea206303480 : 2 stores
Line 0xea2062c96c0 : 2 stores
Line 0x98f569040dc0 : 2 stores
Line 0xea206317000 : 1 stores
Line 0xea2062c9640 : 5 stores
Line 0x98f569040d40 : 1 stores
Line 0xea206316f80 : 1 stores
Line 0xea2062c3100 : 1 stores
Line 0xea2062c6980 : 2 stores
Line 0xa1abd7f31e00 : 6 stores
Line 0x98f569089f00 : 2 stores
Line 0xea206303500 : 1 stores
Line 0xea206315f80 : 6 stores
Line 0xea206316040 : 4 stores
Line 0xea2062c32c0 : 1 stores
Line 0xa1abd7f31ec0 : 4 stores
Line 0x98f569089fc0 : 4 stores
Line 0xea2063035c0 : 2 stores
Line 0xea2062c9800 : 2 stores
Line 0x98f569040f00 : 2 stores
Line 0xea206317140 : 1 stores
Line 0xea2062c9780 : 5 stores
Line 0x98f569040e80 : 1 stores
Line 0xea2063170c0 : 2 stores
Line 0xea2062c3240 : 1 stores
Line 0xea2062c6ac0 : 2 stores
Line 0xea206323700 : 1 stores
Line 0x98f56904d4c0 : 3 stores
Line 0xea2063160c0 : 2 stores
Line 0xea206316180 : 4 stores
Line 0xea2062c3400 : 1 stores
Line 0xea20631e1c0 : 1 stores
Line 0x98f569047f80 : 2 stores
Line 0xea2062c1580 : 1 stores
Line 0x98f56908e100 : 4 stores
Line 0xea206307700 : 1 stores
Line 0xa1abd7f35000 : 4 stores
Line 0xea2062c9940 : 2 stores
Line 0xea206317280 : 1 stores
Line 0xea2062c98c0 : 5 stores
Line 0x98f569040fc0 : 1 stores
Line 0xea206317200 : 2 stores
Line 0xea2062c3380 : 1 stores
Line 0xea2062c6c00 : 2 stores
Line 0xea206323840 : 1 stores
Line 0x98f56904d600 : 3 stores
Line 0xea206316200 : 2 stores
Line 0x98f569040080 : 3 stores
Line 0xea2063162c0 : 4 stores
Line 0xea2062cb540 : 1 stores
Line 0xfdfd3a7c6640 : 2 stores
Line 0xea206329e00 : 2 stores
Line 0x98f56908e240 : 4 stores
Line 0xea206307840 : 1 stores
Line 0xa1abd7f35140 : 4 stores
Line 0xea2062c9a80 : 2 stores
Line 0xea2063266c0 : 2 stores
Line 0x98f569050480 : 2 stores
Line 0x98f56909ddc0 : 2 stores
Line 0xea2063173c0 : 1 stores
Line 0xea2062c9a00 : 5 stores
Line 0xea206326640 : 3 stores
Line 0x98f569050400 : 1 stores
Line 0xea206317340 : 2 stores
Line 0xea2062cb4c0 : 2 stores
Line 0xea2062c6d40 : 2 stores
Line 0xea206323980 : 1 stores
Line 0x98f56904d740 : 3 stores
Line 0x98f569040100 : 1 stores
Line 0xea206316340 : 2 stores
Line 0x98f5690401c0 : 3 stores
Line 0xea206316400 : 4 stores
Line 0xe8035e448040 : 2 stores
Line 0xfdfd3a7c6780 : 2 stores
Line 0xea206329f40 : 2 stores
Line 0x98f56908e380 : 4 stores
Line 0xea206307980 : 1 stores
Line 0xa1abd7f35280 : 4 stores
Line 0xea2062c9bc0 : 2 stores
Line 0xea206326800 : 2 stores
Line 0x98f5690505c0 : 2 stores
Line 0x98f56909df00 : 2 stores
Line 0xea206317500 : 1 stores
Line 0xea2062c9b40 : 5 stores
Line 0xea206326780 : 3 stores
Line 0x98f569050540 : 1 stores
Line 0x98f56909de80 : 3 stores
Line 0xea206317480 : 2 stores
Line 0xea2062c6e80 : 2 stores
Line 0xea206323ac0 : 1 stores
Line 0x98f56904d880 : 3 stores
Line 0x98f569040240 : 1 stores
Line 0xea206316480 : 2 stores
Line 0x98f569040300 : 3 stores
Line 0xea206316540 : 4 stores
Line 0xe8035e448180 : 2 stores
Line 0xfdfd3a7c68c0 : 2 stores
Line 0xea20632a080 : 1 stores
Line 0x98f56908e4c0 : 4 stores
Line 0xea206307ac0 : 1 stores
Line 0xa1abd7f353c0 : 4 stores
Line 0xea2062c9d00 : 2 stores
Line 0xea206326940 : 2 stores
Line 0x98f569050700 : 2 stores
Line 0xea2062c9c80 : 5 stores
Line 0xea2063268c0 : 3 stores
Line 0x98f569050680 : 1 stores
Line 0x98f56909dfc0 : 3 stores
Line 0xea2063175c0 : 2 stores
Line 0xea2062c6fc0 : 2 stores
Line 0xea206323c00 : 1 stores
Line 0x98f56904d9c0 : 3 stores
Line 0x98f569040380 : 1 stores
Line 0xea2063165c0 : 2 stores
Line 0xe8035e4482c0 : 2 stores
Line 0xfdfd3a7c6a00 : 2 stores
Line 0xea20632a1c0 : 1 stores
Line 0x98f56908e600 : 4 stores
Line 0xea206307c00 : 1 stores
Line 0xa1abd7f35500 : 4 stores
Line 0xea2062c9e40 : 2 stores
Line 0xea206326a80 : 2 stores
Line 0x98f569050840 : 2 stores
Line 0xea2062c9dc0 : 5 stores
Line 0xea206326a00 : 3 stores
Line 0x98f5690507c0 : 1 stores
Line 0xea2062c7100 : 2 stores
Line 0xea206323d40 : 1 stores
Line 0x98f56904db00 : 3 stores
Line 0x98f56904ea00 : 1 stores
Line 0xe8035e448400 : 2 stores
Line 0xfdfd3a7c6b40 : 2 stores
Line 0xea20632a300 : 1 stores
Line 0xea2062c9f80 : 2 stores
Line 0xea206326bc0 : 2 stores
Line 0x98f569050980 : 2 stores
Line 0x98f56904eb00 : 2 stores
Line 0xea2062c9f00 : 5 stores
Line 0xea206326b40 : 3 stores
Line 0x98f569050900 : 1 stores
Line 0xfdfd3a7c5000 : 1 stores
Line 0x98f56904ea80 : 1 stores
Line 0x98f56908e7c0 : 2 stores
Line 0xea206307dc0 : 3 stores
Line 0xa1abd7f356c0 : 6 stores
Line 0xea206306dc0 : 2 stores
Line 0xea2062c7240 : 2 stores
Line 0xea206323e80 : 1 stores
Line 0x98f56904dc40 : 3 stores
Line 0xfdfd3a7c50c0 : 2 stores
Line 0x98f56904eb40 : 1 stores
Line 0xe8035e448540 : 2 stores
Line 0xfdfd3a7c6c80 : 2 stores
Line 0xea20632a440 : 1 stores
Line 0x98f56908e880 : 4 stores
Line 0xea206307e80 : 1 stores
Line 0xa1abd7f35780 : 4 stores
Line 0xea2062ca0c0 : 1 stores
Line 0xea206326d00 : 2 stores
Line 0x98f569050ac0 : 2 stores
Line 0x98f56904ec40 : 2 stores
Line 0xea2062ca040 : 1 stores
Line 0xea206326c80 : 3 stores
Line 0x98f569050a40 : 1 stores
Line 0xfdfd3a7c5140 : 1 stores
Line 0x98f56904ebc0 : 1 stores
Line 0x98f56908e900 : 2 stores
Line 0xea206307f00 : 3 stores
Line 0xa1abd7f35800 : 6 stores
Line 0xea206306f00 : 2 stores
Line 0xea2062c7380 : 2 stores
Line 0xea206323fc0 : 1 stores
Line 0x98f56904dd80 : 3 stores
Line 0xea2062c9040 : 4 stores
Line 0xfdfd3a7c5200 : 2 stores
Line 0x98f56904ec80 : 1 stores
Line 0x98f5690433c0 : 3 stores
Line 0xea206319600 : 1 stores
Line 0x98f56908e9c0 : 4 stores
Line 0xea206307fc0 : 1 stores
Line 0xa1abd7f358c0 : 4 stores
Line 0xea2062ca200 : 1 stores
Line 0xea206326e40 : 2 stores
Line 0x98f569050c00 : 2 stores
Line 0x98f56904ed80 : 2 stores
Line 0xea2062ca180 : 1 stores
Line 0xea206326dc0 : 3 stores
Line 0x98f569050b80 : 1 stores
Line 0xfdfd3a7c5280 : 1 stores
Line 0x98f56904ed00 : 1 stores
Line 0x98f56908ea40 : 2 stores
Line 0xa1abd7f35940 : 6 stores
Line 0xea206307040 : 1 stores
Line 0xea2062c9180 : 4 stores
Line 0xfdfd3a7c5340 : 2 stores
Line 0xe8035e4487c0 : 2 stores
Line 0xfdfd3a7c6f00 : 2 stores
Line 0xea20632a6c0 : 1 stores
Line 0x98f569043500 : 3 stores
Line 0xea206319740 : 1 stores
Line 0x98f56908eb00 : 4 stores
Line 0xa1abd7f35a00 : 4 stores
Line 0xea2062ca340 : 1 stores
Line 0xea206326f80 : 2 stores
Line 0x98f569050d40 : 2 stores
Line 0xea2062ca2c0 : 1 stores
Line 0xea206326f00 : 3 stores
Line 0x98f569050cc0 : 1 stores
Line 0xfdfd3a7c53c0 : 1 stores
Line 0x98f569043480 : 3 stores
Line 0xea2063196c0 : 2 stores
Line 0x98f56908eb80 : 2 stores
Line 0xa1abd7f35a80 : 6 stores
Line 0xea206307180 : 1 stores
Line 0xea2062c92c0 : 4 stores
Line 0xfdfd3a7c5480 : 2 stores
Line 0x98f569043640 : 3 stores
Line 0xea206319880 : 1 stores
Line 0x98f56908ec40 : 4 stores
Line 0xa1abd7f35b40 : 4 stores
Line 0xea2062ba6c0 : 1 stores
Line 0xa213217f5c0 : 1 stores
Line 0xe8035e3cd040 : 2 stores
Line 0xd79e62985900 : 4 stores
Line 0xea2062d2480 : 1 stores
Line 0xea20632f0c0 : 1 stores
Line 0x98f569058e80 : 1 stores
Line 0xea2062ca400 : 1 stores
Line 0xea206327040 : 1 stores
Line 0x98f569050e00 : 1 stores
Line 0xfdfd3a7c5500 : 1 stores
Line 0x98f5690435c0 : 3 stores
Line 0xea206319800 : 2 stores
Line 0x98f56908ecc0 : 2 stores
Line 0xa1abd7f35bc0 : 6 stores
Line 0xea2063072c0 : 1 stores
Line 0xea2062c9400 : 4 stores
Line 0x98f5690a6800 : 2 stores
Line 0x98f569049bc0 : 1 stores
Line 0xea20631fe00 : 3 stores
Line 0x98f569043780 : 3 stores
Line 0xea2063199c0 : 1 stores
Line 0x98f56908ed80 : 4 stores
Line 0xa1abd7f35c80 : 4 stores
Line 0xea2062d25c0 : 1 stores
Line 0xea20632f200 : 1 stores
Line 0x98f569058fc0 : 1 stores
Line 0xea2062ba800 : 1 stores
Line 0xa213217f700 : 1 stores
Line 0xe8035e3cd180 : 2 stores
Line 0xd79e62985a40 : 4 stores
Line 0xea2062ba780 : 2 stores
Line 0xa213217f680 : 1 stores
Line 0x98f569043700 : 3 stores
Line 0xea206319940 : 2 stores
Line 0x98f56908de00 : 2 stores
Line 0xea206307400 : 1 stores
Line 0xa1abd7f35d00 : 6 stores
Line 0xea2062d2540 : 2 stores
Line 0xea20632f180 : 1 stores
Line 0x98f569058f40 : 1 stores
Line 0x98f5690a6940 : 2 stores
Line 0x98f569049d00 : 1 stores
Line 0xea20631ff40 : 3 stores
Line 0xea2062d3600 : 3 stores
Line 0x98f5690438c0 : 3 stores
Line 0xea206319b00 : 1 stores
Line 0xa1abd7f35dc0 : 4 stores
Line 0xea2062d3700 : 1 stores
Line 0xea2062ba940 : 1 stores
Line 0xa213217f840 : 1 stores
Line 0xe8035e3cd2c0 : 2 stores
Line 0xd79e62985b80 : 4 stores
Line 0xea2062d3680 : 2 stores
Line 0xea2062ba8c0 : 2 stores
Line 0xa213217f7c0 : 1 stores
Line 0x98f569043840 : 3 stores
Line 0xea206319a80 : 2 stores
Line 0xea206309dc0 : 1 stores
Line 0xa1abd7f376c0 : 1 stores
Line 0x98f56908df40 : 2 stores
Line 0xea206307540 : 1 stores
Line 0xa1abd7f35e40 : 6 stores
Line 0xea2062d2680 : 2 stores
Line 0x98f5690a6a80 : 2 stores
Line 0xea2062d3740 : 3 stores
Line 0x98f569043a00 : 3 stores
Line 0xea206319c40 : 1 stores
Line 0xea206309e80 : 2 stores
Line 0xa1abd7f37780 : 1 stores
Line 0xea20630a600 : 1 stores
Line 0xa1abd7f37f00 : 1 stores
Line 0xea2062d3840 : 1 stores
Line 0xea2062baa80 : 1 stores
Line 0xa213217f980 : 1 stores
Line 0xe8035e3cd400 : 2 stores
Line 0xd79e62985cc0 : 4 stores
Line 0xea20632d600 : 1 stores
Line 0x98f5690573c0 : 3 stores
Line 0xea206309e40 : 4 stores
Line 0xa1abd7f37740 : 3 stores
Line 0xea2062d37c0 : 2 stores
Line 0xea2062baa00 : 2 stores
Line 0xa213217f900 : 1 stores
Line 0x98f569043980 : 3 stores
Line 0xea206319bc0 : 2 stores
Line 0xea206309f00 : 1 stores
Line 0xa1abd7f37800 : 1 stores
Line 0xea20630a680 : 3 stores
Line 0xa1abd7f37f80 : 1 stores
Line 0xea2062d27c0 : 2 stores
Line 0xea206309ec0 : 6 stores
Line 0xa1abd7f377c0 : 3 stores
Line 0xea20632d640 : 5 stores
Line 0x98f569057400 : 1 stores
Line 0x98f5690a6bc0 : 2 stores
Line 0xea2062d3880 : 3 stores
Line 0x98f569043b40 : 3 stores
Line 0xea206319d80 : 1 stores
Line 0xea206309fc0 : 2 stores
Line 0xa1abd7f378c0 : 1 stores
Line 0xea20630a740 : 1 stores
Line 0xea20632d740 : 1 stores
Line 0x98f569057500 : 3 stores
Line 0xea206309f80 : 4 stores
Line 0xa1abd7f37880 : 3 stores
Line 0x98f569043ac0 : 3 stores
Line 0xea206319d00 : 2 stores
Line 0xea20630a040 : 3 stores
Line 0xa1abd7f37940 : 1 stores
Line 0xea20630a7c0 : 3 stores
Line 0xea2062d2900 : 2 stores
Line 0xea20632d6c0 : 2 stores
Line 0x98f569057480 : 1 stores
Line 0xea20630a000 : 2 stores
Line 0xa1abd7f37900 : 3 stores
Line 0xea20632d780 : 5 stores
Line 0x98f569057540 : 1 stores
Line 0x98f5690a6d00 : 2 stores
Line 0xea20630a100 : 1 stores
Line 0xa1abd7f37a00 : 1 stores
Line 0xea20630a880 : 1 stores
Line 0xea20632d880 : 1 stores
Line 0x98f569057640 : 3 stores
Line 0xea2062d3ac0 : 1 stores
Line 0xea2062bad00 : 1 stores
Line 0xa213217fc00 : 1 stores
Line 0xe8035e3cd680 : 2 stores
Line 0xd79e62985f40 : 4 stores
Line 0xea20630a0c0 : 3 stores
Line 0xa1abd7f379c0 : 3 stores
Line 0xea2062d3a40 : 2 stores
Line 0xea2062bac80 : 2 stores
Line 0xa213217fb80 : 1 stores
Line 0x98f5690aa840 : 2 stores
Line 0x98f56904dc00 : 2 stores
Line 0xea206323e40 : 2 stores
Line 0xea20630a180 : 3 stores
Line 0xa1abd7f37a80 : 1 stores
Line 0xea20630a900 : 3 stores
Line 0xea2062d2a40 : 2 stores
Line 0xea20632d800 : 2 stores
Line 0x98f5690575c0 : 1 stores
Line 0xea20630a140 : 2 stores
Line 0xa1abd7f37a40 : 3 stores
Line 0xea20632d8c0 : 5 stores
Line 0x98f569057680 : 1 stores
Line 0xea2062d3b00 : 3 stores
Line 0xea2062d66c0 : 2 stores
Line 0xea20630a240 : 1 stores
Line 0xa1abd7f37b40 : 1 stores
Line 0xea20630a9c0 : 1 stores
Line 0xea20632d9c0 : 1 stores
Line 0x98f569057780 : 3 stores
Line 0xea2062d3c00 : 1 stores
Line 0xea2062bae40 : 1 stores
Line 0xa213217fd40 : 1 stores
Line 0xe8035e3cd7c0 : 2 stores
Line 0xd79e62986080 : 4 stores
Line 0xea20630a200 : 3 stores
Line 0xa1abd7f37b00 : 3 stores
Line 0xea2062d3b80 : 2 stores
Line 0xea2062badc0 : 2 stores
Line 0xa213217fcc0 : 1 stores
Line 0xea2062d6640 : 4 stores
Line 0x98f5690aa980 : 2 stores
Line 0x98f56904dd40 : 2 stores
Line 0xea206323f80 : 2 stores
Line 0xea20630a2c0 : 3 stores
Line 0xa1abd7f37bc0 : 1 stores
Line 0xea20630aa40 : 3 stores
Line 0xea2062d2b80 : 2 stores
Line 0xea20632d940 : 2 stores
Line 0x98f569057700 : 1 stores
Line 0xea20630a280 : 2 stores
Line 0xa1abd7f37b80 : 3 stores
Line 0xea20632da00 : 5 stores
Line 0x98f5690577c0 : 1 stores
Line 0xea2062d3c40 : 3 stores
Line 0xea2062d6800 : 2 stores
Line 0xea20630a380 : 1 stores
Line 0xa1abd7f37c80 : 1 stores
Line 0xea20630ab00 : 1 stores
Line 0xea20632db00 : 1 stores
Line 0x98f5690578c0 : 3 stores
Line 0xea2062d3d40 : 1 stores
Line 0xea2062baf80 : 1 stores
Line 0xa213217fe80 : 1 stores
Line 0xe8035e3cd900 : 2 stores
Line 0xd79e629861c0 : 4 stores
Line 0x98f56904b440 : 1 stores
Line 0xea206321680 : 1 stores
Line 0xea20630a340 : 3 stores
Line 0xa1abd7f37c40 : 3 stores
Line 0xea2062d3cc0 : 2 stores
Line 0xea2062baf00 : 2 stores
Line 0xa213217fe00 : 1 stores
Line 0x98f56904b3c0 : 1 stores
Line 0xea206321600 : 2 stores
Line 0xea2062d6780 : 4 stores
Line 0x98f5690aaac0 : 2 stores
Line 0xea20630a400 : 3 stores
Line 0xa1abd7f37d00 : 1 stores
Line 0xea2062d1000 : 6 stores
Line 0xea20632dc40 : 1 stores
Line 0x98f569057a00 : 3 stores
Line 0xea20630ab80 : 3 stores
Line 0xea2062d2cc0 : 2 stores
Line 0xea20632da80 : 2 stores
Line 0x98f569057840 : 1 stores
Line 0xea20630a3c0 : 2 stores
Line 0xa1abd7f37cc0 : 3 stores
Line 0xea20632db40 : 5 stores
Line 0x98f569057900 : 1 stores
Line 0xea2062d3d80 : 3 stores
Line 0xea2062d6940 : 2 stores
Line 0xea206331700 : 2 stores
Line 0x98f56905b4c0 : 2 stores
Line 0xea20630a4c0 : 1 stores
Line 0xa1abd7f37dc0 : 1 stores
Line 0xea20630ac40 : 1 stores
Line 0xea2062d3e80 : 1 stores
Line 0xea2062bb0c0 : 4 stores
Line 0xa213217ffc0 : 1 stores
Line 0xe8035e3cda40 : 2 stores
Line 0xd79e62986300 : 4 stores
Line 0x98f56904b580 : 1 stores
Line 0xea2063217c0 : 1 stores
Line 0xea20630a480 : 3 stores
Line 0xa1abd7f37d80 : 3 stores
Line 0xea2062d3e00 : 2 stores
Line 0xea2062bb040 : 2 stores
Line 0xa213217ff40 : 2 stores
Line 0x98f56904b500 : 1 stores
Line 0xea206321740 : 2 stores
Line 0xea20630a540 : 3 stores
Line 0xa1abd7f37e40 : 1 stores
Line 0xea2062d68c0 : 4 stores
Line 0xea206331680 : 5 stores
Line 0x98f56905b440 : 1 stores
Line 0x98f5690aac00 : 2 stores
Line 0xea20630acc0 : 3 stores
Line 0xea2062d1140 : 6 stores
Line 0xea20632dd80 : 1 stores
Line 0x98f569057b40 : 3 stores
Line 0xea2062d2e00 : 2 stores
Line 0xea20632dbc0 : 2 stores
Line 0x98f569057980 : 1 stores
Line 0xea20630a500 : 2 stores
Line 0xa1abd7f37e00 : 3 stores
Line 0xea2062d3ec0 : 3 stores
Line 0xea20632dc80 : 5 stores
Line 0x98f569057a40 : 1 stores
Line 0xea2062d1040 : 1 stores
Line 0xea2062d6a80 : 2 stores
Line 0xea206331840 : 2 stores
Line 0x98f56905b600 : 2 stores
Line 0xea20630ad80 : 1 stores
Line 0xea2062d3fc0 : 1 stores
Line 0xea2062bb200 : 4 stores
Line 0xa2132180100 : 1 stores
Line 0xe8035e3cdb80 : 2 stores
Line 0xd79e62986440 : 4 stores
Line 0x98f56904b6c0 : 1 stores
Line 0xea206321900 : 1 stores
Line 0xea20630a5c0 : 3 stores
Line 0xa1abd7f37ec0 : 3 stores
Line 0xea2062d3f40 : 2 stores
Line 0x98f56904b640 : 1 stores
Line 0xea206321880 : 2 stores
Line 0xea2062d6a00 : 4 stores
Line 0xea2063317c0 : 5 stores
Line 0x98f56905b580 : 1 stores
Line 0x98f5690aad40 : 2 stores
Line 0xea2062d1280 : 6 stores
Line 0xea20632dec0 : 1 stores
Line 0x98f569057c80 : 3 stores
Line 0xea2062d2f40 : 2 stores
Line 0xea20632ddc0 : 5 stores
Line 0x98f569057b80 : 1 stores
Line 0xea2062d1180 : 1 stores
Line 0xea2062d6bc0 : 2 stores
Line 0xea206331980 : 2 stores
Line 0x98f56905b740 : 2 stores
Line 0xea2062bb340 : 4 stores
Line 0xa2132180240 : 1 stores
Line 0xe8035e3cdcc0 : 2 stores
Line 0xd79e62986580 : 4 stores
Line 0x98f56904b800 : 1 stores
Line 0xea206321a40 : 1 stores
Line 0x98f56904b780 : 1 stores
Line 0xea2063219c0 : 2 stores
Line 0xea2062d6b40 : 4 stores
Line 0xea206331900 : 5 stores
Line 0x98f56905b6c0 : 1 stores
Line 0xea2062d13c0 : 6 stores
Line 0xea20632e000 : 2 stores
Line 0x98f569057dc0 : 3 stores
Line 0xea2062d3080 : 3 stores
Line 0xea20632df00 : 5 stores
Line 0x98f569057cc0 : 1 stores
Line 0xea2062d12c0 : 1 stores
Line 0xea2062d6d00 : 2 stores
Line 0xea206331ac0 : 2 stores
Line 0x98f56905b880 : 2 stores
Line 0xea2062bb480 : 4 stores
Line 0xa2132180380 : 1 stores
Line 0xe8035e3cde00 : 2 stores
Line 0xd79e629866c0 : 4 stores
Line 0x98f56904b940 : 1 stores
Line 0xea206321b80 : 1 stores
Line 0x98f56904b8c0 : 1 stores
Line 0xea206321b00 : 2 stores
Line 0xea2062d6c80 : 4 stores
Line 0xea206331a40 : 5 stores
Line 0x98f56905b800 : 1 stores
Line 0xea2062d31c0 : 3 stores
Line 0xea20632e040 : 1 stores
Line 0x98f569057e00 : 1 stores
Line 0xea2062d1400 : 1 stores
Line 0xea2062d6e40 : 2 stores
Line 0xea206331c00 : 2 stores
Line 0x98f56905b9c0 : 2 stores
Line 0xea2062bb5c0 : 4 stores
Line 0xa21321804c0 : 1 stores
Line 0xe8035e3cdf40 : 2 stores
Line 0xd79e62986800 : 4 stores
Line 0x98f56904ba80 : 1 stores
Line 0xea206321cc0 : 1 stores
Line 0x98f56904ba00 : 1 stores
Line 0xea206321c40 : 2 stores
Line 0xea2062d6dc0 : 4 stores
Line 0xea206331b80 : 5 stores
Line 0x98f56905b940 : 1 stores
Line 0xea2062db640 : 1 stores
Line 0x98f569062040 : 2 stores
Line 0xea2062d3300 : 3 stores
Line 0xea20632e180 : 1 stores
Line 0x98f569057f40 : 1 stores
Line 0xea2062d1540 : 1 stores
Line 0xea2062d6f80 : 2 stores
Line 0x98f56904bb40 : 1 stores
Line 0xea206321d80 : 2 stores
Line 0xea2062d6f00 : 4 stores
Line 0xea206331cc0 : 5 stores
Line 0x98f56905ba80 : 1 stores
Line 0xea2062d5080 : 1 stores
Line 0xea2062db780 : 1 stores
Line 0x98f569062180 : 2 stores
Line 0xea2062d3440 : 3 stores
Line 0xea2062d70c0 : 3 stores
Line 0xea2062d7040 : 1 stores
Line 0xea206331e00 : 5 stores
Line 0x98f56905bbc0 : 1 stores
Line 0xea2062d51c0 : 1 stores
Line 0xea2062db8c0 : 1 stores
Line 0x98f5690622c0 : 2 stores
Line 0xea2062dd640 : 5 stores
Line 0xea2062d7200 : 3 stores
Line 0xea2062dd6c0 : 2 stores
Line 0xea2062d7180 : 1 stores
Line 0xea206331f40 : 5 stores
Line 0x98f56905bd00 : 1 stores
Line 0xea2062d5300 : 1 stores
Line 0xea2062dba00 : 1 stores
Line 0x98f569062400 : 2 stores
Line 0xea20630ddc0 : 6 stores
Line 0xea2062dd780 : 5 stores
Line 0xea2062d7340 : 3 stores
Line 0x98f569096040 : 3 stores
Line 0xea20630f640 : 1 stores
Line 0xea2062dd800 : 2 stores
Line 0xea2062d72c0 : 1 stores
Line 0xea206332080 : 1 stores
Line 0x98f56905be40 : 1 stores
Line 0xea2062d5440 : 1 stores
Line 0x98f5690960c0 : 2 stores
Line 0xea20630f6c0 : 3 stores
Line 0xea2062dbb40 : 1 stores
Line 0x98f569062540 : 2 stores
Line 0xea20630df00 : 6 stores
Line 0xea2062dd8c0 : 5 stores
Line 0x98f569096180 : 3 stores
Line 0xea20630f780 : 1 stores
Line 0xea2062dd940 : 2 stores
Line 0xea2062d7400 : 1 stores
Line 0xea2063321c0 : 1 stores
Line 0x98f56905bf80 : 1 stores
Line 0xea2062d5580 : 1 stores
Line 0x98f569096200 : 2 stores
Line 0xea20630f800 : 3 stores
Line 0xea2062dbc80 : 1 stores
Line 0x98f569062680 : 2 stores
Line 0xea20630e040 : 2 stores
Line 0xea2062dda00 : 5 stores
Line 0x98f5690962c0 : 3 stores
Line 0xea20630f8c0 : 1 stores
Line 0xea2062dda80 : 2 stores
Line 0x98f569096340 : 2 stores
Line 0xea20630f940 : 3 stores
Line 0xea2062dbdc0 : 1 stores
Line 0x98f5690627c0 : 2 stores
Line 0xea20630e180 : 2 stores
Line 0xea2062ddb40 : 5 stores
Line 0x98f569096400 : 3 stores
Line 0xea20630fa00 : 1 stores
Line 0xea2062ddbc0 : 2 stores
Line 0x98f569096480 : 2 stores
Line 0xea20630fa80 : 3 stores
Line 0xea2062dbf00 : 1 stores
Line 0x98f569062900 : 2 stores
Line 0xea20630e2c0 : 2 stores
Line 0xea2062ddc80 : 5 stores
Line 0x98f569096540 : 3 stores
Line 0xea20630fb40 : 1 stores
Line 0xea2062ddd00 : 2 stores
Line 0x98f5690965c0 : 2 stores
Line 0xea20630fbc0 : 3 stores
Line 0xea2062dddc0 : 5 stores
Line 0x98f569096680 : 3 stores
Line 0xea20630fc80 : 1 stores
Line 0x98f569062a40 : 2 stores
Line 0x98f5690b2200 : 4 stores
Line 0x98f5690555c0 : 1 stores
Line 0xea20632b800 : 1 stores
Line 0xea20632a800 : 1 stores
Line 0xea2062dde40 : 2 stores
Line 0x98f569096700 : 2 stores
Line 0xea20630fd00 : 3 stores
Line 0xea2062ddf00 : 5 stores
Line 0x98f569062a80 : 1 stores
Line 0xea20630edc0 : 1 stores
Line 0xea2062de000 : 2 stores
Line 0x98f569062b80 : 2 stores
Line 0x98f5690b2340 : 4 stores
Line 0x98f569055700 : 1 stores
Line 0xea20632b940 : 1 stores
Line 0xea20632a940 : 1 stores
Line 0xea206311600 : 4 stores
Line 0xea2062c3cc0 : 1 stores
Line 0xea20631ea80 : 1 stores
Line 0x98f569048840 : 1 stores
Line 0xea2062c1e40 : 1 stores
Line 0xea2062ddf80 : 2 stores
Line 0x98f569062b00 : 1 stores
Line 0xea20630ee40 : 2 stores
Line 0xea2062de040 : 1 stores
Line 0x98f569062bc0 : 1 stores
Line 0xea20630ef00 : 1 stores
Line 0xea20632aa80 : 1 stores
Line 0xea2062de140 : 2 stores
Line 0x98f569062cc0 : 2 stores
Line 0x98f5690b2480 : 4 stores
Line 0x98f569055840 : 1 stores
Line 0xea20632ba80 : 1 stores
Line 0xea206311740 : 4 stores
Line 0xea2062c3e00 : 1 stores
Line 0xea20631ebc0 : 1 stores
Line 0x98f569048980 : 1 stores
Line 0xea2062c1f80 : 1 stores
Line 0xea2062de0c0 : 1 stores
Line 0x98f569062c40 : 1 stores
Line 0xea20630ef80 : 2 stores
Line 0xea2062dd0c0 : 6 stores
Line 0xea2062de180 : 1 stores
Line 0x98f569062d00 : 1 stores
Line 0xea20630f040 : 2 stores
Line 0xea20632abc0 : 1 stores
Line 0xea2062de280 : 2 stores
Line 0x98f5690b25c0 : 4 stores
Line 0x98f569055980 : 1 stores
Line 0xea20632bbc0 : 1 stores
Line 0xea206311880 : 4 stores
Line 0xea2062c3f40 : 1 stores
Line 0xea2062de200 : 1 stores
Line 0x98f569062d80 : 1 stores
Line 0x98f56906a0c0 : 1 stores
Line 0xea2062e36c0 : 1 stores
Line 0xea20630f0c0 : 1 stores
Line 0xea2062dd200 : 6 stores
Line 0xea2062de2c0 : 1 stores
Line 0xea20630f180 : 2 stores
Line 0xea2062de3c0 : 2 stores
Line 0xea2063119c0 : 4 stores
Line 0xea2062de340 : 1 stores
Line 0x98f56906a200 : 1 stores
Line 0xea2062e3800 : 1 stores
Line 0xea20630f200 : 1 stores
Line 0xea2062dd340 : 6 stores
Line 0xea2062de400 : 1 stores
Line 0xea20630f2c0 : 2 stores
Line 0xea2062e5680 : 1 stores
Line 0xea206311b00 : 4 stores
Line 0x98f56906a340 : 1 stores
Line 0xea2062e3940 : 1 stores
Line 0xea20630f340 : 1 stores
Line 0xea2062e1100 : 6 stores
Line 0x98f569095e00 : 4 stores
Line 0xea20630f400 : 2 stores
Line 0xea2062e57c0 : 1 stores
Line 0xea206311c40 : 4 stores
Line 0xea2062e1080 : 4 stores
Line 0x98f56906a480 : 1 stores
Line 0xea2062e3a80 : 1 stores
Line 0x98f569095e80 : 2 stores
Line 0xea20630f480 : 1 stores
Line 0xea2062e7680 : 2 stores
Line 0xea2062e1240 : 6 stores
Line 0x98f569095f40 : 4 stores
Line 0xea20630f540 : 2 stores
Line 0xea2062e5900 : 1 stores
Line 0xea206311d80 : 4 stores
Line 0xea2062e11c0 : 4 stores
Line 0x98f56906a5c0 : 1 stores
Line 0xea2062e3bc0 : 1 stores
Line 0x98f569095fc0 : 2 stores
Line 0xea20630f5c0 : 1 stores
Line 0xea206311e00 : 6 stores
Line 0xea2062e77c0 : 2 stores
Line 0xea2062e1380 : 6 stores
Line 0xea2062e5a40 : 1 stores
Line 0xea206311ec0 : 4 stores
Line 0xea2062e1300 : 4 stores
Line 0x98f56909a100 : 2 stores
Line 0x98f56903d4c0 : 2 stores
Line 0xea206313700 : 2 stores
Line 0x98f56906a700 : 1 stores
Line 0xea2062e3d00 : 1 stores
Line 0xea206311f40 : 6 stores
Line 0xea2062e7900 : 2 stores
Line 0xea2062e5b80 : 1 stores
Line 0xea206312000 : 3 stores
Line 0xea2062e1440 : 4 stores
Line 0x98f56909a240 : 2 stores
Line 0x98f56903d600 : 2 stores
Line 0xea206313840 : 2 stores
Line 0x98f56906a840 : 1 stores
Line 0xea2062e3e40 : 1 stores
Line 0xea206312080 : 2 stores
Line 0xea2062e7a40 : 2 stores
Line 0xea2062e5cc0 : 1 stores
Line 0xea206312140 : 3 stores
Line 0x98f56906a980 : 1 stores
Line 0xea2062e3f80 : 1 stores
Line 0x98f56909a380 : 2 stores
Line 0x98f56903d740 : 2 stores
Line 0xea206313980 : 2 stores
Line 0xea2063121c0 : 2 stores
Line 0xea2062e7b80 : 2 stores
Line 0xea2062e5e00 : 1 stores
Line 0x98f56903c040 : 1 stores
Line 0xea206312280 : 3 stores
Line 0xea2062ea6c0 : 2 stores
Line 0x98f56906aac0 : 1 stores
Line 0x98f56909a4c0 : 2 stores
Line 0x98f56903d880 : 2 stores
Line 0xea206313ac0 : 2 stores
Line 0x98f56903c0c0 : 1 stores
Line 0xea206312300 : 2 stores
Line 0xea2062e7cc0 : 2 stores
Line 0xea2062e5f40 : 1 stores
Line 0x98f56903c180 : 1 stores
Line 0xea2063123c0 : 3 stores
Line 0xea2062ea800 : 2 stores
Line 0x98f56906ac00 : 1 stores
Line 0x98f56909a600 : 2 stores
Line 0x98f56903d9c0 : 2 stores
Line 0xea206313c00 : 2 stores
Line 0x98f56903c200 : 1 stores
Line 0xea206312440 : 2 stores
Line 0xea2062e7e00 : 2 stores
Line 0xea2062e6080 : 3 stores
Line 0x98f56903c2c0 : 1 stores
Line 0xea206312500 : 3 stores
Line 0xea2062e6000 : 1 stores
Line 0xea2062ea940 : 2 stores
Line 0x98f56909a740 : 2 stores
Line 0x98f56903db00 : 2 stores
Line 0xea206313d40 : 2 stores
Line 0x98f56906ad40 : 1 stores
Line 0x98f56903c340 : 1 stores
Line 0xea206312580 : 2 stores
Line 0xea2062e7f40 : 2 stores
Line 0xea2062e60c0 : 1 stores
Line 0x98f56903cbc0 : 2 stores
Line 0xea206312e00 : 1 stores
Line 0xea2062e61c0 : 3 stores
Line 0xea2062e6140 : 1 stores
Line 0xea2062eaa80 : 2 stores
Line 0xea2062e6200 : 1 stores
Line 0x98f56903cd00 : 2 stores
Line 0xea206312f40 : 1 stores
Line 0xea2062e6300 : 3 stores
Line 0xea2062e6280 : 1 stores
Line 0xea2062eabc0 : 2 stores
Line 0xea2062e7100 : 4 stores
Line 0xea2062e6340 : 1 stores
Line 0x98f56903ce40 : 2 stores
Line 0xea206313080 : 2 stores
Line 0xea2062e6440 : 3 stores
Line 0xea2062e63c0 : 1 stores
Line 0xea2062ead00 : 2 stores
Line 0xea2062e7240 : 4 stores
Line 0xea2062e6480 : 1 stores
Line 0x98f56903cf80 : 2 stores
Line 0xea2063131c0 : 2 stores
Line 0xea2062e6580 : 3 stores
Line 0xea2062e6500 : 1 stores
Line 0xea2062eae40 : 2 stores
Line 0xea2062e7380 : 4 stores
Line 0xea2062e65c0 : 1 stores
Line 0xea2062eb000 : 4 stores
Line 0x98f56903d0c0 : 1 stores
Line 0xea206313300 : 2 stores
Line 0xea2062ee6c0 : 1 stores
Line 0x98f5690760c0 : 3 stores
Line 0xea2062ef6c0 : 1 stores
Line 0xea2062ee640 : 1 stores
Line 0xea2062eaf80 : 2 stores
Line 0x98f569076040 : 1 stores
Line 0xea2062ef640 : 1 stores
Line 0xea2062eb140 : 4 stores
Line 0x98f569099e40 : 3 stores
Line 0x98f56903d200 : 1 stores
Line 0xea206313440 : 2 stores
Line 0xea2062ee800 : 1 stores
Line 0xea2062f1680 : 4 stores
Line 0x98f569076200 : 3 stores
Line 0xea2062ef800 : 1 stores
Line 0xea2062ee780 : 1 stores
Line 0x98f569076180 : 1 stores
Line 0xea2062ef780 : 1 stores
Line 0xea2062f16c0 : 2 stores
Line 0xea2062eb280 : 4 stores
Line 0x98f569099f80 : 3 stores
Line 0x98f56903d340 : 1 stores
Line 0xea206313580 : 2 stores
Line 0xea2062f17c0 : 4 stores
Line 0x98f569076340 : 3 stores
Line 0xea2062ef940 : 1 stores
Line 0xea2062ee940 : 1 stores
Line 0xea2062ee8c0 : 1 stores
Line 0x98f5690762c0 : 1 stores
Line 0xea2062ef8c0 : 1 stores
Line 0xea2062f1800 : 2 stores
Line 0xea2062eb3c0 : 4 stores
Line 0xea2062f1900 : 4 stores
Line 0x98f569076480 : 3 stores
Line 0xea2062efa80 : 1 stores
Line 0xea2062eea80 : 1 stores
Line 0xea2062eea00 : 1 stores
Line 0x98f569076400 : 1 stores
Line 0xea2062efa00 : 1 stores
Line 0xea2062f1940 : 2 stores
Line 0xea2062f2680 : 1 stores
Line 0xea2062f1a40 : 4 stores
Line 0x98f5690765c0 : 3 stores
Line 0xea2062efbc0 : 1 stores
Line 0xea2062eebc0 : 1 stores
Line 0xea2062eeb40 : 1 stores
Line 0x98f569076540 : 1 stores
Line 0xea2062efb40 : 1 stores
Line 0xea2062f1a80 : 2 stores
Line 0xea2062f27c0 : 1 stores
Line 0xea2062f1b80 : 4 stores
Line 0x98f569076700 : 3 stores
Line 0xea2062efd00 : 1 stores
Line 0xea2062eed00 : 1 stores
Line 0xea2062eec80 : 1 stores
Line 0x98f569076680 : 1 stores
Line 0xea2062efc80 : 1 stores
Line 0xea2062f1bc0 : 2 stores
Line 0xea2062f2900 : 1 stores
Line 0xea2062f1cc0 : 4 stores
Line 0x98f569076840 : 3 stores
Line 0xea2062efe40 : 1 stores
Line 0xea2062eee40 : 1 stores
Line 0xea2062eedc0 : 1 stores
Line 0x98f5690767c0 : 1 stores
Line 0xea2062efdc0 : 1 stores
Line 0xea2062f1d00 : 2 stores
Line 0xea2062f2a40 : 1 stores
Line 0xea2062eef80 : 1 stores
Line 0xea2062f1e00 : 4 stores
Line 0x98f569076980 : 3 stores
Line 0xea2062eff80 : 1 stores
Line 0xea2062eef00 : 1 stores
Line 0xea2062ef0c0 : 2 stores
Line 0x98f569076900 : 1 stores
Line 0xea2062eff00 : 1 stores
Line 0xea2062f1e40 : 2 stores
Line 0xea2062f2b80 : 1 stores
Line 0xea2062f1f40 : 4 stores
Line 0x98f569076ac0 : 3 stores
Line 0xea2062ef200 : 2 stores
Line 0x98f569076a40 : 1 stores
Line 0xea2062ef100 : 3 stores
Line 0xea2062f1f80 : 2 stores
Line 0x98f569076b00 : 1 stores
Line 0xea2062f2cc0 : 1 stores
Line 0xea2062f2080 : 4 stores
Line 0x98f569076c00 : 3 stores
Line 0xea2062f1000 : 5 stores
Line 0xea2062ef340 : 2 stores
Line 0x98f569076b80 : 1 stores
Line 0xea2062ef240 : 3 stores
Line 0x98f569076c40 : 1 stores
Line 0xea2062f2e00 : 1 stores
Line 0xea2062f21c0 : 4 stores
Line 0x98f569076d40 : 3 stores
Line 0xea2062f1140 : 5 stores
Line 0xea2062f6600 : 1 stores
Line 0x98f569076cc0 : 1 stores
Line 0xea2062ef380 : 3 stores
Line 0x98f569076d80 : 1 stores
Line 0xea2062f2f40 : 1 stores
Line 0xea2062f2300 : 4 stores
Line 0xea2062f1280 : 5 stores
Line 0xea2062f6740 : 1 stores
Line 0x98f569075ec0 : 1 stores
Line 0xea2062ef4c0 : 3 stores
Line 0xea2062f2440 : 4 stores
Line 0xea2062f13c0 : 5 stores
Line 0xea2062f3000 : 3 stores
Line 0xea2062f6880 : 1 stores
Line 0xea2062f5040 : 5 stores
Line 0xea2062f3140 : 3 stores
Line 0xea2062f69c0 : 1 stores
Line 0xea2062f9680 : 1 stores
Line 0xea2062f5180 : 5 stores
Line 0xea2062f5100 : 6 stores
Line 0xea2062f3280 : 3 stores
Line 0xea2062f6b00 : 1 stores
Line 0xea2062f97c0 : 1 stores
Line 0x98f569043c00 : 3 stores
Line 0xea206319e40 : 2 stores
Line 0xea2062f52c0 : 5 stores
Line 0x98f569043bc0 : 2 stores
Line 0xea206319e00 : 4 stores
Line 0x98f569043c80 : 3 stores
Line 0xea206319ec0 : 1 stores
Line 0xea2062f5240 : 6 stores
Line 0x98f569079dc0 : 1 stores
Line 0xea2062f33c0 : 3 stores
Line 0x98f569044400 : 1 stores
Line 0xea20631a640 : 2 stores
Line 0xea2062f6c40 : 1 stores
Line 0x98f569045400 : 2 stores
Line 0xea20631b640 : 3 stores
Line 0xea2062cdd00 : 4 stores
Line 0xea2062f9900 : 1 stores
Line 0x98f569043c40 : 1 stores
Line 0xea206319e80 : 6 stores
Line 0x98f569043d40 : 3 stores
Line 0xea206319f80 : 2 stores
Line 0xea2062f5400 : 5 stores
Line 0x98f5690444c0 : 1 stores
Line 0xea20631a700 : 1 stores
Line 0x98f569043d00 : 2 stores
Line 0xea206319f40 : 4 stores
Line 0xea2062f5380 : 6 stores
Line 0x98f569079f00 : 1 stores
Line 0xea2062f3500 : 3 stores
Line 0x98f569043dc0 : 3 stores
Line 0xea20631a000 : 2 stores
Line 0xea2062f6d80 : 1 stores
Line 0x98f569045540 : 2 stores
Line 0xea20631b780 : 3 stores
Line 0xea2062cde40 : 4 stores
Line 0x98f569044540 : 1 stores
Line 0xea20631a780 : 2 stores
Line 0xea2062f9a40 : 1 stores
Line 0x98f569043d80 : 1 stores
Line 0xea206319fc0 : 6 stores
Line 0xea2062fd540 : 6 stores
Line 0x98f5690820c0 : 2 stores
Line 0xea2062fb6c0 : 2 stores
Line 0x98f569043e80 : 3 stores
Line 0xea20631a0c0 : 1 stores
Line 0x98f569044600 : 1 stores
Line 0xea20631a840 : 1 stores
Line 0x98f569043e40 : 2 stores
Line 0xea20631a080 : 4 stores
Line 0xea2062fd4c0 : 4 stores
Line 0x98f569082040 : 1 stores
Line 0xea2062fb640 : 1 stores
Line 0x98f569043f00 : 3 stores
Line 0xea20631a140 : 2 stores
Line 0xea2062f6ec0 : 1 stores
Line 0x98f569045680 : 2 stores
Line 0xea20631b8c0 : 3 stores
Line 0xea2062cdf80 : 4 stores
Line 0x98f569052b00 : 1 stores
Line 0x98f569044680 : 1 stores
Line 0xea20631a8c0 : 2 stores
Line 0xea2062f9b80 : 1 stores
Line 0x98f569043ec0 : 1 stores
Line 0xea20631a100 : 2 stores
Line 0x98f569082200 : 2 stores
Line 0xea2062fb800 : 2 stores
Line 0x98f569043fc0 : 3 stores
Line 0xea20631a200 : 1 stores
Line 0x98f569044740 : 1 stores
Line 0xea20631a980 : 1 stores
Line 0x98f569043f80 : 2 stores
Line 0xea20631a1c0 : 4 stores
Line 0x98f569082180 : 1 stores
Line 0xea2062fb780 : 1 stores
Line 0x98f569044040 : 1 stores
Line 0xea20631a280 : 2 stores
Line 0x98f5690457c0 : 2 stores
Line 0xea20631ba00 : 3 stores
Line 0xea2062ce0c0 : 3 stores
Line 0x98f569052c40 : 1 stores
Line 0x98f5690447c0 : 1 stores
Line 0xea20631aa00 : 2 stores
Line 0xea2062f9cc0 : 1 stores
Line 0x98f569044000 : 4 stores
Line 0xea20631a240 : 2 stores
Line 0x98f569082340 : 2 stores
Line 0xea2062fb940 : 2 stores
Line 0x98f569044100 : 1 stores
Line 0xea20631a340 : 1 stores
Line 0x98f569044880 : 1 stores
Line 0xea20631aac0 : 1 stores
Line 0x98f5690440c0 : 2 stores
Line 0xea20631a300 : 4 stores
Line 0x98f5690822c0 : 1 stores
Line 0xea2062fb8c0 : 1 stores
Line 0x98f569044180 : 1 stores
Line 0xea20631a3c0 : 2 stores
Line 0x6c6f1e456500 : 3 stores
Line 0x98f5690a2540 : 2 stores
Line 0x98f569045900 : 2 stores
Line 0xea20631bb40 : 3 stores
Line 0xea2062ce200 : 3 stores
Line 0x98f569052d80 : 1 stores
Line 0x98f569044900 : 1 stores
Line 0xea20631ab40 : 2 stores
Line 0xea2062f9e00 : 1 stores
Line 0x98f569044140 : 4 stores
Line 0xea20631a380 : 2 stores
Line 0x98f569082480 : 2 stores
Line 0xea2062fba80 : 2 stores
Line 0x98f569044240 : 1 stores
Line 0xea20631a480 : 1 stores
Line 0x98f5690449c0 : 1 stores
Line 0xea20631ac00 : 1 stores
Line 0x98f569044200 : 2 stores
Line 0xea20631a440 : 4 stores
Line 0x98f569082400 : 1 stores
Line 0xea2062fba00 : 1 stores
Line 0x98f5690442c0 : 1 stores
Line 0xea20631a500 : 2 stores
Line 0xea2062f9100 : 2 stores
Line 0x6c6f1e456640 : 3 stores
Line 0x98f5690a2680 : 2 stores
Line 0x98f569045a40 : 2 stores
Line 0xea20631bc80 : 3 stores
Line 0xea2062ce340 : 3 stores
Line 0xea206329100 : 5 stores
Line 0x98f569052ec0 : 1 stores
Line 0x98f569044a40 : 1 stores
Line 0xea20631ac80 : 2 stores
Line 0xea2062f9f40 : 1 stores
Line 0x98f569044280 : 4 stores
Line 0xea20631a4c0 : 2 stores
Line 0xea2062fa000 : 1 stores
Line 0x98f569044380 : 1 stores
Line 0xea20631a5c0 : 1 stores
Line 0x98f5690825c0 : 2 stores
Line 0xea2062fbbc0 : 2 stores
Line 0x98f569044b00 : 1 stores
Line 0xea20631ad40 : 1 stores
Line 0x98f569044340 : 2 stores
Line 0xea20631a580 : 4 stores
Line 0x98f569082540 : 1 stores
Line 0xea2062fbb40 : 1 stores
Line 0x6c6f1e456780 : 3 stores
Line 0x98f5690a27c0 : 2 stores
Line 0x98f569045b80 : 2 stores
Line 0xea20631bdc0 : 3 stores
Line 0xea2062f9240 : 2 stores
Line 0xea2062fa080 : 3 stores
Line 0x98f5690473c0 : 1 stores
Line 0xea20631d600 : 6 stores
Line 0xea2062fa140 : 1 stores
Line 0x98f5690474c0 : 4 stores
Line 0xea20631d700 : 2 stores
Line 0x98f569082700 : 2 stores
Line 0xea2062fbd00 : 2 stores
Line 0xea2062fb040 : 2 stores
Line 0x98f569082680 : 1 stores
Line 0xea2062fbc80 : 1 stores
Line 0x6c6f1e4568c0 : 3 stores
Line 0x98f5690a2900 : 2 stores
Line 0x98f569045cc0 : 2 stores
Line 0xea20631bf00 : 3 stores
Line 0xea2062f9380 : 2 stores
Line 0xea2062fa1c0 : 3 stores
Line 0x98f569047500 : 1 stores
Line 0xea20631d740 : 6 stores
Line 0xea2062fa280 : 1 stores
Line 0x98f569047600 : 4 stores
Line 0xea20631d840 : 2 stores
Line 0x98f569082840 : 2 stores
Line 0xea2062fbe40 : 2 stores
Line 0xea2062fb180 : 2 stores
Line 0x98f5690827c0 : 1 stores
Line 0xea2062fbdc0 : 1 stores
Line 0x6c6f1e456a00 : 3 stores
Line 0x98f5690a2a40 : 2 stores
Line 0xea2062fa300 : 3 stores
Line 0x8ad33013eb80 : 1 stores
Line 0x98f569047640 : 1 stores
Line 0xea20631d880 : 6 stores
Line 0xea2062fa3c0 : 1 stores
Line 0x98f569047740 : 4 stores
Line 0xea20631d980 : 2 stores
Line 0x98f569082980 : 2 stores
Line 0xea2062fbf80 : 2 stores
Line 0xea2062fb2c0 : 2 stores
Line 0x98f569082900 : 1 stores
Line 0xea2062fbf00 : 1 stores
Line 0x6c6f1e456b40 : 3 stores
Line 0x98f5690a2b80 : 2 stores
Line 0x8ad33013ecc0 : 1 stores
Line 0xea2062b7600 : 2 stores
Line 0xea2062fa440 : 3 stores
Line 0x98f569047780 : 1 stores
Line 0xea20631d9c0 : 6 stores
Line 0xea2062fa500 : 1 stores
Line 0x98f569047880 : 4 stores
Line 0xea20631dac0 : 2 stores
Line 0x98f569082ac0 : 2 stores
Line 0xea2062fe600 : 1 stores
Line 0x98f569086000 : 3 stores
Line 0xea2062ff600 : 1 stores
Line 0xea2062fb400 : 2 stores
Line 0x98f569082a40 : 1 stores
Line 0x6c6f1e456c80 : 3 stores
Line 0x98f5690a2cc0 : 2 stores
Line 0x8ad33013ee00 : 1 stores
Line 0xe8035e38dd40 : 3 stores
Line 0xea2063a50c0 : 6 stores
Line 0xea2062b7740 : 2 stores
Line 0xea2062fa580 : 3 stores
Line 0x98f5690478c0 : 1 stores
Line 0xea20631db00 : 6 stores
Line 0x98f5690479c0 : 4 stores
Line 0xea20631dc00 : 2 stores
Line 0x98f569082c00 : 2 stores
Line 0xea2062fe740 : 1 stores
Line 0x98f569086140 : 3 stores
Line 0xea2062ff740 : 1 stores
Line 0x98f569082b80 : 1 stores
Line 0x8ad33013ef40 : 1 stores
Line 0xe8035e38de80 : 3 stores
Line 0xea2063a5200 : 6 stores
Line 0xea2062b7880 : 2 stores
Line 0x98f5690860c0 : 1 stores
Line 0xea2062ff6c0 : 2 stores
Line 0x98f569047a00 : 1 stores
Line 0xea20631dc40 : 6 stores
Line 0x98f569086180 : 1 stores
Line 0xea2062ff780 : 4 stores
Line 0xea2062fe780 : 3 stores
Line 0x98f569082d40 : 2 stores
Line 0x98f569047b00 : 4 stores
Line 0xea20631dd40 : 2 stores
Line 0x98f569086280 : 3 stores
Line 0xea2062ff880 : 1 stores
Line 0xea2062fe880 : 1 stores
Line 0xea2062fe800 : 2 stores
Line 0x98f569082cc0 : 1 stores
Line 0x8ad33013f080 : 3 stores
Line 0xe8035e38dfc0 : 3 stores
Line 0xea2063a5340 : 6 stores
Line 0xea2062b79c0 : 2 stores
Line 0x98f569086200 : 1 stores
Line 0xea2062ff800 : 2 stores
Line 0x98f569047b40 : 1 stores
Line 0xea20631dd80 : 6 stores
Line 0x98f5690862c0 : 1 stores
Line 0xea2062ff8c0 : 4 stores
Line 0xea2062fe8c0 : 3 stores
Line 0x98f5690863c0 : 3 stores
Line 0xea2062ff9c0 : 1 stores
Line 0xea2062fe9c0 : 1 stores
Line 0xea2062fe940 : 2 stores
Line 0x8ad33013f1c0 : 3 stores
Line 0xe8035e38e100 : 1 stores
Line 0xea2063a5480 : 6 stores
Line 0xea2062b7b00 : 2 stores
Line 0x98f569086340 : 1 stores
Line 0xea2062ff940 : 2 stores
Line 0x98f569086400 : 1 stores
Line 0xea2062ffa00 : 4 stores
Line 0xea2062fea00 : 3 stores
Line 0x98f569086500 : 3 stores
Line 0xea2062ffb00 : 1 stores
Line 0xea2062feb00 : 1 stores
Line 0xea2062fea80 : 2 stores
Line 0x8ad33013f300 : 3 stores
Line 0xe8035e38e240 : 1 stores
Line 0xea2063a55c0 : 6 stores
Line 0xea2062b7c40 : 2 stores
Line 0x98f569086480 : 1 stores
Line 0xea2062ffa80 : 2 stores
Line 0x98f569086540 : 1 stores
Line 0xea2062ffb40 : 4 stores
Line 0xea2062feb40 : 3 stores
Line 0x98f569086640 : 3 stores
Line 0xea2062ffc40 : 1 stores
Line 0xea2062fec40 : 1 stores
Line 0xea2062febc0 : 2 stores
Line 0x98f5690865c0 : 1 stores
Line 0xea2062ffbc0 : 2 stores
Line 0xea2062fec80 : 3 stores
Line 0x98f569086680 : 1 stores
Line 0xea2062ffc80 : 4 stores
Line 0xea2062fed80 : 1 stores
Line 0x98f569086780 : 3 stores
Line 0xea2062ffd80 : 1 stores
Line 0xea2062fed00 : 2 stores
Line 0x98f569086700 : 1 stores
Line 0xea2062ffd00 : 2 stores
Line 0xea2062fedc0 : 3 stores
Line 0x98f5690867c0 : 1 stores
Line 0xea2062ffdc0 : 4 stores
Line 0xea2062feec0 : 1 stores
Line 0x98f5690868c0 : 3 stores
Line 0xea2062ffec0 : 1 stores
Line 0xea2062fee40 : 2 stores
Line 0x98f569086840 : 1 stores
Line 0xea2062ffe40 : 2 stores
Line 0x98f569086900 : 1 stores
Line 0xea2062fff00 : 4 stores
Line 0xea2062fef00 : 3 stores
Line 0x98f569086a00 : 3 stores
Line 0xea2062fef80 : 2 stores
Line 0x98f569086980 : 1 stores
Line 0xea2062fff80 : 2 stores
Line 0x98f569086a40 : 1 stores
Line 0xea2062ff040 : 1 stores
Line 0x98f569086b40 : 3 stores
Line 0xea2062ff0c0 : 2 stores
Line 0x98f569086ac0 : 1 stores
Line 0x98f569086b80 : 1 stores
Line 0xea2062ff180 : 1 stores
Line 0x98f569086c80 : 3 stores
Line 0xea2062ff200 : 2 stores
Line 0x98f569086c00 : 1 stores
Line 0x98f569086cc0 : 1 stores
Line 0xea2062ff2c0 : 1 stores
Line 0xea2062ff340 : 2 stores
Line 0x98f569086d40 : 1 stores
Line 0x98f569085e00 : 1 stores
Line 0xea2062ff400 : 1 stores
Line 0x98f569085e80 : 1 stores
Line 0xea2062ff480 : 2 stores
Line 0x98f569085f40 : 1 stores
Line 0xea2062ff540 : 1 stores
Line 0xea206302640 : 1 stores
Line 0x98f56908a040 : 3 stores
Line 0xea206303640 : 1 stores
Line 0x98f569085fc0 : 1 stores
Line 0xea2062ff5c0 : 2 stores
Line 0xea206302680 : 4 stores
Line 0x98f56908a080 : 1 stores
Line 0xea206303680 : 3 stores
Line 0xea206302780 : 1 stores
Line 0x98f56908a180 : 3 stores
Line 0xea206303780 : 1 stores
Line 0xea206302700 : 2 stores
Line 0x98f56908a100 : 1 stores
Line 0xea206303700 : 2 stores
Line 0xa1abd7f31000 : 2 stores
Line 0x98f56908a1c0 : 1 stores
Line 0xea2063037c0 : 3 stores
Line 0xa1abd7f310c0 : 5 stores
Line 0xea2063027c0 : 4 stores
Line 0x98f56908a2c0 : 3 stores
Line 0xea2063038c0 : 1 stores
Line 0xea2063028c0 : 1 stores
Line 0xea206302840 : 2 stores
Line 0x98f56908a240 : 1 stores
Line 0xea206303840 : 2 stores
Line 0xa1abd7f31140 : 2 stores
Line 0x98f56908a300 : 1 stores
Line 0xea206303900 : 3 stores
Line 0xa1abd7f31200 : 5 stores
Line 0xea206302900 : 4 stores
Line 0x98f56908a400 : 3 stores
Line 0xea206303a00 : 1 stores
Line 0xea206302a00 : 1 stores
Line 0x98f5690aa040 : 4 stores
Line 0x98f56904d400 : 3 stores
Line 0xea206323640 : 1 stores
Line 0xea206302980 : 2 stores
Line 0x98f5690aa0c0 : 2 stores
Line 0x98f56904d480 : 2 stores
Line 0xea2063236c0 : 2 stores
Line 0x98f56908a380 : 1 stores
Line 0xea206303980 : 2 stores
Line 0xa1abd7f31280 : 2 stores
Line 0x98f56908a440 : 1 stores
Line 0xea206303a40 : 3 stores
Line 0xa1abd7f31340 : 5 stores
Line 0xea206302a40 : 4 stores
Line 0x98f5690aa180 : 4 stores
Line 0x98f56904d540 : 3 stores
Line 0xea206323780 : 1 stores
Line 0x98f56908a540 : 3 stores
Line 0xea206303b40 : 1 stores
Line 0xea206302b40 : 1 stores
Line 0xea206302ac0 : 2 stores
Line 0x98f5690aa200 : 2 stores
Line 0x98f56904d5c0 : 2 stores
Line 0xea206323800 : 2 stores
Line 0x98f56908a4c0 : 1 stores
Line 0xea206303ac0 : 2 stores
Line 0xa1abd7f313c0 : 2 stores
Line 0x98f56908a580 : 1 stores
Line 0xea206303b80 : 3 stores
Line 0xa1abd7f31480 : 5 stores
Line 0xea206302b80 : 4 stores
Line 0x98f5690aa2c0 : 4 stores
Line 0x98f56904d680 : 3 stores
Line 0xea2063238c0 : 1 stores
Line 0x98f56908a680 : 3 stores
Line 0xea206303c80 : 1 stores
Line 0xea206302c80 : 1 stores
Line 0xea206302c00 : 2 stores
Line 0xea2062c3540 : 1 stores
Line 0xea20631e300 : 1 stores
Line 0x98f5690480c0 : 1 stores
Line 0xea2062c16c0 : 1 stores
Line 0x98f5690aa340 : 2 stores
Line 0x98f56904d700 : 2 stores
Line 0xea206323940 : 2 stores
Line 0x98f56908a600 : 1 stores
Line 0xea206303c00 : 2 stores
Line 0xa1abd7f31500 : 2 stores
Line 0x98f56908a6c0 : 1 stores
Line 0xea206303cc0 : 3 stores
Line 0xa1abd7f315c0 : 5 stores
Line 0xea206302cc0 : 4 stores
Line 0x98f5690aa400 : 4 stores
Line 0x98f56904d7c0 : 3 stores
Line 0xea206323a00 : 1 stores
Line 0x98f56908a7c0 : 3 stores
Line 0xea206303dc0 : 1 stores
Line 0xea206302dc0 : 1 stores
Line 0xea206302d40 : 2 stores
Line 0xea2062c3680 : 1 stores
Line 0xea20631e440 : 1 stores
Line 0x98f569048200 : 1 stores
Line 0xea2062c1800 : 1 stores
Line 0x98f5690aa480 : 2 stores
Line 0x98f56904d840 : 2 stores
Line 0xea206323a80 : 2 stores
Line 0x98f56908a740 : 1 stores
Line 0xea206303d40 : 2 stores
Line 0xa1abd7f31640 : 2 stores
Line 0x98f56908a800 : 1 stores
Line 0xea206303e00 : 3 stores
Line 0xa1abd7f31700 : 5 stores
Line 0xea206302e00 : 4 stores
Line 0x98f5690aa540 : 4 stores
Line 0x98f56904d900 : 3 stores
Line 0xea206323b40 : 1 stores
Line 0x98f56908a900 : 3 stores
Line 0xea206303f00 : 1 stores
Line 0xea206302f00 : 1 stores
Line 0xea206302e80 : 2 stores
Line 0xea2062c37c0 : 1 stores
Line 0xea20631e580 : 1 stores
Line 0x98f569048340 : 1 stores
Line 0xea2062c1940 : 1 stores
Line 0x98f5690aa5c0 : 2 stores
Line 0x98f56904d980 : 2 stores
Line 0xea206323bc0 : 2 stores
Line 0x98f56908a880 : 1 stores
Line 0xea206303e80 : 2 stores
Line 0xa1abd7f31780 : 2 stores
Line 0xea206302f40 : 4 stores
Line 0x98f56908a940 : 1 stores
Line 0xea206303f40 : 3 stores
Line 0xa1abd7f31840 : 5 stores
Line 0x98f5690aa680 : 4 stores
Line 0x98f56904da40 : 3 stores
Line 0xea206323c80 : 1 stores
Line 0xea206303040 : 3 stores
Line 0x98f56908aa40 : 3 stores
Line 0xea206302fc0 : 2 stores
Line 0xea2062c3900 : 1 stores
Line 0xea20631e6c0 : 1 stores
Line 0x98f569048480 : 1 stores
Line 0xea2062c1a80 : 1 stores
Line 0x98f5690aa700 : 2 stores
Line 0x98f56904dac0 : 2 stores
Line 0xea206323d00 : 2 stores
Line 0x98f56908a9c0 : 1 stores
Line 0xea206303fc0 : 2 stores
Line 0xa1abd7f318c0 : 2 stores
Line 0xea206303080 : 1 stores
Line 0x98f56908aa80 : 1 stores
Line 0xa1abd7f31980 : 5 stores
Line 0x98f56904cb80 : 3 stores
Line 0xea206322dc0 : 1 stores
Line 0xea206303180 : 3 stores
Line 0x98f56908ab80 : 3 stores
Line 0xea206303100 : 3 stores
Line 0xea2062c3a40 : 1 stores
Line 0xea20631e800 : 1 stores
Line 0x98f5690485c0 : 1 stores
Line 0xea2062c1bc0 : 1 stores
Line 0x98f56904cc00 : 2 stores
Line 0xea206322e40 : 3 stores
Line 0x98f56908ab00 : 1 stores
Line 0xa1abd7f31a00 : 2 stores
Line 0x98f56904f440 : 2 stores
Line 0xea206325680 : 6 stores
Line 0xea2063031c0 : 1 stores
Line 0x98f56908abc0 : 1 stores
Line 0xa1abd7f31ac0 : 5 stores
Line 0x98f56904ccc0 : 3 stores
Line 0xea206322f00 : 1 stores
Line 0xea2063032c0 : 3 stores
Line 0x98f56908acc0 : 3 stores
Line 0xea206303240 : 3 stores
Line 0xea2062c3b80 : 1 stores
Line 0xea20631e940 : 1 stores
Line 0x98f569048700 : 1 stores
Line 0xea2062c1d00 : 1 stores
Line 0x98f56904cd40 : 2 stores
Line 0xea206322f80 : 3 stores
Line 0x98f56908ac40 : 1 stores
Line 0xa1abd7f31b40 : 2 stores
Line 0x98f56904f580 : 2 stores
Line 0xea2063257c0 : 6 stores
Line 0xea206303300 : 1 stores
Line 0x98f56908ad00 : 1 stores
Line 0xa1abd7f31c00 : 5 stores
Line 0x98f56904ce00 : 3 stores
Line 0xea206323040 : 2 stores
Line 0x98f569089e00 : 2 stores
Line 0xea206303400 : 3 stores
Line 0xea206303380 : 3 stores
Line 0x98f56904ce80 : 2 stores
Line 0xea2063230c0 : 1 stores
Line 0x98f56908ad80 : 1 stores
Line 0xa1abd7f31c80 : 2 stores
Line 0x98f56904f6c0 : 2 stores
Line 0xea206325900 : 6 stores
Line 0x98f569089e40 : 1 stores
Line 0xea206303440 : 1 stores
Line 0xa1abd7f31d40 : 5 stores
Line 0x98f56904cf40 : 3 stores
Line 0xea206323180 : 2 stores
Line 0x98f569089f40 : 2 stores
Line 0xea206303540 : 3 stores
Line 0x98f569089ec0 : 1 stores
Line 0xea2063034c0 : 3 stores
Line 0x98f56904cfc0 : 2 stores
Line 0xea206323200 : 1 stores
Line 0xa1abd7f31dc0 : 2 stores
Line 0x98f56904f800 : 2 stores
Line 0xea206325a40 : 6 stores
Line 0xa1abd7f31e80 : 5 stores
Line 0x98f569089f80 : 1 stores
Line 0xea206303580 : 1 stores
Line 0x98f56904d080 : 1 stores
Line 0xea2063232c0 : 2 stores
Line 0x98f56908e080 : 2 stores
Line 0xea206307680 : 1 stores
Line 0x98f56904d100 : 3 stores
Line 0xea206323340 : 1 stores
Line 0x98f56904f940 : 2 stores
Line 0xea206325b80 : 6 stores
Line 0x98f5690a9e00 : 3 stores
Line 0x98f56904d1c0 : 1 stores
Line 0xea206323400 : 2 stores
Line 0x98f56908e1c0 : 2 stores
Line 0xea2063077c0 : 1 stores
Line 0x98f5690a9e80 : 2 stores
Line 0x98f56904d240 : 3 stores
Line 0xea206323480 : 1 stores
Line 0x98f56904fa80 : 2 stores
Line 0xea206325cc0 : 6 stores
Line 0x98f5690a9f40 : 3 stores
Line 0x98f56904d300 : 1 stores
Line 0xea206323540 : 2 stores
Line 0x98f56908e300 : 2 stores
Line 0xea206307900 : 1 stores
Line 0x98f5690a9fc0 : 2 stores
Line 0x98f56904d380 : 3 stores
Line 0xea2063235c0 : 1 stores
Line 0x98f56904fbc0 : 2 stores
Line 0xea206325e00 : 6 stores
Line 0x98f5690ae080 : 3 stores
Line 0xea206327680 : 1 stores
Line 0x98f56908e440 : 2 stores
Line 0xea206307a40 : 1 stores
Line 0x98f56904fc80 : 2 stores
Line 0xea206325ec0 : 4 stores
Line 0x98f56904fd00 : 2 stores
Line 0xea206325f40 : 6 stores
Line 0x98f5690ae1c0 : 3 stores
Line 0xea2063277c0 : 1 stores
Line 0x98f56908e580 : 2 stores
Line 0xea206307b80 : 1 stores
Line 0x98f56904fdc0 : 2 stores
Line 0xea206326000 : 3 stores
Line 0x98f56904fe40 : 2 stores
Line 0xea206326080 : 2 stores
Line 0x98f5690ae300 : 3 stores
Line 0xea206327900 : 1 stores
Line 0x98f56908e6c0 : 2 stores
Line 0xea206307cc0 : 1 stores
Line 0x98f56904ff00 : 2 stores
Line 0xea206326140 : 3 stores
Line 0xea2062cd580 : 4 stores
Line 0x98f56904ff80 : 2 stores
Line 0xea2063261c0 : 2 stores
Line 0x98f5690ae440 : 3 stores
Line 0xea206327a40 : 1 stores
Line 0x98f569050040 : 1 stores
Line 0xea206326280 : 3 stores
Line 0xea2062cd6c0 : 4 stores
Line 0x98f5690500c0 : 2 stores
Line 0xea206326300 : 2 stores
Line 0x98f56908e840 : 1 stores
Line 0xea206307e40 : 3 stores
Line 0xa1abd7f35740 : 5 stores
Line 0xea206306e40 : 4 stores
Line 0x98f5690ae580 : 3 stores
Line 0xea206327b80 : 1 stores
Line 0x98f569050180 : 1 stores
Line 0xea2063263c0 : 3 stores
Line 0xea2062cd800 : 4 stores
Line 0xea206306ec0 : 2 stores
Line 0x98f569050200 : 2 stores
Line 0xea206326440 : 2 stores
Line 0x98f56908e980 : 1 stores
Line 0xea206307f80 : 3 stores
Line 0xa1abd7f35880 : 5 stores
Line 0xea206306f80 : 4 stores
Line 0x98f5690ae6c0 : 3 stores
Line 0xea206327cc0 : 1 stores
Line 0x98f5690502c0 : 1 stores
Line 0xea206326500 : 3 stores
Line 0xea2062cd940 : 4 stores
Line 0xea206307000 : 3 stores
Line 0x98f569050340 : 2 stores
Line 0xea206326580 : 2 stores
Line 0xea2063070c0 : 1 stores
Line 0x98f569050bc0 : 4 stores
Line 0xea206326e00 : 1 stores
Line 0xea2062cda80 : 4 stores
Line 0x98f569050c40 : 1 stores
Line 0xea206326e80 : 3 stores
Line 0xea206307200 : 1 stores
Line 0x98f569050d00 : 4 stores
Line 0xea206326f40 : 1 stores
Line 0xea2062cdbc0 : 4 stores
Line 0x98f569050d80 : 1 stores
Line 0xea206326fc0 : 3 stores
Line 0xea206307340 : 1 stores
Line 0x98f569050e40 : 4 stores
Line 0xea206327080 : 2 stores
Line 0x98f569050ec0 : 1 stores
Line 0xea206327100 : 1 stores
Line 0x98f56908de80 : 1 stores
Line 0xea206307480 : 1 stores
Line 0x98f569050f80 : 4 stores
Line 0xea2063271c0 : 2 stores
Line 0xea206327240 : 1 stores
Line 0x98f56908dfc0 : 1 stores
Line 0xea2063075c0 : 1 stores
Line 0xea206327300 : 2 stores
Line 0xea20630a6c0 : 1 stores
Line 0xa1abd7f37fc0 : 2 stores
Line 0xea206327380 : 1 stores
Line 0xea20630a640 : 2 stores
Line 0xa1abd7f37f40 : 3 stores
Line 0xea20630a700 : 3 stores
Line 0x98f5690ade40 : 4 stores
Line 0xea206327440 : 2 stores
Line 0xea20630a800 : 1 stores
Line 0x98f5690adec0 : 2 stores
Line 0xea2063274c0 : 1 stores
Line 0xea20630a780 : 2 stores
Line 0xea20630a840 : 3 stores
Line 0x98f5690adf80 : 4 stores
Line 0xea206327580 : 2 stores
Line 0xea20630a940 : 1 stores
Line 0xea20630a8c0 : 2 stores
Line 0xea20630a980 : 3 stores
Line 0xea20630aa80 : 1 stores
Line 0xea20630aa00 : 2 stores
Line 0xea20630aac0 : 3 stores
Line 0xea20630abc0 : 1 stores
Line 0xea2062d7480 : 3 stores
Line 0xea20630ab40 : 2 stores
Line 0xea20630ac00 : 3 stores
Line 0xea20630ad00 : 1 stores
Line 0xea2062d75c0 : 3 stores
Line 0xea20630ac80 : 2 stores
Line 0xea20630ad40 : 3 stores
Line 0xea206301000 : 4 stores
Line 0xea206301080 : 6 stores
Line 0xea206301040 : 2 stores
Line 0xea206301140 : 4 stores
Line 0xea206301100 : 5 stores
Line 0xea2063011c0 : 6 stores
Line 0xea206301180 : 2 stores
Line 0xea206301280 : 4 stores
Line 0xea206301240 : 5 stores
Line 0xea206301300 : 6 stores
Line 0xea2063012c0 : 2 stores
Line 0xea2063013c0 : 4 stores
Line 0xea206301380 : 5 stores
Line 0xea206301440 : 6 stores
Line 0xea206301400 : 2 stores
Line 0xea206301500 : 4 stores
Line 0xea2063014c0 : 5 stores
Line 0xea206301580 : 6 stores
Line 0xea206301540 : 2 stores
Line 0xea2062e2080 : 1 stores
Line 0xea2062e2100 : 1 stores
Line 0xea2062e21c0 : 1 stores
Line 0xea2062e2240 : 1 stores
Line 0xea2062e2300 : 1 stores
Line 0xea2062e2380 : 1 stores
Line 0xea2062e2440 : 1 stores
Line 0xea2062e24c0 : 1 stores
Line 0xea2062e2580 : 1 stores
Line 0xea206305040 : 4 stores
Line 0xa1abd7f32940 : 2 stores
Line 0xea206305000 : 5 stores
Line 0xa1abd7f32900 : 1 stores
Line 0xea2063050c0 : 6 stores
Line 0xa1abd7f329c0 : 1 stores
Line 0xea206305080 : 2 stores
Line 0xa1abd7f32980 : 2 stores
Line 0xea206305180 : 4 stores
Line 0xa1abd7f32a80 : 2 stores
Line 0xea206305140 : 5 stores
Line 0xa1abd7f32a40 : 1 stores
Line 0xea206305200 : 6 stores
Line 0xa1abd7f32b00 : 1 stores
Line 0xea2063051c0 : 2 stores
Line 0xa1abd7f32ac0 : 2 stores
Line 0xea2063052c0 : 4 stores
Line 0xa1abd7f32bc0 : 2 stores
Line 0xea206305280 : 5 stores
Line 0xa1abd7f32b80 : 1 stores
Line 0xea206305340 : 6 stores
Line 0xa1abd7f32c40 : 1 stores
Line 0xea206305300 : 2 stores
Line 0xa1abd7f32c00 : 2 stores
Line 0xea206305400 : 4 stores
Line 0xa1abd7f32d00 : 2 stores
Line 0xea2063053c0 : 5 stores
Line 0xa1abd7f32cc0 : 1 stores
Line 0xea206305480 : 6 stores
Line 0xa1abd7f32d80 : 1 stores
Line 0xea206305440 : 2 stores
Line 0xa1abd7f32d40 : 2 stores
Line 0xea206305540 : 4 stores
Line 0xa1abd7f32e40 : 2 stores
Line 0xea206305500 : 5 stores
Line 0xa1abd7f32e00 : 1 stores
Line 0xea2063055c0 : 6 stores
Line 0xa1abd7f32ec0 : 1 stores
Line 0xea206305580 : 2 stores
Line 0xa1abd7f32e80 : 2 stores
Line 0xea2062e76c0 : 2 stores
Line 0xea2062e7640 : 1 stores
Line 0xea2062e6700 : 1 stores
Line 0xea2062e7700 : 1 stores
Line 0xea2062e7800 : 2 stores
Line 0xea2062e7780 : 1 stores
Line 0xea2062e6840 : 1 stores
Line 0xea2062e7840 : 1 stores
Line 0xea2062e7940 : 2 stores
Line 0xea2062e78c0 : 1 stores
Line 0xea2062e6980 : 1 stores
Line 0xea2062e7980 : 1 stores
Line 0xea2062e7a80 : 2 stores
Line 0xea2062e7a00 : 1 stores
Line 0xea2062e6ac0 : 1 stores
Line 0xea2062e7ac0 : 1 stores
Line 0xea2062e7bc0 : 2 stores
Line 0xea206309080 : 4 stores
Line 0xa1abd7f36980 : 2 stores
Line 0xea206309040 : 5 stores
Line 0xa1abd7f36940 : 1 stores
Line 0xea2062e7b40 : 1 stores
Line 0xea206309100 : 6 stores
Line 0xa1abd7f36a00 : 1 stores
Line 0xea2063090c0 : 2 stores
Line 0xa1abd7f369c0 : 2 stores
Line 0xea2062e6c00 : 1 stores
Line 0xea2062e7c00 : 1 stores
Line 0xea2063091c0 : 4 stores
Line 0xa1abd7f36ac0 : 2 stores
Line 0xea2062e7d00 : 2 stores
Line 0xea206309180 : 5 stores
Line 0xa1abd7f36a80 : 1 stores
Line 0xea2062e7c80 : 1 stores
Line 0xea206309240 : 6 stores
Line 0xa1abd7f36b40 : 1 stores
Line 0xea206309200 : 2 stores
Line 0xa1abd7f36b00 : 2 stores
Line 0xea2062e6d40 : 1 stores
Line 0xea2062e7d40 : 1 stores
Line 0xea206309300 : 4 stores
Line 0xa1abd7f36c00 : 2 stores
Line 0xea2062e7e40 : 2 stores
Line 0xea2063092c0 : 5 stores
Line 0xa1abd7f36bc0 : 1 stores
Line 0xea2062e7dc0 : 1 stores
Line 0xea206309380 : 6 stores
Line 0xa1abd7f36c80 : 1 stores
Line 0xea206309340 : 2 stores
Line 0xa1abd7f36c40 : 2 stores
Line 0xea2062e7e80 : 1 stores
Line 0xea2062e6e80 : 1 stores
Line 0xea206309440 : 4 stores
Line 0xa1abd7f36d40 : 2 stores
Line 0xea2062e7f80 : 2 stores
Line 0xea206309400 : 5 stores
Line 0xa1abd7f36d00 : 1 stores
Line 0xea2062e7f00 : 1 stores
Line 0xea2063094c0 : 6 stores
Line 0xa1abd7f36dc0 : 1 stores
Line 0xea206309480 : 2 stores
Line 0xa1abd7f36d80 : 2 stores
Line 0xea2062e6fc0 : 1 stores
Line 0xea2062e7fc0 : 1 stores
Line 0xea206309580 : 4 stores
Line 0xa1abd7f36e80 : 2 stores
Line 0xea2062eb0c0 : 2 stores
Line 0xea206309540 : 5 stores
Line 0xa1abd7f36e40 : 1 stores
Line 0xea2062eb040 : 1 stores
Line 0xea2063095c0 : 2 stores
Line 0xa1abd7f36ec0 : 2 stores
Line 0xea2062eb200 : 2 stores
Line 0xea2062eb180 : 1 stores
Line 0xea2062eb340 : 2 stores
Line 0xea2062eb2c0 : 1 stores
Line 0xea2062eb480 : 2 stores
Line 0xea2062eb400 : 1 stores
Line 0xea2062eb5c0 : 2 stores
Line 0xea2062eb540 : 1 stores
Line 0xea2062cd000 : 1 stores
Line 0xea2062eb600 : 1 stores
Line 0xea2062ea600 : 1 stores
Line 0xea2062eb680 : 1 stores
Line 0xea2062cd140 : 1 stores
Line 0xea2062eb740 : 1 stores
Line 0xea2062ea740 : 1 stores
Line 0xea2062eb7c0 : 1 stores
Line 0xea2062cd280 : 1 stores
Line 0xea2062ea880 : 1 stores
Line 0xea2062eb880 : 1 stores
Line 0xea2062eb900 : 1 stores
Line 0xea2062cd3c0 : 1 stores
Line 0xea2062ea9c0 : 1 stores
Line 0xea2062eb9c0 : 1 stores
Line 0xea2062eba40 : 1 stores
Line 0xea2062cd500 : 1 stores
Line 0xea2062eab00 : 1 stores
Line 0xea2062ebb00 : 1 stores
Line 0xea20630d000 : 6 stores
Line 0xea20630d0c0 : 4 stores
Line 0xea20630d080 : 5 stores
Line 0xea2062ebb80 : 1 stores
Line 0xea20630d140 : 6 stores
Line 0xea20630d100 : 2 stores
Line 0xea2062eac40 : 1 stores
Line 0xea2062ebc40 : 1 stores
Line 0xea20630d200 : 4 stores
Line 0xea20630d1c0 : 5 stores
Line 0xea2062ebcc0 : 1 stores
Line 0xea20630d280 : 6 stores
Line 0xea20630d240 : 2 stores
Line 0xea2062ead80 : 1 stores
Line 0xea2062ebd80 : 1 stores
Line 0xea20630d340 : 4 stores
Line 0xea20630d300 : 5 stores
Line 0xea2062ebe00 : 1 stores
Line 0xea20630d3c0 : 6 stores
Line 0xea20630d380 : 2 stores
Line 0xea2062eaec0 : 1 stores
Line 0xea2062ebec0 : 1 stores
Line 0xea20630d480 : 4 stores
Line 0xea20630d440 : 5 stores
Line 0xea2062ebf40 : 1 stores
Line 0xea20630d500 : 6 stores
Line 0xea20630d4c0 : 2 stores
Line 0xea20630d5c0 : 4 stores
Line 0xea20630d580 : 5 stores
Line 0xea206311040 : 6 stores
Line 0xea206311000 : 2 stores
Line 0xea206311100 : 4 stores
Line 0xea2063110c0 : 5 stores
Line 0xea206311180 : 6 stores
Line 0xea206311140 : 2 stores
Line 0xea206311240 : 4 stores
Line 0xea206311200 : 5 stores
Line 0xea2063112c0 : 6 stores
Line 0xea206311280 : 2 stores
Line 0xea206311380 : 4 stores
Line 0xea206311340 : 5 stores
Line 0xea206311400 : 6 stores
Line 0xea2063113c0 : 2 stores
Line 0xea2063114c0 : 4 stores
Line 0xea2062f2000 : 2 stores
Line 0xea206311480 : 5 stores
Line 0xea206311540 : 6 stores
Line 0xea206311500 : 2 stores
Line 0xea2062f2040 : 1 stores
Line 0xea2062f2140 : 2 stores
Line 0xea2063115c0 : 5 stores
Line 0xea2062f20c0 : 1 stores
Line 0xea2062f2180 : 1 stores
Line 0xea2062f2280 : 2 stores
Line 0xea2062f2200 : 1 stores
Line 0xea2062f22c0 : 1 stores
Line 0xea2062f23c0 : 2 stores
Line 0xea2062f2340 : 1 stores
Line 0xea2062f2400 : 1 stores
Line 0xea2062f2500 : 2 stores
Line 0xea2062f2480 : 1 stores
Line 0xea2062f2540 : 1 stores
Line 0xea2062f25c0 : 1 stores
Line 0xea206315000 : 4 stores
Line 0xea206315080 : 6 stores
Line 0x98f56903ee00 : 1 stores
Line 0xea206315040 : 2 stores
Line 0xea206315140 : 4 stores
Line 0x98f56903eec0 : 1 stores
Line 0xea206315100 : 5 stores
Line 0xea2063151c0 : 6 stores
Line 0x98f56903ef40 : 1 stores
Line 0xea206315180 : 2 stores
Line 0xea206315280 : 4 stores
Line 0xea206315240 : 5 stores
Line 0xea206315300 : 6 stores
Line 0xea2063152c0 : 2 stores
Line 0xea2063153c0 : 4 stores
Line 0xea206315380 : 5 stores
Line 0xea206315440 : 6 stores
Line 0xea206315400 : 2 stores
Line 0xea206315500 : 4 stores
Line 0xea2062f6040 : 3 stores
Line 0xea2063154c0 : 5 stores
Line 0xea206315580 : 6 stores
Line 0x98f56903f300 : 1 stores
Line 0xea206315540 : 2 stores
Line 0xea2062f6080 : 1 stores
Line 0xea2062f6180 : 3 stores
Line 0xea2062f6100 : 1 stores
Line 0xea2062f61c0 : 1 stores
Line 0xea2062f62c0 : 3 stores
Line 0xea2062f6240 : 1 stores
Line 0xea2062f6300 : 1 stores
Line 0xea2062f6400 : 3 stores
Line 0xea2062f6380 : 1 stores
Line 0xea2062f6440 : 1 stores
Line 0xea2062f6540 : 3 stores
Line 0xea2062f64c0 : 1 stores
Line 0xea2062f6580 : 1 stores
Line 0x98f569042e00 : 1 stores
Line 0xea206319040 : 4 stores
Line 0x98f569042dc0 : 3 stores
Line 0xea206319000 : 5 stores
Line 0x98f569042e80 : 1 stores
Line 0xea2063190c0 : 6 stores
Line 0x98f569042e40 : 2 stores
Line 0xea206319080 : 2 stores
Line 0x98f569042f40 : 1 stores
Line 0xea206319180 : 4 stores
Line 0x98f569042f00 : 3 stores
Line 0xea206319140 : 5 stores
Line 0x98f569042fc0 : 1 stores
Line 0xea206319200 : 6 stores
Line 0x98f569042f80 : 2 stores
Line 0xea2063191c0 : 2 stores
Line 0x98f569043080 : 2 stores
Line 0xea2063192c0 : 4 stores
Line 0x98f569043040 : 1 stores
Line 0xea206319280 : 5 stores
Line 0x98f569043100 : 1 stores
Line 0xea206319340 : 6 stores
Line 0x98f5690430c0 : 3 stores
Line 0xea206319300 : 2 stores
Line 0x98f5690431c0 : 2 stores
Line 0xea206319400 : 4 stores
Line 0x98f569043180 : 1 stores
Line 0xea2063193c0 : 5 stores
Line 0x98f569043240 : 1 stores
Line 0xea206319480 : 6 stores
Line 0x98f569043200 : 3 stores
Line 0xea206319440 : 2 stores
Line 0x98f569043300 : 2 stores
Line 0xea206319540 : 4 stores
Line 0x98f5690432c0 : 1 stores
Line 0xea206319500 : 5 stores
Line 0x98f569043380 : 1 stores
Line 0xea2063195c0 : 6 stores
Line 0x98f569043340 : 3 stores
Line 0xea206319580 : 2 stores
Line 0xea2062fa640 : 1 stores
Line 0xea2062fa780 : 1 stores
Line 0xea2062fa8c0 : 1 stores
Line 0xea2062faa00 : 1 stores
Line 0xea20631d080 : 4 stores
Line 0xea20631d040 : 5 stores
Line 0xea20631d100 : 6 stores
Line 0xea2062dd600 : 1 stores
Line 0xea2062fab40 : 1 stores
Line 0xea20631d0c0 : 2 stores
Line 0xea20631d1c0 : 4 stores
Line 0xea20631d180 : 5 stores
Line 0x98f569047000 : 1 stores
Line 0xea20631d240 : 6 stores
Line 0xea2062dd740 : 1 stores
Line 0xea2062fac80 : 1 stores
Line 0xea20631d200 : 2 stores
Line 0x98f5690470c0 : 1 stores
Line 0xea20631d300 : 4 stores
Line 0x98f569047080 : 2 stores
Line 0xea20631d2c0 : 5 stores
Line 0x98f569047140 : 1 stores
Line 0xea20631d380 : 6 stores
Line 0xea2062dd880 : 1 stores
Line 0xea2062fadc0 : 1 stores
Line 0x98f569047100 : 4 stores
Line 0xea20631d340 : 2 stores
Line 0x98f569047200 : 1 stores
Line 0xea20631d440 : 4 stores
Line 0x98f5690471c0 : 2 stores
Line 0xea20631d400 : 5 stores
Line 0xea2062dd9c0 : 1 stores
Line 0x98f569047280 : 1 stores
Line 0xea20631d4c0 : 6 stores
Line 0xea2062faf00 : 1 stores
Line 0x98f569047240 : 4 stores
Line 0xea20631d480 : 2 stores
Line 0x98f569047340 : 1 stores
Line 0xea20631d580 : 4 stores
Line 0x98f569047300 : 2 stores
Line 0xea20631d540 : 5 stores
Line 0xea2062ddb00 : 1 stores
Line 0x98f569047380 : 4 stores
Line 0xea20631d5c0 : 2 stores
Line 0xea2062ddc40 : 1 stores
Line 0xea2062ddd80 : 1 stores
Line 0xea2062ddec0 : 1 stores
Line 0x98f56904adc0 : 1 stores
Line 0xea206321000 : 6 stores
Line 0x98f56904ae80 : 1 stores
Line 0xea2063210c0 : 4 stores
Line 0xea206321080 : 5 stores
Line 0x98f56904af00 : 1 stores
Line 0xea206321140 : 6 stores
Line 0xea206321100 : 2 stores
Line 0x98f56904afc0 : 1 stores
Line 0xea206321200 : 4 stores
Line 0xea2063211c0 : 5 stores
Line 0x98f56904b040 : 2 stores
Line 0xea206321280 : 6 stores
Line 0x98f56904b000 : 1 stores
Line 0xea206321240 : 2 stores
Line 0x98f56904b100 : 1 stores
Line 0xea206321340 : 4 stores
Line 0x98f56904b0c0 : 3 stores
Line 0xea206321300 : 5 stores
Line 0x98f56904b180 : 2 stores
Line 0xea2063213c0 : 6 stores
Line 0x98f56904b140 : 1 stores
Line 0xea206321380 : 2 stores
Line 0x98f56904b240 : 1 stores
Line 0xea206321480 : 4 stores
Line 0x98f56904b200 : 3 stores
Line 0xea206321440 : 5 stores
Line 0x98f56904b2c0 : 2 stores
Line 0xea206321500 : 6 stores
Line 0x98f56904b280 : 1 stores
Line 0xea2063214c0 : 2 stores
Line 0x98f56904b380 : 1 stores
Line 0xea2063215c0 : 4 stores
Line 0x98f56904b340 : 3 stores
Line 0xea206321580 : 5 stores
Line 0x98f56904ee00 : 4 stores
Line 0xea206325040 : 6 stores
Line 0x98f56904edc0 : 1 stores
Line 0xea206325000 : 2 stores
Line 0x98f56904eec0 : 2 stores
Line 0xea206325100 : 4 stores
Line 0x98f56904ee80 : 2 stores
Line 0xea2063250c0 : 5 stores
Line 0x98f56904ef40 : 4 stores
Line 0xea206325180 : 6 stores
Line 0x98f56904ef00 : 1 stores
Line 0xea206325140 : 2 stores
Line 0x98f56904f000 : 2 stores
Line 0xea206325240 : 4 stores
Line 0x98f56904efc0 : 2 stores
Line 0xea206325200 : 5 stores
Line 0x98f56904f080 : 2 stores
Line 0xea2063252c0 : 6 stores
Line 0xea206325280 : 2 stores
Line 0x98f56904f140 : 2 stores
Line 0xea206325380 : 4 stores
Line 0x98f56904f100 : 1 stores
Line 0xea206325340 : 5 stores
Line 0x98f56904f1c0 : 2 stores
Line 0xea206325400 : 6 stores
Line 0xea2063253c0 : 2 stores
Line 0x98f56904f280 : 2 stores
Line 0xea2063254c0 : 4 stores
Line 0x98f56904f240 : 1 stores
Line 0xea206325480 : 5 stores
Line 0x98f56904f300 : 2 stores
Line 0xea206325540 : 6 stores
Line 0xea206325500 : 2 stores
Line 0x98f56904f380 : 1 stores
Line 0xea2063255c0 : 5 stores
Line 0x98f569056e00 : 1 stores
Line 0xea20632d040 : 4 stores
Line 0x98f569056dc0 : 1 stores
Line 0xea20632d000 : 5 stores
Line 0x98f569056e80 : 1 stores
Line 0xea20632d0c0 : 6 stores
Line 0x98f569056e40 : 3 stores
Line 0xea20632d080 : 2 stores
Line 0x98f569056f40 : 1 stores
Line 0xea20632d180 : 4 stores
Line 0x98f569056f00 : 1 stores
Line 0xea20632d140 : 5 stores
Line 0x98f569056fc0 : 1 stores
Line 0xea20632d200 : 6 stores
Line 0x98f569056f80 : 3 stores
Line 0xea20632d1c0 : 2 stores
Line 0x98f569057080 : 3 stores
Line 0xea20632d2c0 : 4 stores
Line 0x98f569057040 : 1 stores
Line 0xea20632d280 : 5 stores
Line 0x98f569057100 : 2 stores
Line 0xea20632d340 : 6 stores
Line 0x98f5690570c0 : 1 stores
Line 0xea20632d300 : 2 stores
Line 0x98f5690571c0 : 3 stores
Line 0xea20632d400 : 4 stores
Line 0x98f569057180 : 1 stores
Line 0xea20632d3c0 : 5 stores
Line 0x98f569057240 : 2 stores
Line 0xea20632d480 : 6 stores
Line 0x98f569057200 : 1 stores
Line 0xea20632d440 : 2 stores
Line 0x98f569057300 : 3 stores
Line 0xea20632d540 : 4 stores
Line 0x98f5690572c0 : 1 stores
Line 0xea20632d500 : 5 stores
Line 0x98f569057380 : 2 stores
Line 0xea20632d5c0 : 6 stores
Line 0x98f569057340 : 1 stores
Line 0xea20632d580 : 2 stores
Line 0xea206331080 : 4 stores
Line 0xea206331040 : 5 stores
Line 0xea206331100 : 6 stores
Line 0xea2062f1600 : 1 stores
Line 0xea2063310c0 : 2 stores
Line 0xea2063311c0 : 4 stores
Line 0xea206331180 : 5 stores
Line 0x98f56905b000 : 1 stores
Line 0xea206331240 : 6 stores
Line 0xea2062f1740 : 1 stores
Line 0xea206331200 : 2 stores
Line 0x98f56905b0c0 : 4 stores
Line 0xea206331300 : 4 stores
Line 0x98f56905b080 : 1 stores
Line 0xea2063312c0 : 5 stores
Line 0x98f56905b140 : 1 stores
Line 0xea206331380 : 6 stores
Line 0xea2062f1880 : 1 stores
Line 0x98f56905b100 : 2 stores
Line 0xea206331340 : 2 stores
Line 0x98f56905b200 : 4 stores
Line 0xea206331440 : 4 stores
Line 0x98f56905b1c0 : 1 stores
Line 0xea206331400 : 5 stores
Line 0xea2062f19c0 : 1 stores
Line 0x98f56905b280 : 1 stores
Line 0xea2063314c0 : 6 stores
Line 0x98f56905b240 : 2 stores
Line 0xea206331480 : 2 stores
Line 0x98f56905b340 : 4 stores
Line 0xea206331580 : 4 stores
Line 0x98f56905b300 : 1 stores
Line 0xea206331540 : 5 stores
Line 0xea2062f1b00 : 1 stores
Line 0x98f56905b380 : 2 stores
Line 0xea2063315c0 : 2 stores
Line 0xea2062f1c40 : 1 stores
Line 0xea2062f1d80 : 1 stores
Line 0xea2062f1ec0 : 1 stores
Line 0xea206335000 : 6 stores
Line 0xea2063350c0 : 4 stores
Line 0x98f56905ee40 : 1 stores
Line 0xea206335080 : 5 stores
Line 0xea206335140 : 6 stores
Line 0xea2062f5640 : 1 stores
Line 0x98f56905eec0 : 1 stores
Line 0xea206335100 : 2 stores
Line 0xea206335200 : 4 stores
Line 0x98f56905ef80 : 1 stores
Line 0xea2063351c0 : 5 stores
Line 0x98f56905f040 : 1 stores
Line 0xea206335280 : 6 stores
Line 0xea2062f5780 : 1 stores
Line 0x98f56905f000 : 2 stores
Line 0xea206335240 : 2 stores
Line 0x98f56905f100 : 1 stores
Line 0xea206335340 : 4 stores
Line 0x98f56905f0c0 : 3 stores
Line 0xea206335300 : 5 stores
Line 0x98f56905f180 : 1 stores
Line 0xea2063353c0 : 6 stores
Line 0xea2062f58c0 : 1 stores
Line 0x98f56905f140 : 2 stores
Line 0xea206335380 : 2 stores
Line 0x98f56905f240 : 1 stores
Line 0xea206335480 : 4 stores
Line 0x98f56905f200 : 3 stores
Line 0xea206335440 : 5 stores
Line 0x98f56905f2c0 : 1 stores
Line 0xea206335500 : 6 stores
Line 0xea2062f5a00 : 1 stores
Line 0x98f56905f280 : 2 stores
Line 0xea2063354c0 : 2 stores
Line 0x98f56905f380 : 1 stores
Line 0xea2063355c0 : 4 stores
Line 0x98f56905f340 : 3 stores
Line 0xea206335580 : 5 stores
Line 0xea2062f5b40 : 1 stores
Line 0xea2062f5c80 : 1 stores
Line 0xea2062f5dc0 : 1 stores
Line 0x98f569060e00 : 1 stores
Line 0xea206337040 : 2 stores
Line 0x98f569060ec0 : 1 stores
Line 0xea206337100 : 4 stores
Line 0xea2062f5f00 : 1 stores
Line 0x98f569060f40 : 1 stores
Line 0xea206337180 : 2 stores
Line 0x98f569061000 : 2 stores
Line 0xea206337240 : 4 stores
Line 0x98f569061080 : 1 stores
Line 0xea2063372c0 : 2 stores
Line 0x98f569061140 : 2 stores
Line 0xea206337380 : 4 stores
Line 0x98f5690611c0 : 1 stores
Line 0xea206337400 : 2 stores
Line 0x98f569061280 : 2 stores
Line 0xea2063374c0 : 4 stores
Line 0x98f569061300 : 1 stores
Line 0xea206337540 : 2 stores
Line 0x98f5690603c0 : 3 stores
Line 0xea206336600 : 3 stores
Line 0x98f5690613c0 : 2 stores
Line 0xea206337600 : 4 stores
Line 0x98f569060440 : 1 stores
Line 0xea206336680 : 2 stores
Line 0x98f569061440 : 1 stores
Line 0xea206337680 : 2 stores
Line 0x98f569060500 : 3 stores
Line 0xea206336740 : 3 stores
Line 0x98f569061500 : 2 stores
Line 0xea206337740 : 4 stores
Line 0x98f569060580 : 1 stores
Line 0xea2063367c0 : 2 stores
Line 0x98f569061580 : 1 stores
Line 0xea2063377c0 : 2 stores
Line 0x98f569062e00 : 2 stores
Line 0xea206339040 : 6 stores
Line 0x98f569062dc0 : 2 stores
Line 0xea206339000 : 2 stores
Line 0x98f569062ec0 : 1 stores
Line 0xea206339100 : 4 stores
Line 0x98f569061640 : 2 stores
Line 0xea206337880 : 4 stores
Line 0x98f569060640 : 3 stores
Line 0xea206336880 : 3 stores
Line 0x98f569062e80 : 4 stores
Line 0xea2063390c0 : 5 stores
Line 0x98f569062f40 : 2 stores
Line 0xea206339180 : 6 stores
Line 0x98f5690616c0 : 1 stores
Line 0xea206337900 : 2 stores
Line 0x98f5690606c0 : 1 stores
Line 0xea206336900 : 2 stores
Line 0x98f569062f00 : 2 stores
Line 0xea206339140 : 2 stores
Line 0x98f569063000 : 1 stores
Line 0xea206339240 : 4 stores
Line 0x98f569060780 : 3 stores
Line 0xea2063369c0 : 3 stores
Line 0x98f569061780 : 2 stores
Line 0xea2063379c0 : 4 stores
Line 0x98f569062fc0 : 4 stores
Line 0xea206339200 : 5 stores
Line 0x98f569063080 : 2 stores
Line 0xea2063392c0 : 6 stores
Line 0x98f569060800 : 1 stores
Line 0xea206336a40 : 2 stores
Line 0x98f569061800 : 1 stores
Line 0xea206337a40 : 2 stores
Line 0x98f569063040 : 1 stores
Line 0xea206339280 : 2 stores
Line 0x98f569063140 : 1 stores
Line 0xea206339380 : 4 stores
Line 0x98f5690618c0 : 2 stores
Line 0xea206337b00 : 4 stores
Line 0x98f5690608c0 : 3 stores
Line 0xea206336b00 : 3 stores
Line 0x98f569063100 : 2 stores
Line 0xea206339340 : 5 stores
Line 0x98f5690631c0 : 2 stores
Line 0xea206339400 : 6 stores
Line 0x98f569061940 : 1 stores
Line 0xea206337b80 : 2 stores
Line 0x98f569060940 : 1 stores
Line 0xea206336b80 : 2 stores
Line 0x98f569063180 : 1 stores
Line 0xea2063393c0 : 2 stores
Line 0x98f569063280 : 1 stores
Line 0xea2063394c0 : 4 stores
Line 0x98f569061a00 : 2 stores
Line 0xea206337c40 : 4 stores
Line 0x98f569060a00 : 3 stores
Line 0xea206336c40 : 3 stores
Line 0x98f569063240 : 2 stores
Line 0xea206339480 : 5 stores
Line 0x98f569063300 : 2 stores
Line 0xea206339540 : 6 stores
Line 0x98f569061a80 : 1 stores
Line 0xea206337cc0 : 2 stores
Line 0x98f569060a80 : 1 stores
Line 0xea206336cc0 : 2 stores
Line 0x98f5690632c0 : 1 stores
Line 0xea206339500 : 2 stores
Line 0x98f5690633c0 : 1 stores
Line 0xea206339600 : 4 stores
Line 0x98f569061b40 : 2 stores
Line 0xea206337d80 : 4 stores
Line 0x98f569060b40 : 3 stores
Line 0xea206336d80 : 3 stores
Line 0x98f569063380 : 2 stores
Line 0xea2063395c0 : 5 stores
Line 0x98f569063440 : 2 stores
Line 0xea206339680 : 6 stores
Line 0x98f569061bc0 : 1 stores
Line 0xea206337e00 : 2 stores
Line 0x98f569060bc0 : 1 stores
Line 0xea206336e00 : 2 stores
Line 0x98f569063400 : 1 stores
Line 0xea206339640 : 2 stores
Line 0x98f569063500 : 1 stores
Line 0xea206339740 : 4 stores
Line 0x98f569061c80 : 2 stores
Line 0xea206337ec0 : 4 stores
Line 0x98f569060c80 : 3 stores
Line 0xea206336ec0 : 3 stores
Line 0x98f5690634c0 : 2 stores
Line 0xea206339700 : 5 stores
Line 0x98f569063580 : 2 stores
Line 0xea2063397c0 : 6 stores
Line 0x98f569061d00 : 1 stores
Line 0xea206337f40 : 2 stores
Line 0x98f569060d00 : 1 stores
Line 0xea206336f40 : 2 stores
Line 0x98f569063540 : 1 stores
Line 0xea206339780 : 2 stores
Line 0x98f569063640 : 1 stores
Line 0xea206339880 : 4 stores
Line 0x98f569063dc0 : 1 stores
Line 0xea20633a000 : 4 stores
Line 0xea20633b000 : 3 stores
Line 0x98f569063600 : 2 stores
Line 0xea206339840 : 5 stores
Line 0x98f5690636c0 : 2 stores
Line 0xea206339900 : 6 stores
Line 0x98f569063e40 : 2 stores
Line 0xea20633a080 : 2 stores
Line 0xea20633b080 : 2 stores
Line 0x98f569063680 : 1 stores
Line 0xea2063398c0 : 2 stores
Line 0x98f569063780 : 1 stores
Line 0xea2063399c0 : 4 stores
Line 0x98f569063f00 : 1 stores
Line 0xea20633a140 : 4 stores
Line 0xea20633b140 : 3 stores
Line 0x98f569063740 : 2 stores
Line 0xea206339980 : 5 stores
Line 0x98f569063800 : 2 stores
Line 0xea206339a40 : 6 stores
Line 0xea20633b1c0 : 2 stores
Line 0x98f569063f80 : 2 stores
Line 0xea20633a1c0 : 2 stores
Line 0x98f5690637c0 : 1 stores
Line 0xea206339a00 : 2 stores
Line 0x98f5690638c0 : 1 stores
Line 0xea206339b00 : 4 stores
Line 0x98f569065040 : 1 stores
Line 0xea20633b280 : 3 stores
Line 0xea20633a280 : 4 stores
Line 0x98f569063880 : 2 stores
Line 0xea206339ac0 : 5 stores
Line 0xea2062fd080 : 1 stores
Line 0x98f569063940 : 2 stores
Line 0xea206339b80 : 6 stores
Line 0x98f5690650c0 : 1 stores
Line 0xea20633b300 : 2 stores
Line 0xea20633a300 : 2 stores
Line 0x98f569063900 : 1 stores
Line 0xea206339b40 : 2 stores
Line 0x98f569063a00 : 1 stores
Line 0xea206339c40 : 4 stores
Line 0x98f569065180 : 1 stores
Line 0xea20633b3c0 : 3 stores
Line 0xea20633a3c0 : 4 stores
Line 0x98f5690639c0 : 2 stores
Line 0xea206339c00 : 5 stores
Line 0xea2062fd1c0 : 1 stores
Line 0x98f569063a80 : 2 stores
Line 0xea206339cc0 : 6 stores
Line 0x98f569065200 : 1 stores
Line 0xea20633b440 : 2 stores
Line 0xea20633a440 : 2 stores
Line 0x98f569063a40 : 1 stores
Line 0xea206339c80 : 2 stores
Line 0x98f569063b40 : 1 stores
Line 0xea206339d80 : 4 stores
Line 0xea20633a500 : 4 stores
Line 0x98f5690652c0 : 1 stores
Line 0xea20633b500 : 3 stores
Line 0x98f569063b00 : 2 stores
Line 0xea206339d40 : 5 stores
Line 0x98f569063bc0 : 2 stores
Line 0xea206339e00 : 6 stores
Line 0xea2062fd300 : 1 stores
Line 0xea20633a580 : 2 stores
Line 0x98f569065340 : 1 stores
Line 0xea20633b580 : 2 stores
Line 0x98f569063b80 : 1 stores
Line 0xea206339dc0 : 2 stores
Line 0x98f569063c80 : 1 stores
Line 0xea206339ec0 : 4 stores
Line 0xea20633a640 : 4 stores
Line 0x98f569065400 : 1 stores
Line 0xea20633b640 : 3 stores
Line 0x98f569063c40 : 2 stores
Line 0xea206339e80 : 5 stores
Line 0x98f569063d00 : 2 stores
Line 0xea206339f40 : 6 stores
Line 0xea2062fd440 : 1 stores
Line 0xea20633a6c0 : 2 stores
Line 0x98f569065480 : 1 stores
Line 0xea20633b6c0 : 2 stores
Line 0x98f569063cc0 : 1 stores
Line 0xea206339f00 : 2 stores
Line 0x98f569066dc0 : 6 stores
Line 0xea20633d000 : 4 stores
Line 0xea20633a780 : 4 stores
Line 0x98f569065540 : 1 stores
Line 0xea20633b780 : 3 stores
Line 0x98f569063d80 : 2 stores
Line 0xea206339fc0 : 5 stores
Line 0x98f569066e40 : 5 stores
Line 0xea20633d080 : 6 stores
Line 0xea2062fd580 : 1 stores
Line 0xea20633a800 : 2 stores
Line 0x98f5690655c0 : 1 stores
Line 0xea20633b800 : 2 stores
Line 0x98f569066e00 : 1 stores
Line 0xea20633d040 : 2 stores
Line 0x98f569066f00 : 6 stores
Line 0xea20633d140 : 4 stores
Line 0x98f569065680 : 1 stores
Line 0xea20633b8c0 : 3 stores
Line 0xea20633a8c0 : 4 stores
Line 0x98f569066ec0 : 2 stores
Line 0xea20633d100 : 5 stores
Line 0x98f569066f80 : 5 stores
Line 0xea20633d1c0 : 6 stores
Line 0x98f569065700 : 1 stores
Line 0xea20633b940 : 2 stores
Line 0xea20633a940 : 2 stores
Line 0x98f569066f40 : 1 stores
Line 0xea20633d180 : 2 stores
Line 0xea20633d280 : 4 stores
Line 0x98f5690657c0 : 1 stores
Line 0xea20633ba00 : 3 stores
Line 0xea20633aa00 : 4 stores
Line 0x98f569067000 : 1 stores
Line 0xea20633d240 : 5 stores
Line 0x98f5690670c0 : 1 stores
Line 0xea20633d300 : 6 stores
Line 0x98f569065840 : 1 stores
Line 0xea20633ba80 : 2 stores
Line 0xea20633aa80 : 2 stores
Line 0xea20633d2c0 : 2 stores
Line 0xea20633d3c0 : 4 stores
Line 0x98f569065900 : 1 stores
Line 0xea20633bb40 : 3 stores
Line 0xea20633ab40 : 4 stores
Line 0x98f569067140 : 1 stores
Line 0xea20633d380 : 5 stores
Line 0x98f569067200 : 1 stores
Line 0xea20633d440 : 6 stores
Line 0x98f569065980 : 1 stores
Line 0xea20633bbc0 : 2 stores
Line 0xea20633abc0 : 2 stores
Line 0xea20633d400 : 2 stores
Line 0xea20633d500 : 4 stores
Line 0x98f569065a40 : 1 stores
Line 0xea20633bc80 : 3 stores
Line 0xea20633ac80 : 4 stores
Line 0x98f569067280 : 1 stores
Line 0xea20633d4c0 : 5 stores
Line 0x98f569067340 : 1 stores
Line 0xea20633d580 : 6 stores
Line 0xea20633ad00 : 2 stores
Line 0x98f569065ac0 : 1 stores
Line 0xea20633bd00 : 2 stores
Line 0xea20633d540 : 2 stores
Line 0xea20633d640 : 4 stores
Line 0x98f569065b80 : 1 stores
Line 0xea20633bdc0 : 3 stores
Line 0xea20633adc0 : 4 stores
Line 0x98f5690673c0 : 1 stores
Line 0xea20633d600 : 5 stores
Line 0x98f569067480 : 1 stores
Line 0xea20633d6c0 : 6 stores
Line 0x98f569065c00 : 1 stores
Line 0xea20633be40 : 2 stores
Line 0xea20633ae40 : 2 stores
Line 0xea20633d680 : 2 stores
Line 0xea20633d780 : 4 stores
Line 0x98f569065cc0 : 1 stores
Line 0xea20633bf00 : 3 stores
Line 0xea20633af00 : 4 stores
Line 0x98f569067500 : 1 stores
Line 0xea20633d740 : 5 stores
Line 0x98f5690675c0 : 1 stores
Line 0xea20633d800 : 6 stores
Line 0x98f569065d40 : 1 stores
Line 0xea20633bf80 : 2 stores
Line 0xea20633af80 : 2 stores
Line 0xea20633d7c0 : 2 stores
Line 0xea20633d8c0 : 4 stores
Line 0x98f569067640 : 1 stores
Line 0xea20633d880 : 5 stores
Line 0xea20633e040 : 3 stores
Line 0x98f569068e00 : 1 stores
Line 0xea20633f040 : 4 stores
Line 0x98f569067700 : 1 stores
Line 0xea20633d940 : 6 stores
Line 0x98f569067e80 : 1 stores
Line 0xea20633e0c0 : 2 stores
Line 0x98f569068e80 : 1 stores
Line 0xea20633f0c0 : 2 stores
Line 0xea20633d900 : 2 stores
Line 0xea20633da00 : 4 stores
Line 0xea20633e180 : 3 stores
Line 0x98f569068f40 : 1 stores
Line 0xea20633f180 : 4 stores
Line 0x98f569067780 : 1 stores
Line 0xea20633d9c0 : 5 stores
Line 0x98f569067840 : 1 stores
Line 0xea20633da80 : 6 stores
Line 0x98f569067fc0 : 1 stores
Line 0xea20633e200 : 2 stores
Line 0x98f569068fc0 : 1 stores
Line 0xea20633f200 : 2 stores
Line 0xea20633da40 : 2 stores
Line 0xea20633db40 : 4 stores
Line 0xea20633e2c0 : 3 stores
Line 0x98f569069080 : 1 stores
Line 0xea20633f2c0 : 4 stores
Line 0x98f5690678c0 : 1 stores
Line 0xea20633db00 : 5 stores
Line 0xea2063010c0 : 1 stores
Line 0x98f569067980 : 1 stores
Line 0xea20633dbc0 : 6 stores
Line 0xea20633e340 : 2 stores
Line 0x98f569069100 : 3 stores
Line 0xea20633f340 : 2 stores
Line 0xea20633db80 : 2 stores
Line 0xea20633dc80 : 4 stores
Line 0xea20633e400 : 3 stores
Line 0x98f5690691c0 : 1 stores
Line 0xea20633f400 : 4 stores
Line 0x98f569067a00 : 1 stores
Line 0xea20633dc40 : 5 stores
Line 0xea206301200 : 1 stores
Line 0x98f569067ac0 : 1 stores
Line 0xea20633dd00 : 6 stores
Line 0xea20633e480 : 2 stores
Line 0x98f569069240 : 3 stores
Line 0xea20633f480 : 2 stores
Line 0xea20633dcc0 : 2 stores
Line 0xea20633ddc0 : 4 stores
Line 0xea20633e540 : 3 stores
Line 0x98f569069300 : 1 stores
Line 0xea20633f540 : 4 stores
Line 0x98f569067b40 : 1 stores
Line 0xea20633dd80 : 5 stores
Line 0xea206301340 : 1 stores
Line 0x98f569067c00 : 1 stores
Line 0xea20633de40 : 6 stores
Line 0xea20633e5c0 : 2 stores
Line 0x98f569069380 : 3 stores
Line 0xea20633f5c0 : 2 stores
Line 0xea20633de00 : 2 stores
Line 0xea20633df00 : 4 stores
Line 0xea20633e680 : 3 stores
Line 0x98f569069440 : 1 stores
Line 0xea20633f680 : 4 stores
Line 0x98f569067c80 : 1 stores
Line 0xea20633dec0 : 5 stores
Line 0x98f569067d40 : 1 stores
Line 0xea20633df80 : 6 stores
Line 0xea206301480 : 1 stores
Line 0x98f5690694c0 : 3 stores
Line 0xea20633f700 : 2 stores
Line 0xea20633e700 : 2 stores
Line 0xea20633df40 : 2 stores
Line 0x98f56906ae00 : 3 stores
Line 0xea206341040 : 4 stores
Line 0x98f569069580 : 1 stores
Line 0xea20633f7c0 : 4 stores
Line 0xea20633e7c0 : 3 stores
Line 0x98f56906adc0 : 1 stores
Line 0xea206341000 : 5 stores
Line 0xea2063015c0 : 1 stores
Line 0x98f56906ae80 : 1 stores
Line 0xea2063410c0 : 6 stores
Line 0xea20633e840 : 2 stores
Line 0x98f569069600 : 3 stores
Line 0xea20633f840 : 2 stores
Line 0x98f56906ae40 : 1 stores
Line 0xea206341080 : 2 stores
Line 0x98f56906af40 : 3 stores
Line 0xea206341180 : 4 stores
Line 0xea20633e900 : 3 stores
Line 0x98f5690696c0 : 1 stores
Line 0xea20633f900 : 4 stores
Line 0x98f56906af00 : 1 stores
Line 0xea206341140 : 5 stores
Line 0x98f56906afc0 : 1 stores
Line 0xea206341200 : 6 stores
Line 0xea20633e980 : 2 stores
Line 0x98f569069740 : 3 stores
Line 0xea20633f980 : 2 stores
Line 0x98f56906af80 : 1 stores
Line 0xea2063411c0 : 2 stores
Line 0x98f56906b080 : 3 stores
Line 0xea2063412c0 : 4 stores
Line 0xea20633ea40 : 3 stores
Line 0x98f569069800 : 1 stores
Line 0xea20633fa40 : 4 stores
Line 0x98f56906b040 : 2 stores
Line 0xea206341280 : 5 stores
Line 0x98f56906b100 : 3 stores
Line 0xea206341340 : 6 stores
Line 0xea20633eac0 : 2 stores
Line 0x98f569069880 : 3 stores
Line 0xea20633fac0 : 2 stores
Line 0x98f56906b0c0 : 1 stores
Line 0xea206341300 : 2 stores
Line 0x98f56906b1c0 : 3 stores
Line 0xea206341400 : 4 stores
Line 0x98f569069940 : 1 stores
Line 0xea20633fb80 : 4 stores
Line 0xea20633eb80 : 3 stores
Line 0x98f56906b180 : 2 stores
Line 0xea2063413c0 : 5 stores
Line 0x98f56906b240 : 3 stores
Line 0xea206341480 : 6 stores
Line 0xea20633ec00 : 2 stores
Line 0x98f5690699c0 : 3 stores
Line 0xea20633fc00 : 2 stores
Line 0x98f56906b200 : 1 stores
Line 0xea206341440 : 2 stores
Line 0x98f56906b300 : 3 stores
Line 0xea206341540 : 4 stores
Line 0xea20633ecc0 : 3 stores
Line 0x98f569069a80 : 1 stores
Line 0xea20633fcc0 : 4 stores
Line 0x98f56906b2c0 : 2 stores
Line 0xea206341500 : 5 stores
Line 0x98f56906b380 : 3 stores
Line 0xea2063415c0 : 6 stores
Line 0xea20633ed40 : 2 stores
Line 0x98f569069b00 : 3 stores
Line 0xea20633fd40 : 2 stores
Line 0x98f56906b340 : 1 stores
Line 0xea206341580 : 2 stores
Line 0x98f56906b440 : 3 stores
Line 0xea206341680 : 4 stores
Line 0xea20633ee00 : 3 stores
Line 0x98f569069bc0 : 1 stores
Line 0xea20633fe00 : 4 stores
Line 0x98f56906b400 : 2 stores
Line 0xea206341640 : 5 stores
Line 0x98f56906b4c0 : 3 stores
Line 0xea206341700 : 6 stores
Line 0xea20633ee80 : 2 stores
Line 0x98f569069c40 : 3 stores
Line 0xea20633fe80 : 2 stores
Line 0x98f56906b480 : 1 stores
Line 0xea2063416c0 : 2 stores
Line 0x98f56906b580 : 3 stores
Line 0xea2063417c0 : 4 stores
Line 0xea20633ef40 : 3 stores
Line 0x98f569069d00 : 1 stores
Line 0xea20633ff40 : 4 stores
Line 0x98f56906b540 : 2 stores
Line 0xea206341780 : 5 stores
Line 0x98f56906b600 : 3 stores
Line 0xea206341840 : 6 stores
Line 0xea20633efc0 : 2 stores
Line 0x98f569069d80 : 3 stores
Line 0xea20633ffc0 : 2 stores
Line 0x98f56906b5c0 : 1 stores
Line 0xea206341800 : 2 stores
Line 0x98f56906b6c0 : 3 stores
Line 0xea206341900 : 4 stores
Line 0x98f56906b680 : 2 stores
Line 0xea2063418c0 : 5 stores
Line 0x98f56906be40 : 3 stores
Line 0xea206342080 : 3 stores
Line 0x98f56906ce40 : 2 stores
Line 0xea206343080 : 4 stores
Line 0x98f56906b740 : 3 stores
Line 0xea206341980 : 6 stores
Line 0x98f56906bec0 : 3 stores
Line 0xea206342100 : 2 stores
Line 0x98f56906cec0 : 4 stores
Line 0xea206343100 : 2 stores
Line 0x98f56906b700 : 1 stores
Line 0xea206341940 : 2 stores
Line 0x98f56906b800 : 3 stores
Line 0xea206341a40 : 4 stores
Line 0x98f56906cf80 : 2 stores
Line 0xea2063431c0 : 4 stores
Line 0x98f56906bf80 : 3 stores
Line 0xea2063421c0 : 3 stores
Line 0x98f56906b7c0 : 2 stores
Line 0xea206341a00 : 5 stores
Line 0x98f56906b880 : 3 stores
Line 0xea206341ac0 : 6 stores
Line 0x98f56906d000 : 2 stores
Line 0xea206343240 : 2 stores
Line 0x98f56906c000 : 1 stores
Line 0xea206342240 : 2 stores
Line 0x98f56906b840 : 1 stores
Line 0xea206341a80 : 2 stores
Line 0x98f56906b940 : 3 stores
Line 0xea206341b80 : 4 stores
Line 0x98f56906d0c0 : 2 stores
Line 0xea206343300 : 4 stores
Line 0x98f56906c0c0 : 1 stores
Line 0xea206342300 : 3 stores
Line 0x98f56906b900 : 2 stores
Line 0xea206341b40 : 5 stores
Line 0x98f56906b9c0 : 3 stores
Line 0xea206341c00 : 6 stores
Line 0xea206305100 : 1 stores
Line 0xa1abd7f32a00 : 4 stores
Line 0x98f56906d140 : 2 stores
Line 0xea206343380 : 2 stores
Line 0x98f56906c140 : 1 stores
Line 0xea206342380 : 2 stores
Line 0x98f56906b980 : 1 stores
Line 0xea206341bc0 : 2 stores
Line 0x98f56906ba80 : 3 stores
Line 0xea206341cc0 : 4 stores
Line 0x98f56906c200 : 1 stores
Line 0xea206342440 : 3 stores
Line 0x98f56906d200 : 2 stores
Line 0xea206343440 : 4 stores
Line 0x98f56906ba40 : 2 stores
Line 0xea206341c80 : 5 stores
Line 0xea206305240 : 1 stores
Line 0xa1abd7f32b40 : 4 stores
Line 0x98f56906bb00 : 3 stores
Line 0xea206341d40 : 6 stores
Line 0x98f56906c280 : 1 stores
Line 0xea2063424c0 : 2 stores
Line 0x98f56906d280 : 2 stores
Line 0xea2063434c0 : 2 stores
Line 0x98f56906bac0 : 1 stores
Line 0xea206341d00 : 2 stores
Line 0x98f56906bbc0 : 3 stores
Line 0xea206341e00 : 4 stores
Line 0x98f56906c340 : 1 stores
Line 0xea206342580 : 3 stores
Line 0x98f56906d340 : 2 stores
Line 0xea206343580 : 4 stores
Line 0x98f56906bb80 : 2 stores
Line 0xea206341dc0 : 5 stores
Line 0xea206305380 : 1 stores
Line 0xa1abd7f32c80 : 4 stores
Line 0x98f56906bc40 : 3 stores
Line 0xea206341e80 : 6 stores
Line 0x98f56906c3c0 : 1 stores
Line 0xea206342600 : 2 stores
Line 0x98f56906d3c0 : 2 stores
Line 0xea206343600 : 2 stores
Line 0x98f56906bc00 : 1 stores
Line 0xea206341e40 : 2 stores
Line 0x98f56906bd00 : 3 stores
Line 0xea206341f40 : 4 stores
Line 0x98f56906c480 : 1 stores
Line 0xea2063426c0 : 3 stores
Line 0x98f56906d480 : 2 stores
Line 0xea2063436c0 : 4 stores
Line 0x98f56906bcc0 : 2 stores
Line 0xea206341f00 : 5 stores
Line 0xea2063054c0 : 1 stores
Line 0xa1abd7f32dc0 : 4 stores
Line 0x98f56906bd80 : 3 stores
Line 0xea206341fc0 : 6 stores
Line 0x98f56906c500 : 1 stores
Line 0xea206342740 : 2 stores
Line 0x98f56906d500 : 2 stores
Line 0xea206343740 : 2 stores
Line 0x98f56906bd40 : 1 stores
Line 0xea206341f80 : 2 stores
Line 0x98f56906c5c0 : 1 stores
Line 0xea206342800 : 3 stores
Line 0x98f56906d5c0 : 2 stores
Line 0xea206343800 : 4 stores
Line 0xea206345080 : 4 stores
Line 0xea206345040 : 5 stores
Line 0xea206345100 : 6 stores
Line 0x98f56906c640 : 1 stores
Line 0xea206342880 : 2 stores
Line 0x98f56906d640 : 2 stores
Line 0xea206343880 : 2 stores
Line 0xea2063450c0 : 2 stores
Line 0xea2063451c0 : 4 stores
Line 0x98f56906c700 : 1 stores
Line 0xea206342940 : 3 stores
Line 0x98f56906d700 : 2 stores
Line 0xea206343940 : 4 stores
Line 0xea206345180 : 5 stores
Line 0x98f56906f000 : 4 stores
Line 0xea206345240 : 6 stores
Line 0x98f56906d780 : 2 stores
Line 0xea2063439c0 : 2 stores
Line 0x98f56906c780 : 1 stores
Line 0xea2063429c0 : 2 stores
Line 0xea206345200 : 2 stores
Line 0x98f56906f0c0 : 4 stores
Line 0xea206345300 : 4 stores
Line 0x98f56906d840 : 2 stores
Line 0xea206343a80 : 4 stores
Line 0x98f56906c840 : 1 stores
Line 0xea206342a80 : 3 stores
Line 0x98f56906f080 : 1 stores
Line 0xea2063452c0 : 5 stores
Line 0x98f56906f140 : 4 stores
Line 0xea206345380 : 6 stores
Line 0x98f56906c8c0 : 1 stores
Line 0xea206342b00 : 2 stores
Line 0x98f56906d8c0 : 2 stores
Line 0xea206343b00 : 2 stores
Line 0x98f56906f100 : 1 stores
Line 0xea206345340 : 2 stores
Line 0x98f56906f200 : 4 stores
Line 0xea206345440 : 4 stores
Line 0x98f56906c980 : 1 stores
Line 0xea206342bc0 : 3 stores
Line 0x98f56906d980 : 2 stores
Line 0xea206343bc0 : 4 stores
Line 0x98f56906f1c0 : 1 stores
Line 0xea206345400 : 5 stores
Line 0x98f56906f280 : 4 stores
Line 0xea2063454c0 : 6 stores
Line 0x98f56906ca00 : 1 stores
Line 0xea206342c40 : 2 stores
Line 0x98f56906da00 : 2 stores
Line 0xea206343c40 : 2 stores
Line 0x98f56906f240 : 1 stores
Line 0xea206345480 : 2 stores
Line 0x98f56906f340 : 4 stores
Line 0xea206345580 : 4 stores
Line 0x98f56906cac0 : 1 stores
Line 0xea206342d00 : 3 stores
Line 0x98f56906dac0 : 2 stores
Line 0xea206343d00 : 4 stores
Line 0x98f56906f300 : 1 stores
Line 0xea206345540 : 5 stores
Line 0x98f56906f3c0 : 4 stores
Line 0xea206345600 : 6 stores
Line 0x98f56906cb40 : 1 stores
Line 0xea206342d80 : 2 stores
Line 0x98f56906db40 : 2 stores
Line 0xea206343d80 : 2 stores
Line 0x98f56906f380 : 1 stores
Line 0xea2063455c0 : 2 stores
Line 0x98f56906f480 : 4 stores
Line 0xea2063456c0 : 4 stores
Line 0x98f56906cc00 : 1 stores
Line 0xea206342e40 : 3 stores
Line 0x98f56906dc00 : 2 stores
Line 0xea206343e40 : 4 stores
Line 0x98f56906f440 : 1 stores
Line 0xea206345680 : 5 stores
Line 0x98f56906f500 : 4 stores
Line 0xea206345740 : 6 stores
Line 0x98f56906cc80 : 1 stores
Line 0xea206342ec0 : 2 stores
Line 0x98f56906dc80 : 2 stores
Line 0xea206343ec0 : 2 stores
Line 0x98f56906f4c0 : 1 stores
Line 0xea206345700 : 2 stores
Line 0x98f56906f5c0 : 4 stores
Line 0xea206345800 : 4 stores
Line 0x98f56906cd40 : 1 stores
Line 0xea206342f80 : 3 stores
Line 0x98f56906dd40 : 2 stores
Line 0xea206343f80 : 4 stores
Line 0x98f56906f580 : 1 stores
Line 0xea2063457c0 : 5 stores
Line 0x98f56906f640 : 4 stores
Line 0xea206345880 : 6 stores
Line 0x98f56906fdc0 : 4 stores
Line 0xea206346000 : 2 stores
Line 0x98f569070dc0 : 2 stores
Line 0xea206347000 : 2 stores
Line 0x98f56906f600 : 1 stores
Line 0xea206345840 : 2 stores
Line 0x98f56906f700 : 4 stores
Line 0xea206345940 : 4 stores
Line 0x98f56906fe80 : 4 stores
Line 0xea2063460c0 : 3 stores
Line 0x98f569070e80 : 5 stores
Line 0xea2063470c0 : 4 stores
Line 0x98f56906f6c0 : 1 stores
Line 0xea206345900 : 5 stores
Line 0x98f56906f780 : 4 stores
Line 0xea2063459c0 : 6 stores
Line 0x98f56906ff00 : 4 stores
Line 0xea206346140 : 2 stores
Line 0x98f569070f00 : 2 stores
Line 0xea206347140 : 2 stores
Line 0x98f56906f740 : 1 stores
Line 0xea206345980 : 2 stores
Line 0x98f56906f840 : 4 stores
Line 0xea206345a80 : 4 stores
Line 0x98f56906ffc0 : 4 stores
Line 0xea206346200 : 3 stores
Line 0x98f569070fc0 : 5 stores
Line 0xea206347200 : 4 stores
Line 0x98f56906f800 : 1 stores
Line 0xea206345a40 : 5 stores
Line 0xea206309000 : 1 stores
Line 0xa1abd7f36900 : 4 stores
Line 0x98f56906f8c0 : 4 stores
Line 0xea206345b00 : 6 stores
Line 0x98f569070040 : 6 stores
Line 0xea206346280 : 2 stores
Line 0xea206347280 : 2 stores
Line 0x98f56906f880 : 1 stores
Line 0xea206345ac0 : 2 stores
Line 0x98f56906f980 : 4 stores
Line 0xea206345bc0 : 4 stores
Line 0x98f569070100 : 4 stores
Line 0xea206346340 : 3 stores
Line 0x98f569071100 : 1 stores
Line 0xea206347340 : 4 stores
Line 0x98f56906f940 : 1 stores
Line 0xea206345b80 : 5 stores
Line 0xea206309140 : 1 stores
Line 0xa1abd7f36a40 : 4 stores
Line 0x98f56906fa00 : 4 stores
Line 0xea206345c40 : 6 stores
Line 0x98f569070180 : 6 stores
Line 0xea2063463c0 : 2 stores
Line 0xea2063473c0 : 2 stores
Line 0x98f56906f9c0 : 1 stores
Line 0xea206345c00 : 2 stores
Line 0x98f56906fac0 : 4 stores
Line 0xea206345d00 : 4 stores
Line 0x98f569070240 : 4 stores
Line 0xea206346480 : 3 stores
Line 0x98f569071240 : 1 stores
Line 0xea206347480 : 4 stores
Line 0x98f56906fa80 : 1 stores
Line 0xea206345cc0 : 5 stores
Line 0xea206309280 : 1 stores
Line 0xa1abd7f36b80 : 4 stores
Line 0x98f56906fb40 : 4 stores
Line 0xea206345d80 : 6 stores
Line 0x98f5690702c0 : 6 stores
Line 0xea206346500 : 2 stores
Line 0xea206347500 : 2 stores
Line 0x98f56906fb00 : 1 stores
Line 0xea206345d40 : 2 stores
Line 0x98f56906fc00 : 4 stores
Line 0xea206345e40 : 4 stores
Line 0x98f569071380 : 1 stores
Line 0xea2063475c0 : 4 stores
Line 0x98f569070380 : 4 stores
Line 0xea2063465c0 : 3 stores
Line 0x98f56906fbc0 : 1 stores
Line 0xea206345e00 : 5 stores
Line 0xea2063093c0 : 1 stores
Line 0xa1abd7f36cc0 : 4 stores
Line 0x98f56906fc80 : 4 stores
Line 0xea206345ec0 : 6 stores
Line 0x98f569070400 : 6 stores
Line 0xea206346640 : 2 stores
Line 0xea206347640 : 2 stores
Line 0x98f56906fc40 : 1 stores
Line 0xea206345e80 : 2 stores
Line 0x98f56906fd40 : 4 stores
Line 0xea206345f80 : 4 stores
Line 0x98f5690704c0 : 4 stores
Line 0xea206346700 : 3 stores
Line 0x98f5690714c0 : 1 stores
Line 0xea206347700 : 4 stores
Line 0x98f56906fd00 : 1 stores
Line 0xea206345f40 : 5 stores
Line 0xea206309500 : 1 stores
Line 0xa1abd7f36e00 : 4 stores
Line 0x98f569070540 : 6 stores
Line 0xea206346780 : 2 stores
Line 0xea206347780 : 2 stores
Line 0xea206349000 : 6 stores
Line 0x98f56906fd80 : 1 stores
Line 0xea206345fc0 : 2 stores
Line 0xea2063490c0 : 4 stores
Line 0x98f569070600 : 4 stores
Line 0xea206346840 : 3 stores
Line 0x98f569071600 : 1 stores
Line 0xea206347840 : 4 stores
Line 0xea206349080 : 5 stores
Line 0xea206349140 : 6 stores
Line 0x98f569070680 : 6 stores
Line 0xea2063468c0 : 2 stores
Line 0xea2063478c0 : 2 stores
Line 0x98f569072ec0 : 1 stores
Line 0xea206349100 : 2 stores
Line 0xea206349200 : 4 stores
Line 0x98f569070740 : 4 stores
Line 0xea206346980 : 3 stores
Line 0x98f569071740 : 1 stores
Line 0xea206347980 : 4 stores
Line 0xea2063491c0 : 5 stores
Line 0x98f569073040 : 1 stores
Line 0xea206349280 : 6 stores
Line 0x98f5690707c0 : 6 stores
Line 0xea206346a00 : 2 stores
Line 0xea206347a00 : 2 stores
Line 0x98f569073000 : 2 stores
Line 0xea206349240 : 2 stores
Line 0x98f569073100 : 1 stores
Line 0xea206349340 : 4 stores
Line 0x98f569070880 : 4 stores
Line 0xea206346ac0 : 3 stores
Line 0x98f569071880 : 1 stores
Line 0xea206347ac0 : 4 stores
Line 0x98f5690730c0 : 1 stores
Line 0xea206349300 : 5 stores
Line 0x98f569073180 : 1 stores
Line 0xea2063493c0 : 6 stores
Line 0x98f569070900 : 6 stores
Line 0xea206346b40 : 2 stores
Line 0xea206347b40 : 2 stores
Line 0x98f569073140 : 2 stores
Line 0xea206349380 : 2 stores
Line 0x98f569073240 : 1 stores
Line 0xea206349480 : 4 stores
Line 0x98f5690709c0 : 4 stores
Line 0xea206346c00 : 3 stores
Line 0x98f5690719c0 : 1 stores
Line 0xea206347c00 : 4 stores
Line 0x98f569073200 : 1 stores
Line 0xea206349440 : 5 stores
Line 0x98f5690732c0 : 1 stores
Line 0xea206349500 : 6 stores
Line 0x98f569070a40 : 6 stores
Line 0xea206346c80 : 2 stores
Line 0xea206347c80 : 2 stores
Line 0x98f569073280 : 2 stores
Line 0xea2063494c0 : 2 stores
Line 0x98f569073380 : 1 stores
Line 0xea2063495c0 : 4 stores
Line 0x98f569071b00 : 1 stores
Line 0xea206347d40 : 4 stores
Line 0x98f569070b00 : 4 stores
Line 0xea206346d40 : 3 stores
Line 0x98f569073340 : 1 stores
Line 0xea206349580 : 5 stores
Line 0x98f569073400 : 1 stores
Line 0xea206349640 : 6 stores
Line 0xea206347dc0 : 2 stores
Line 0x98f569070b80 : 6 stores
Line 0xea206346dc0 : 2 stores
Line 0x98f5690733c0 : 2 stores
Line 0xea206349600 : 2 stores
Line 0x98f5690734c0 : 1 stores
Line 0xea206349700 : 4 stores
Line 0x98f569070c40 : 4 stores
Line 0xea206346e80 : 3 stores
Line 0x98f569071c40 : 1 stores
Line 0xea206347e80 : 4 stores
Line 0x98f569073480 : 1 stores
Line 0xea2063496c0 : 5 stores
Line 0x98f569073540 : 1 stores
Line 0xea206349780 : 6 stores
Line 0x98f569070cc0 : 6 stores
Line 0xea206346f00 : 2 stores
Line 0xea206347f00 : 2 stores
Line 0x98f569073500 : 2 stores
Line 0xea206349740 : 2 stores
Line 0x98f569073600 : 1 stores
Line 0xea206349840 : 4 stores
Line 0x98f569070d80 : 4 stores
Line 0xea206346fc0 : 3 stores
Line 0x98f569071d80 : 1 stores
Line 0xea206347fc0 : 4 stores
Line 0x98f5690735c0 : 1 stores
Line 0xea206349800 : 5 stores
Line 0x98f569073680 : 1 stores
Line 0xea2063498c0 : 6 stores
Line 0x98f569073e00 : 1 stores
Line 0xea20634a040 : 2 stores
Line 0x98f569074e00 : 1 stores
Line 0xea20634b040 : 2 stores
Line 0x98f569073640 : 2 stores
Line 0xea206349880 : 2 stores
Line 0x98f569073740 : 1 stores
Line 0xea206349980 : 4 stores
Line 0x98f569073ec0 : 1 stores
Line 0xea20634a100 : 3 stores
Line 0x98f569074ec0 : 1 stores
Line 0xea20634b100 : 4 stores
Line 0x98f569073700 : 1 stores
Line 0xea206349940 : 5 stores
Line 0x98f5690737c0 : 1 stores
Line 0xea206349a00 : 6 stores
Line 0x98f569073f40 : 1 stores
Line 0xea20634a180 : 2 stores
Line 0x98f569074f40 : 1 stores
Line 0xea20634b180 : 2 stores
Line 0x98f569073780 : 2 stores
Line 0xea2063499c0 : 2 stores
Line 0x98f569073880 : 1 stores
Line 0xea206349ac0 : 4 stores
Line 0x98f569074000 : 3 stores
Line 0xea20634a240 : 3 stores
Line 0x98f569075000 : 4 stores
Line 0xea20634b240 : 4 stores
Line 0x98f569073840 : 1 stores
Line 0xea206349a80 : 5 stores
Line 0xea20630d040 : 1 stores
Line 0x98f569073900 : 1 stores
Line 0xea206349b40 : 6 stores
Line 0x98f569074080 : 2 stores
Line 0xea20634a2c0 : 2 stores
Line 0x98f569075080 : 2 stores
Line 0xea20634b2c0 : 2 stores
Line 0x98f5690738c0 : 2 stores
Line 0xea206349b00 : 2 stores
Line 0x98f5690739c0 : 1 stores
Line 0xea206349c00 : 4 stores
Line 0x98f569074140 : 3 stores
Line 0xea20634a380 : 3 stores
Line 0x98f569075140 : 4 stores
Line 0xea20634b380 : 4 stores
Line 0x98f569073980 : 1 stores
Line 0xea206349bc0 : 5 stores
Line 0xea20630d180 : 1 stores
Line 0x98f569073a40 : 1 stores
Line 0xea206349c80 : 6 stores
Line 0x98f5690741c0 : 2 stores
Line 0xea20634a400 : 2 stores
Line 0x98f5690751c0 : 2 stores
Line 0xea20634b400 : 2 stores
Line 0x98f569073a00 : 2 stores
Line 0xea206349c40 : 2 stores
Line 0x98f569073b00 : 1 stores
Line 0xea206349d40 : 4 stores
Line 0x98f569074280 : 3 stores
Line 0xea20634a4c0 : 3 stores
Line 0x98f569075280 : 4 stores
Line 0xea20634b4c0 : 4 stores
Line 0x98f569073ac0 : 1 stores
Line 0xea206349d00 : 5 stores
Line 0xea20630d2c0 : 1 stores
Line 0x98f569073b80 : 1 stores
Line 0xea206349dc0 : 6 stores
Line 0x98f569074300 : 2 stores
Line 0xea20634a540 : 2 stores
Line 0x98f569075300 : 2 stores
Line 0xea20634b540 : 2 stores
Line 0x98f569073b40 : 2 stores
Line 0xea206349d80 : 2 stores
Line 0x98f569073c40 : 1 stores
Line 0xea206349e80 : 4 stores
Line 0x98f5690743c0 : 3 stores
Line 0xea20634a600 : 3 stores
Line 0x98f5690753c0 : 4 stores
Line 0xea20634b600 : 4 stores
Line 0x98f569073c00 : 1 stores
Line 0xea206349e40 : 5 stores
Line 0xea20630d400 : 1 stores
Line 0x98f569073cc0 : 1 stores
Line 0xea206349f00 : 6 stores
Line 0x98f569074440 : 2 stores
Line 0xea20634a680 : 2 stores
Line 0x98f569075440 : 2 stores
Line 0xea20634b680 : 2 stores
Line 0x98f569073c80 : 2 stores
Line 0xea206349ec0 : 2 stores
Line 0x98f569073d80 : 1 stores
Line 0xea206349fc0 : 4 stores
Line 0x98f569074500 : 3 stores
Line 0xea20634a740 : 3 stores
Line 0x98f569075500 : 4 stores
Line 0xea20634b740 : 4 stores
Line 0x98f569073d40 : 1 stores
Line 0xea206349f80 : 5 stores
Line 0xea20630d540 : 1 stores
Line 0x98f569076e00 : 1 stores
Line 0xea20634d040 : 6 stores
Line 0x98f569075580 : 2 stores
Line 0xea20634b7c0 : 2 stores
Line 0x98f569074580 : 2 stores
Line 0xea20634a7c0 : 2 stores
Line 0x98f569076dc0 : 3 stores
Line 0xea20634d000 : 2 stores
Line 0x98f569076ec0 : 1 stores
Line 0xea20634d100 : 4 stores
Line 0x98f569075640 : 4 stores
Line 0xea20634b880 : 4 stores
Line 0x98f569074640 : 3 stores
Line 0xea20634a880 : 3 stores
Line 0x98f569076e80 : 3 stores
Line 0xea20634d0c0 : 5 stores
Line 0x98f569076f40 : 1 stores
Line 0xea20634d180 : 6 stores
Line 0x98f5690756c0 : 2 stores
Line 0xea20634b900 : 2 stores
Line 0x98f5690746c0 : 2 stores
Line 0xea20634a900 : 2 stores
Line 0x98f569076f00 : 3 stores
Line 0xea20634d140 : 2 stores
Line 0xea20634d240 : 4 stores
Line 0x98f569075780 : 4 stores
Line 0xea20634b9c0 : 4 stores
Line 0x98f569074780 : 3 stores
Line 0xea20634a9c0 : 3 stores
Line 0x98f569076fc0 : 3 stores
Line 0xea20634d200 : 5 stores
Line 0x98f569077080 : 1 stores
Line 0xea20634d2c0 : 6 stores
Line 0x98f569075800 : 2 stores
Line 0xea20634ba40 : 2 stores
Line 0x98f569074800 : 2 stores
Line 0xea20634aa40 : 2 stores
Line 0x98f569077040 : 2 stores
Line 0xea20634d280 : 2 stores
Line 0xea20634d380 : 4 stores
Line 0x98f5690758c0 : 4 stores
Line 0xea20634bb00 : 4 stores
Line 0x98f5690748c0 : 3 stores
Line 0xea20634ab00 : 3 stores
Line 0x98f569077100 : 2 stores
Line 0xea20634d340 : 5 stores
Line 0x98f5690771c0 : 1 stores
Line 0xea20634d400 : 6 stores
Line 0x98f569075940 : 2 stores
Line 0xea20634bb80 : 2 stores
Line 0x98f569074940 : 2 stores
Line 0xea20634ab80 : 2 stores
Line 0x98f569077180 : 2 stores
Line 0xea20634d3c0 : 2 stores
Line 0xea20634d4c0 : 4 stores
Line 0x98f569075a00 : 4 stores
Line 0xea20634bc40 : 4 stores
Line 0x98f569074a00 : 3 stores
Line 0xea20634ac40 : 3 stores
Line 0x98f569077240 : 2 stores
Line 0xea20634d480 : 5 stores
Line 0x98f569077300 : 1 stores
Line 0xea20634d540 : 6 stores
Line 0x98f569075a80 : 2 stores
Line 0xea20634bcc0 : 2 stores
Line 0x98f569074a80 : 2 stores
Line 0xea20634acc0 : 2 stores
Line 0x98f5690772c0 : 2 stores
Line 0xea20634d500 : 2 stores
Line 0xea20634d600 : 4 stores
Line 0x98f569075b40 : 4 stores
Line 0xea20634bd80 : 4 stores
Line 0x98f569074b40 : 3 stores
Line 0xea20634ad80 : 3 stores
Line 0x98f569077380 : 2 stores
Line 0xea20634d5c0 : 5 stores
Line 0x98f569077440 : 1 stores
Line 0xea20634d680 : 6 stores
Line 0x98f569075bc0 : 2 stores
Line 0xea20634be00 : 2 stores
Line 0x98f569074bc0 : 2 stores
Line 0xea20634ae00 : 2 stores
Line 0x98f569077400 : 2 stores
Line 0xea20634d640 : 2 stores
Line 0xea20634d740 : 4 stores
Line 0x98f569075c80 : 4 stores
Line 0xea20634bec0 : 4 stores
Line 0x98f569074c80 : 3 stores
Line 0xea20634aec0 : 3 stores
Line 0x98f5690774c0 : 2 stores
Line 0xea20634d700 : 5 stores
Line 0x98f569077580 : 1 stores
Line 0xea20634d7c0 : 6 stores
Line 0x98f569075d00 : 2 stores
Line 0xea20634bf40 : 2 stores
Line 0x98f569074d00 : 2 stores
Line 0xea20634af40 : 2 stores
Line 0x98f569077540 : 2 stores
Line 0xea20634d780 : 2 stores
Line 0xea20634d880 : 4 stores
Line 0xea20634e000 : 4 stores
Line 0xea20634f000 : 3 stores
Line 0x98f569077600 : 2 stores
Line 0xea20634d840 : 5 stores
Line 0x98f5690776c0 : 1 stores
Line 0xea20634d900 : 6 stores
Line 0x98f569077e40 : 1 stores
Line 0xea20634e080 : 2 stores
Line 0xea20634f080 : 2 stores
Line 0x98f569077680 : 2 stores
Line 0xea20634d8c0 : 2 stores
Line 0xea20634d9c0 : 4 stores
Line 0xea20634e140 : 4 stores
Line 0xea20634f140 : 3 stores
Line 0x98f569077740 : 2 stores
Line 0xea20634d980 : 5 stores
Line 0x98f569077800 : 1 stores
Line 0xea20634da40 : 6 stores
Line 0x98f569077f80 : 1 stores
Line 0xea20634e1c0 : 2 stores
Line 0xea20634f1c0 : 2 stores
Line 0x98f5690777c0 : 2 stores
Line 0xea20634da00 : 2 stores
Line 0xea20634db00 : 4 stores
Line 0xea20634e280 : 4 stores
Line 0x98f569079040 : 4 stores
Line 0xea20634f280 : 3 stores
Line 0x98f569077880 : 2 stores
Line 0xea20634dac0 : 5 stores
Line 0x98f569077940 : 1 stores
Line 0xea20634db80 : 6 stores
Line 0xea206311080 : 1 stores
Line 0xea20634e300 : 2 stores
Line 0x98f5690790c0 : 1 stores
Line 0xea20634f300 : 2 stores
Line 0x98f569077900 : 2 stores
Line 0xea20634db40 : 2 stores
Line 0xea20634dc40 : 4 stores
Line 0xea20634e3c0 : 4 stores
Line 0x98f569079180 : 4 stores
Line 0xea20634f3c0 : 3 stores
Line 0x98f5690779c0 : 2 stores
Line 0xea20634dc00 : 5 stores
Line 0x98f569077a80 : 1 stores
Line 0xea20634dcc0 : 6 stores
Line 0xea2063111c0 : 1 stores
Line 0xea20634e440 : 2 stores
Line 0x98f569079200 : 1 stores
Line 0xea20634f440 : 2 stores
Line 0x98f569077a40 : 2 stores
Line 0xea20634dc80 : 2 stores
Line 0xea20634dd80 : 4 stores
Line 0xea20634e500 : 4 stores
Line 0x98f5690792c0 : 4 stores
Line 0xea20634f500 : 3 stores
Line 0x98f569077b00 : 2 stores
Line 0xea20634dd40 : 5 stores
Line 0x98f569077bc0 : 1 stores
Line 0xea20634de00 : 6 stores
Line 0xea206311300 : 1 stores
Line 0xea20634e580 : 2 stores
Line 0x98f569079340 : 1 stores
Line 0xea20634f580 : 2 stores
Line 0x98f569077b80 : 2 stores
Line 0xea20634ddc0 : 2 stores
Line 0xea20634dec0 : 4 stores
Line 0xea20634e640 : 4 stores
Line 0x98f569079400 : 4 stores
Line 0xea20634f640 : 3 stores
Line 0x98f569077c40 : 2 stores
Line 0xea20634de80 : 5 stores
Line 0x98f569077d00 : 1 stores
Line 0xea20634df40 : 6 stores
Line 0xea206311440 : 1 stores
Line 0xea20634e6c0 : 2 stores
Line 0x98f569079480 : 1 stores
Line 0xea20634f6c0 : 2 stores
Line 0x98f569077cc0 : 2 stores
Line 0xea20634df00 : 2 stores
Line 0x98f56907adc0 : 4 stores
Line 0xea206351000 : 4 stores
Line 0xea20634e780 : 4 stores
Line 0x98f569079540 : 4 stores
Line 0xea20634f780 : 3 stores
Line 0x98f569077d80 : 2 stores
Line 0xea20634dfc0 : 5 stores
Line 0x98f56907ae40 : 6 stores
Line 0xea206351080 : 6 stores
Line 0xea206311580 : 1 stores
Line 0xea20634e800 : 2 stores
Line 0x98f5690795c0 : 1 stores
Line 0xea20634f800 : 2 stores
Line 0x98f56907ae00 : 2 stores
Line 0xea206351040 : 2 stores
Line 0x98f56907af00 : 4 stores
Line 0xea206351140 : 4 stores
Line 0x98f569079680 : 4 stores
Line 0xea20634f8c0 : 3 stores
Line 0xea20634e8c0 : 4 stores
Line 0x98f56907aec0 : 5 stores
Line 0xea206351100 : 5 stores
Line 0x98f56907af80 : 6 stores
Line 0xea2063511c0 : 6 stores
Line 0x98f569079700 : 1 stores
Line 0xea20634f940 : 2 stores
Line 0xea20634e940 : 2 stores
Line 0x98f56907af40 : 2 stores
Line 0xea206351180 : 2 stores
Line 0xea206351280 : 4 stores
Line 0x98f5690797c0 : 4 stores
Line 0xea20634fa00 : 3 stores
Line 0xea20634ea00 : 4 stores
Line 0x98f56907b000 : 1 stores
Line 0xea206351240 : 5 stores
Line 0xea206351300 : 6 stores
Line 0x98f569079840 : 1 stores
Line 0xea20634fa80 : 2 stores
Line 0xea20634ea80 : 2 stores
Line 0x98f56907b080 : 1 stores
Line 0xea2063512c0 : 2 stores
Line 0xea2063513c0 : 4 stores
Line 0x98f569079900 : 4 stores
Line 0xea20634fb40 : 3 stores
Line 0xea20634eb40 : 4 stores
Line 0x98f56907b140 : 1 stores
Line 0xea206351380 : 5 stores
Line 0xea206351440 : 6 stores
Line 0xea20634ebc0 : 2 stores
Line 0x98f569079980 : 1 stores
Line 0xea20634fbc0 : 2 stores
Line 0x98f56907b1c0 : 1 stores
Line 0xea206351400 : 2 stores
Line 0xea206351500 : 4 stores
Line 0xea20634ec80 : 4 stores
Line 0x98f569079a40 : 4 stores
Line 0xea20634fc80 : 3 stores
Line 0x98f56907b280 : 1 stores
Line 0xea2063514c0 : 5 stores
Line 0xea206351580 : 6 stores
Line 0x98f569079ac0 : 1 stores
Line 0xea20634fd00 : 2 stores
Line 0xea20634ed00 : 2 stores
Line 0x98f56907b300 : 1 stores
Line 0xea206351540 : 2 stores
Line 0xea206351640 : 4 stores
Line 0x98f569079b80 : 4 stores
Line 0xea20634fdc0 : 3 stores
Line 0xea20634edc0 : 4 stores
Line 0x98f56907b3c0 : 1 stores
Line 0xea206351600 : 5 stores
Line 0xea2063516c0 : 6 stores
Line 0x98f569079c00 : 1 stores
Line 0xea20634fe40 : 2 stores
Line 0xea20634ee40 : 2 stores
Line 0x98f56907b440 : 1 stores
Line 0xea206351680 : 2 stores
Line 0xea206351780 : 4 stores
Line 0x98f569079cc0 : 4 stores
Line 0xea20634ff00 : 3 stores
Line 0xea20634ef00 : 4 stores
Line 0x98f56907b500 : 1 stores
Line 0xea206351740 : 5 stores
Line 0xea206351800 : 6 stores
Line 0x98f569079d40 : 1 stores
Line 0xea20634ff80 : 2 stores
Line 0xea20634ef80 : 2 stores
Line 0x98f56907b580 : 1 stores
Line 0xea2063517c0 : 2 stores
Line 0xea2063518c0 : 4 stores
Line 0x98f56907b640 : 1 stores
Line 0xea206351880 : 5 stores
Line 0xea206352040 : 3 stores
Line 0xea206353040 : 4 stores
Line 0xea206351940 : 6 stores
Line 0xea2063520c0 : 2 stores
Line 0x98f56907ce80 : 1 stores
Line 0xea2063530c0 : 2 stores
Line 0x98f56907b6c0 : 1 stores
Line 0xea206351900 : 2 stores
Line 0xea206351a00 : 4 stores
Line 0xea206352180 : 3 stores
Line 0xea206353180 : 4 stores
Line 0x98f56907b780 : 1 stores
Line 0xea2063519c0 : 5 stores
Line 0xea206351a80 : 6 stores
Line 0xea206352200 : 2 stores
Line 0x98f56907cfc0 : 1 stores
Line 0xea206353200 : 2 stores
Line 0x98f56907b800 : 1 stores
Line 0xea206351a40 : 2 stores
Line 0xea206351b40 : 4 stores
Line 0xea2063522c0 : 3 stores
Line 0x98f56907d080 : 1 stores
Line 0xea2063532c0 : 4 stores
Line 0x98f56907b8c0 : 1 stores
Line 0xea206351b00 : 5 stores
Line 0xea2063150c0 : 1 stores
Line 0xea206351bc0 : 6 stores
Line 0xea206352340 : 2 stores
Line 0x98f56907d100 : 1 stores
Line 0xea206353340 : 2 stores
Line 0x98f56907b940 : 1 stores
Line 0xea206351b80 : 2 stores
Line 0xea206351c80 : 4 stores
Line 0xea206352400 : 3 stores
Line 0x98f56907d1c0 : 1 stores
Line 0xea206353400 : 4 stores
Line 0x98f56907ba00 : 1 stores
Line 0xea206351c40 : 5 stores
Line 0xea206315200 : 1 stores
Line 0xea206351d00 : 6 stores
Line 0xea206352480 : 2 stores
Line 0x98f56907d240 : 1 stores
Line 0xea206353480 : 2 stores
Line 0x98f56907ba80 : 1 stores
Line 0xea206351cc0 : 2 stores
Line 0xea206351dc0 : 4 stores
Line 0x98f56907d300 : 1 stores
Line 0xea206353540 : 4 stores
Line 0xea206352540 : 3 stores
Line 0x98f56907bb40 : 1 stores
Line 0xea206351d80 : 5 stores
Line 0xea206351e40 : 6 stores
Line 0xea206315340 : 1 stores
Line 0x98f56907d380 : 1 stores
Line 0xea2063535c0 : 2 stores
Line 0xea2063525c0 : 2 stores
Line 0x98f56907bbc0 : 1 stores
Line 0xea206351e00 : 2 stores
Line 0xea206351f00 : 4 stores
Line 0x98f56907d440 : 1 stores
Line 0xea206353680 : 4 stores
Line 0xea206352680 : 3 stores
Line 0x98f56907bc80 : 1 stores
Line 0xea206351ec0 : 5 stores
Line 0xea206351f80 : 6 stores
Line 0xea206315480 : 1 stores
Line 0x98f56907d4c0 : 1 stores
Line 0xea206353700 : 2 stores
Line 0xea206352700 : 2 stores
Line 0x98f56907bd00 : 1 stores
Line 0xea206351f40 : 2 stores
Line 0x98f56907ee00 : 3 stores
Line 0xea206355040 : 4 stores
Line 0x98f56907d580 : 1 stores
Line 0xea2063537c0 : 4 stores
Line 0xea2063527c0 : 3 stores
Line 0x98f56907edc0 : 1 stores
Line 0xea206355000 : 5 stores
Line 0x98f56907ee80 : 2 stores
Line 0xea2063550c0 : 6 stores
Line 0x98f56903f380 : 1 stores
Line 0xea2063155c0 : 1 stores
Line 0x98f56907d600 : 1 stores
Line 0xea206353840 : 2 stores
Line 0xea206352840 : 2 stores
Line 0x98f56907ee40 : 1 stores
Line 0xea206355080 : 2 stores
Line 0x98f56907ef40 : 3 stores
Line 0xea206355180 : 4 stores
Line 0x98f56907d6c0 : 1 stores
Line 0xea206353900 : 4 stores
Line 0xea206352900 : 3 stores
Line 0x98f56907ef00 : 1 stores
Line 0xea206355140 : 5 stores
Line 0x98f56907efc0 : 2 stores
Line 0xea206355200 : 6 stores
Line 0x98f56907d740 : 1 stores
Line 0xea206353980 : 2 stores
Line 0xea206352980 : 2 stores
Line 0x98f56907ef80 : 1 stores
Line 0xea2063551c0 : 2 stores
Line 0x98f56907f080 : 1 stores
Line 0xea2063552c0 : 4 stores
Line 0x98f56907d800 : 1 stores
Line 0xea206353a40 : 4 stores
Line 0xea206352a40 : 3 stores
Line 0x98f56907f040 : 4 stores
Line 0xea206355280 : 5 stores
Line 0x98f56907f100 : 2 stores
Line 0xea206355340 : 6 stores
Line 0x98f56907d880 : 1 stores
Line 0xea206353ac0 : 2 stores
Line 0xea206352ac0 : 2 stores
Line 0x98f56907f0c0 : 2 stores
Line 0xea206355300 : 2 stores
Line 0x98f56907f1c0 : 1 stores
Line 0xea206355400 : 4 stores
Line 0x98f56907d940 : 1 stores
Line 0xea206353b80 : 4 stores
Line 0xea206352b80 : 3 stores
Line 0x98f56907f180 : 4 stores
Line 0xea2063553c0 : 5 stores
Line 0x98f56907f240 : 2 stores
Line 0xea206355480 : 6 stores
Line 0x98f56907d9c0 : 1 stores
Line 0xea206353c00 : 2 stores
Line 0xea206352c00 : 2 stores
Line 0x98f56907f200 : 2 stores
Line 0xea206355440 : 2 stores
Line 0x98f56907f300 : 1 stores
Line 0xea206355540 : 4 stores
Line 0x98f56907da80 : 1 stores
Line 0xea206353cc0 : 4 stores
Line 0xea206352cc0 : 3 stores
Line 0x98f569060e40 : 1 stores
Line 0xea206337080 : 2 stores
Line 0x98f56907f2c0 : 4 stores
Line 0xea206355500 : 5 stores
Line 0x98f569060dc0 : 3 stores
Line 0xea206337000 : 1 stores
Line 0x98f56907f380 : 2 stores
Line 0xea2063555c0 : 6 stores
Line 0xea206352d40 : 2 stores
Line 0x98f56907db00 : 1 stores
Line 0xea206353d40 : 2 stores
Line 0x98f56907f340 : 2 stores
Line 0xea206355580 : 2 stores
Line 0x98f569060e80 : 2 stores
Line 0xea2063370c0 : 1 stores
Line 0x98f56907f440 : 1 stores
Line 0xea206355680 : 4 stores
Line 0xea206352e00 : 3 stores
Line 0x98f56907dbc0 : 1 stores
Line 0xea206353e00 : 4 stores
Line 0x98f569060f80 : 1 stores
Line 0xea2063371c0 : 2 stores
Line 0x98f56907f400 : 4 stores
Line 0xea206355640 : 5 stores
Line 0x98f569060f00 : 3 stores
Line 0xea206337140 : 1 stores
Line 0x98f56907f4c0 : 2 stores
Line 0xea206355700 : 6 stores
Line 0xea206352e80 : 2 stores
Line 0x98f56907dc40 : 1 stores
Line 0xea206353e80 : 2 stores
Line 0x98f56907f480 : 2 stores
Line 0xea2063556c0 : 2 stores
Line 0x98f569060fc0 : 2 stores
Line 0xea206337200 : 1 stores
Line 0x98f56907f580 : 1 stores
Line 0xea2063557c0 : 4 stores
Line 0xea206352f40 : 3 stores
Line 0x98f56907dd00 : 1 stores
Line 0xea206353f40 : 4 stores
Line 0x98f5690610c0 : 3 stores
Line 0xea206337300 : 2 stores
Line 0x98f56907f540 : 4 stores
Line 0xea206355780 : 5 stores
Line 0x98f569061040 : 3 stores
Line 0xea206337280 : 1 stores
Line 0x98f56907f600 : 2 stores
Line 0xea206355840 : 6 stores
Line 0xea206352fc0 : 2 stores
Line 0x98f56907dd80 : 1 stores
Line 0xea206353fc0 : 2 stores
Line 0x98f56907f5c0 : 2 stores
Line 0xea206355800 : 2 stores
Line 0x98f569061100 : 1 stores
Line 0xea206337340 : 1 stores
Line 0x98f56907f6c0 : 1 stores
Line 0xea206355900 : 4 stores
Line 0x98f569061200 : 3 stores
Line 0xea206337440 : 2 stores
Line 0x98f56907f680 : 4 stores
Line 0xea2063558c0 : 5 stores
Line 0x98f56907fe40 : 1 stores
Line 0xea206356080 : 3 stores
Line 0x98f569080e40 : 1 stores
Line 0xea206357080 : 4 stores
Line 0x98f569061180 : 3 stores
Line 0xea2063373c0 : 1 stores
Line 0x98f56907f740 : 2 stores
Line 0xea206355980 : 6 stores
Line 0x98f56907fec0 : 2 stores
Line 0xea206356100 : 2 stores
Line 0x98f569080ec0 : 3 stores
Line 0xea206357100 : 2 stores
Line 0x98f56907f700 : 2 stores
Line 0xea206355940 : 2 stores
Line 0x98f569061240 : 1 stores
Line 0xea206337480 : 1 stores
Line 0x98f56907f800 : 1 stores
Line 0xea206355a40 : 4 stores
Line 0x98f56907ff80 : 1 stores
Line 0xea2063561c0 : 3 stores
Line 0x98f569080f80 : 1 stores
Line 0xea2063571c0 : 4 stores
Line 0x98f569061340 : 3 stores
Line 0xea206337580 : 2 stores
Line 0x98f56907f7c0 : 4 stores
Line 0xea206355a00 : 5 stores
Line 0x98f5690612c0 : 3 stores
Line 0xea206337500 : 1 stores
Line 0x98f56907f880 : 2 stores
Line 0xea206355ac0 : 6 stores
Line 0x98f569080000 : 1 stores
Line 0xea206356240 : 2 stores
Line 0x98f569081000 : 2 stores
Line 0xea206357240 : 2 stores
Line 0x98f56907f840 : 2 stores
Line 0xea206355a80 : 2 stores
Line 0x98f569061380 : 1 stores
Line 0xea2063375c0 : 1 stores
Line 0x98f56907f940 : 1 stores
Line 0xea206355b80 : 4 stores
Line 0x98f5690800c0 : 2 stores
Line 0xea206356300 : 3 stores
Line 0x98f5690810c0 : 1 stores
Line 0xea206357300 : 4 stores
Line 0x98f569060480 : 2 stores
Line 0xea2063366c0 : 3 stores
Line 0x98f569061480 : 3 stores
Line 0xea2063376c0 : 2 stores
Line 0x98f56907f900 : 4 stores
Line 0xea206355b40 : 5 stores
Line 0x98f569061400 : 3 stores
Line 0xea206337640 : 1 stores
Line 0x98f569042ec0 : 1 stores
Line 0xea206319100 : 1 stores
Line 0x98f56907f9c0 : 2 stores
Line 0xea206355c00 : 6 stores
Line 0x98f569080140 : 1 stores
Line 0xea206356380 : 2 stores
Line 0x98f569081140 : 2 stores
Line 0xea206357380 : 2 stores
Line 0x98f569060400 : 1 stores
Line 0xea206336640 : 1 stores
Line 0x98f56907f980 : 2 stores
Line 0xea206355bc0 : 2 stores
Line 0x98f5690604c0 : 1 stores
Line 0xea206336700 : 1 stores
Line 0x98f5690614c0 : 1 stores
Line 0xea206337700 : 1 stores
Line 0x98f56907fa80 : 1 stores
Line 0xea206355cc0 : 4 stores
Line 0x98f569080200 : 2 stores
Line 0xea206356440 : 3 stores
Line 0x98f569081200 : 1 stores
Line 0xea206357440 : 4 stores
Line 0x98f5690605c0 : 2 stores
Line 0xea206336800 : 3 stores
Line 0x98f5690615c0 : 3 stores
Line 0xea206337800 : 2 stores
Line 0x98f56907fa40 : 4 stores
Line 0xea206355c80 : 5 stores
Line 0x98f569061540 : 3 stores
Line 0xea206337780 : 1 stores
Line 0x98f569043000 : 3 stores
Line 0xea206319240 : 1 stores
Line 0x98f56907fb00 : 2 stores
Line 0xea206355d40 : 6 stores
Line 0x98f569080280 : 1 stores
Line 0xea2063564c0 : 2 stores
Line 0x98f569081280 : 2 stores
Line 0xea2063574c0 : 2 stores
Line 0x98f569060540 : 1 stores
Line 0xea206336780 : 1 stores
Line 0x98f56907fac0 : 2 stores
Line 0xea206355d00 : 2 stores
Line 0x98f569061600 : 1 stores
Line 0xea206337840 : 1 stores
Line 0x98f569060600 : 1 stores
Line 0xea206336840 : 1 stores
Line 0x98f56907fbc0 : 1 stores
Line 0xea206355e00 : 4 stores
Line 0x98f569081340 : 1 stores
Line 0xea206357580 : 4 stores
Line 0x98f569080340 : 2 stores
Line 0xea206356580 : 3 stores
Line 0x98f569061700 : 3 stores
Line 0xea206337940 : 2 stores
Line 0x98f569060700 : 2 stores
Line 0xea206336940 : 3 stores
Line 0x98f56907fb80 : 4 stores
Line 0xea206355dc0 : 5 stores
Line 0x98f569061680 : 3 stores
Line 0xea2063378c0 : 1 stores
Line 0x98f56907fc40 : 2 stores
Line 0xea206355e80 : 6 stores
Line 0x98f569043140 : 3 stores
Line 0xea206319380 : 1 stores
Line 0x98f5690813c0 : 2 stores
Line 0xea206357600 : 2 stores
Line 0x98f5690803c0 : 1 stores
Line 0xea206356600 : 2 stores
Line 0x98f569060680 : 1 stores
Line 0xea2063368c0 : 1 stores
Line 0x98f56907fc00 : 2 stores
Line 0xea206355e40 : 2 stores
Line 0x98f569060740 : 1 stores
Line 0xea206336980 : 1 stores
Line 0x98f569061740 : 1 stores
Line 0xea206337980 : 1 stores
Line 0x98f56907fd00 : 1 stores
Line 0xea206355f40 : 4 stores
Line 0x98f569080480 : 2 stores
Line 0xea2063566c0 : 3 stores
Line 0x98f569081480 : 1 stores
Line 0xea2063576c0 : 4 stores
Line 0x98f569060840 : 2 stores
Line 0xea206336a80 : 3 stores
Line 0x98f569061840 : 3 stores
Line 0xea206337a80 : 2 stores
Line 0x98f56907fcc0 : 4 stores
Line 0xea206355f00 : 5 stores
Line 0x98f5690617c0 : 3 stores
Line 0xea206337a00 : 1 stores
Line 0x98f569043280 : 3 stores
Line 0xea2063194c0 : 1 stores
Line 0x98f56907fd80 : 2 stores
Line 0xea206355fc0 : 6 stores
Line 0x98f569080500 : 1 stores
Line 0xea206356740 : 2 stores
Line 0x98f569081500 : 2 stores
Line 0xea206357740 : 2 stores
Line 0x98f5690607c0 : 1 stores
Line 0xea206336a00 : 1 stores
Line 0x98f56907fd40 : 2 stores
Line 0xea206355f80 : 2 stores
Line 0x98f569061880 : 1 stores
Line 0xea206337ac0 : 1 stores
Line 0x98f569060880 : 1 stores
Line 0xea206336ac0 : 1 stores
Line 0x98f569082e40 : 4 stores
Line 0xea206359080 : 4 stores
Line 0x98f5690815c0 : 1 stores
Line 0xea206357800 : 4 stores
Line 0x98f5690805c0 : 2 stores
Line 0xea206356800 : 3 stores
Line 0x98f569061980 : 3 stores
Line 0xea206337bc0 : 2 stores
Line 0x98f569060980 : 2 stores
Line 0xea206336bc0 : 3 stores
Line 0x98f569082e00 : 1 stores
Line 0xea206359040 : 5 stores
Line 0x98f569061900 : 3 stores
Line 0xea206337b40 : 1 stores
Line 0x98f569082ec0 : 1 stores
Line 0xea206359100 : 6 stores
Line 0x98f569081640 : 2 stores
Line 0xea206357880 : 2 stores
Line 0x98f569080640 : 1 stores
Line 0xea206356880 : 2 stores
Line 0x98f569060900 : 1 stores
Line 0xea206336b40 : 1 stores
Line 0x98f569082e80 : 2 stores
Line 0xea2063590c0 : 2 stores
Line 0x98f5690619c0 : 1 stores
Line 0xea206337c00 : 1 stores
Line 0x98f5690609c0 : 1 stores
Line 0xea206336c00 : 1 stores
Line 0x98f569082f80 : 4 stores
Line 0xea2063591c0 : 4 stores
Line 0x98f569081700 : 1 stores
Line 0xea206357940 : 4 stores
Line 0x98f569080700 : 2 stores
Line 0xea206356940 : 3 stores
Line 0x98f569061ac0 : 3 stores
Line 0xea206337d00 : 2 stores
Line 0x98f569060ac0 : 2 stores
Line 0xea206336d00 : 3 stores
Line 0x98f569082f40 : 1 stores
Line 0xea206359180 : 5 stores
Line 0x98f569061a40 : 3 stores
Line 0xea206337c80 : 1 stores
Line 0xea206359240 : 6 stores
Line 0x98f569081780 : 2 stores
Line 0xea2063579c0 : 2 stores
Line 0x98f569080780 : 1 stores
Line 0xea2063569c0 : 2 stores
Line 0x98f569060a40 : 1 stores
Line 0xea206336c80 : 1 stores
Line 0x98f569082fc0 : 2 stores
Line 0xea206359200 : 2 stores
Line 0x98f569061b00 : 1 stores
Line 0xea206337d40 : 1 stores
Line 0x98f569060b00 : 1 stores
Line 0xea206336d40 : 1 stores
Line 0xea206359300 : 4 stores
Line 0x98f569081840 : 1 stores
Line 0xea206357a80 : 4 stores
Line 0x98f569080840 : 2 stores
Line 0xea206356a80 : 3 stores
Line 0x98f569061c00 : 3 stores
Line 0xea206337e40 : 2 stores
Line 0x98f569060c00 : 2 stores
Line 0xea206336e40 : 3 stores
Line 0xea2063592c0 : 5 stores
Line 0x98f569061b80 : 3 stores
Line 0xea206337dc0 : 1 stores
Line 0xea206359380 : 6 stores
Line 0x98f5690818c0 : 2 stores
Line 0xea206357b00 : 2 stores
Line 0x98f5690808c0 : 1 stores
Line 0xea206356b00 : 2 stores
Line 0x98f569060b80 : 1 stores
Line 0xea206336dc0 : 1 stores
Line 0xea206359340 : 2 stores
Line 0x98f569061c40 : 1 stores
Line 0xea206337e80 : 1 stores
Line 0x98f569060c40 : 1 stores
Line 0xea206336e80 : 1 stores
Line 0xea206359440 : 4 stores
Line 0x98f569081980 : 1 stores
Line 0xea206357bc0 : 4 stores
Line 0x98f569080980 : 2 stores
Line 0xea206356bc0 : 3 stores
Line 0x98f569061d40 : 3 stores
Line 0xea206337f80 : 2 stores
Line 0x98f569060d40 : 2 stores
Line 0xea206336f80 : 3 stores
Line 0xea206359400 : 5 stores
Line 0x98f569061cc0 : 3 stores
Line 0xea206337f00 : 1 stores
Line 0xea2063594c0 : 6 stores
Line 0x98f569081a00 : 2 stores
Line 0xea206357c40 : 2 stores
Line 0x98f569080a00 : 1 stores
Line 0xea206356c40 : 2 stores
Line 0x98f569060cc0 : 1 stores
Line 0xea206336f00 : 1 stores
Line 0xea206359480 : 2 stores
Line 0x98f569061d80 : 1 stores
Line 0xea206337fc0 : 1 stores
Line 0x98f569060d80 : 1 stores
Line 0xea206336fc0 : 1 stores
Line 0xea206359580 : 4 stores
Line 0x98f569081ac0 : 1 stores
Line 0xea206357d00 : 4 stores
Line 0x98f569080ac0 : 2 stores
Line 0xea206356d00 : 3 stores
Line 0xea20633a0c0 : 2 stores
Line 0xea20633b0c0 : 3 stores
Line 0xea206359540 : 5 stores
Line 0x98f569063e00 : 1 stores
Line 0xea20633a040 : 1 stores
Line 0xea206359600 : 6 stores
Line 0x98f569080b40 : 1 stores
Line 0xea206356d80 : 2 stores
Line 0x98f569081b40 : 2 stores
Line 0xea206357d80 : 2 stores
Line 0xea20633b040 : 1 stores
Line 0xea2063595c0 : 2 stores
Line 0xea20633b100 : 1 stores
Line 0x98f569063ec0 : 2 stores
Line 0xea20633a100 : 1 stores
Line 0xea2063596c0 : 4 stores
Line 0x98f569080c00 : 2 stores
Line 0xea206356e40 : 3 stores
Line 0x98f569081c00 : 1 stores
Line 0xea206357e40 : 4 stores
Line 0xea20633b200 : 3 stores
Line 0xea20633a200 : 2 stores
Line 0xea206359680 : 5 stores
Line 0x98f569063f40 : 1 stores
Line 0xea20633a180 : 1 stores
Line 0xea206359740 : 6 stores
Line 0x98f569080c80 : 1 stores
Line 0xea206356ec0 : 2 stores
Line 0x98f569081c80 : 2 stores
Line 0xea206357ec0 : 2 stores
Line 0xea20633b180 : 1 stores
Line 0xea206359700 : 2 stores
Line 0x98f569065000 : 2 stores
Line 0xea20633b240 : 1 stores
Line 0xea20633a240 : 1 stores
Line 0xea206359800 : 4 stores
Line 0x98f569080d40 : 2 stores
Line 0xea206356f80 : 3 stores
Line 0x98f569081d40 : 1 stores
Line 0xea206357f80 : 4 stores
Line 0x98f569065100 : 4 stores
Line 0xea20633b340 : 3 stores
Line 0xea20633a340 : 2 stores
Line 0xea2063597c0 : 5 stores
Line 0xea20633a2c0 : 1 stores
Line 0xea206359880 : 6 stores
Line 0x98f569065080 : 4 stores
Line 0xea20633b2c0 : 1 stores
Line 0xea20635a000 : 2 stores
Line 0x98f569084dc0 : 5 stores
Line 0xea20635b000 : 2 stores
Line 0xea206359840 : 2 stores
Line 0x98f569065140 : 2 stores
Line 0xea20633b380 : 1 stores
Line 0xea20633a380 : 1 stores
Line 0xea206359940 : 4 stores
Line 0xea20635a0c0 : 3 stores
Line 0x98f569084e80 : 6 stores
Line 0xea20635b0c0 : 4 stores
Line 0x98f569065240 : 4 stores
Line 0xea20633b480 : 3 stores
Line 0xea20633a480 : 2 stores
Line 0xea206359900 : 5 stores
Line 0xea20633a400 : 1 stores
Line 0xea2063599c0 : 6 stores
Line 0xea20635a140 : 2 stores
Line 0x98f569084f00 : 5 stores
Line 0xea20635b140 : 2 stores
Line 0x98f5690651c0 : 4 stores
Line 0xea20633b400 : 1 stores
Line 0xea206359980 : 2 stores
Line 0x98f569065280 : 2 stores
Line 0xea20633b4c0 : 1 stores
Line 0xea20633a4c0 : 1 stores
Line 0xea206359a80 : 4 stores
Line 0xea20635a200 : 3 stores
Line 0x98f569084fc0 : 6 stores
Line 0xea20635b200 : 4 stores
Line 0x98f569065380 : 4 stores
Line 0xea20633b5c0 : 3 stores
Line 0xea20633a5c0 : 2 stores
Line 0xea206359a40 : 5 stores
Line 0xea20633a540 : 1 stores
Line 0xea20631d000 : 1 stores
Line 0xea206359b00 : 6 stores
Line 0x98f569084040 : 4 stores
Line 0xea20635a280 : 2 stores
Line 0x98f569085040 : 1 stores
Line 0xea20635b280 : 2 stores
Line 0x98f569065300 : 4 stores
Line 0xea20633b540 : 1 stores
Line 0xea206359ac0 : 2 stores
Line 0xea20633a600 : 1 stores
Line 0x98f5690653c0 : 2 stores
Line 0xea20633b600 : 1 stores
Line 0xea206359bc0 : 4 stores
Line 0x98f569085100 : 2 stores
Line 0xea20635b340 : 4 stores
Line 0x98f569084100 : 1 stores
Line 0xea20635a340 : 3 stores
Line 0xea20633a700 : 2 stores
Line 0x98f5690654c0 : 4 stores
Line 0xea20633b700 : 3 stores
Line 0xea206359b80 : 5 stores
Line 0xea20633a680 : 1 stores
Line 0xea206359c40 : 6 stores
Line 0xea20631d140 : 1 stores
Line 0x98f569085180 : 1 stores
Line 0xea20635b3c0 : 2 stores
Line 0x98f569084180 : 4 stores
Line 0xea20635a3c0 : 2 stores
Line 0x98f569065440 : 4 stores
Line 0xea20633b680 : 1 stores
Line 0xea206359c00 : 2 stores
Line 0xea20633a740 : 1 stores
Line 0x98f569065500 : 2 stores
Line 0xea20633b740 : 1 stores
Line 0xea206359d00 : 4 stores
Line 0x98f569085240 : 2 stores
Line 0xea20635b480 : 4 stores
Line 0x98f569084240 : 1 stores
Line 0xea20635a480 : 3 stores
Line 0xea20633a840 : 2 stores
Line 0x98f569065600 : 4 stores
Line 0xea20633b840 : 3 stores
Line 0xea206359cc0 : 5 stores
Line 0xea20633a7c0 : 1 stores
Line 0xea206359d80 : 6 stores
Line 0x98f569047040 : 4 stores
Line 0xea20631d280 : 1 stores
Line 0x98f5690852c0 : 1 stores
Line 0xea20635b500 : 2 stores
Line 0x98f5690842c0 : 4 stores
Line 0xea20635a500 : 2 stores
Line 0x98f569065580 : 4 stores
Line 0xea20633b7c0 : 1 stores
Line 0xea206359d40 : 2 stores
Line 0xea20633a880 : 1 stores
Line 0x98f569065640 : 2 stores
Line 0xea20633b880 : 1 stores
Line 0xea206359e40 : 4 stores
Line 0x98f569085380 : 2 stores
Line 0xea20635b5c0 : 4 stores
Line 0x98f569084380 : 1 stores
Line 0xea20635a5c0 : 3 stores
Line 0xea20633a980 : 2 stores
Line 0x98f569065740 : 4 stores
Line 0xea20633b980 : 3 stores
Line 0xea206359e00 : 5 stores
Line 0xea20633a900 : 1 stores
Line 0x98f569047180 : 4 stores
Line 0xea20631d3c0 : 1 stores
Line 0xea206359ec0 : 6 stores
Line 0x98f569084400 : 4 stores
Line 0xea20635a640 : 2 stores
Line 0x98f569085400 : 1 stores
Line 0xea20635b640 : 2 stores
Line 0x98f5690656c0 : 4 stores
Line 0xea20633b900 : 1 stores
Line 0xea206359e80 : 2 stores
Line 0x98f569065780 : 2 stores
Line 0xea20633b9c0 : 1 stores
Line 0xea20633a9c0 : 1 stores
Line 0xea206359f80 : 4 stores
Line 0x98f5690844c0 : 1 stores
Line 0xea20635a700 : 3 stores
Line 0x98f5690854c0 : 2 stores
Line 0xea20635b700 : 4 stores
Line 0x98f569065880 : 4 stores
Line 0xea20633bac0 : 3 stores
Line 0xea20633aac0 : 2 stores
Line 0xea206359f40 : 5 stores
Line 0xea20633aa40 : 1 stores
Line 0x98f5690472c0 : 4 stores
Line 0xea20631d500 : 1 stores
Line 0x98f569084540 : 4 stores
Line 0xea20635a780 : 2 stores
Line 0x98f569085540 : 1 stores
Line 0xea20635b780 : 2 stores
Line 0x98f569065800 : 4 stores
Line 0xea20633ba40 : 1 stores
Line 0x98f569086dc0 : 3 stores
Line 0xea20635d000 : 6 stores
Line 0xea206359fc0 : 2 stores
Line 0x98f5690658c0 : 2 stores
Line 0xea20633bb00 : 1 stores
Line 0xea20633ab00 : 1 stores
Line 0x98f569086e80 : 1 stores
Line 0xea20635d0c0 : 4 stores
Line 0x98f569084600 : 1 stores
Line 0xea20635a840 : 3 stores
Line 0x98f569085600 : 2 stores
Line 0xea20635b840 : 4 stores
Line 0x98f5690659c0 : 4 stores
Line 0xea20633bc00 : 3 stores
Line 0xea20633ac00 : 2 stores
Line 0x98f569086e40 : 3 stores
Line 0xea20635d080 : 5 stores
Line 0xea20633ab80 : 1 stores
Line 0x98f569086f00 : 3 stores
Line 0xea20635d140 : 6 stores
Line 0x98f569084680 : 4 stores
Line 0xea20635a8c0 : 2 stores
Line 0x98f569085680 : 1 stores
Line 0xea20635b8c0 : 2 stores
Line 0x98f569065940 : 4 stores
Line 0xea20633bb80 : 1 stores
Line 0x98f569086ec0 : 2 stores
Line 0xea20635d100 : 2 stores
Line 0xea20633ac40 : 1 stores
Line 0x98f569065a00 : 2 stores
Line 0xea20633bc40 : 1 stores
Line 0x98f569086fc0 : 1 stores
Line 0xea20635d200 : 4 stores
Line 0x98f569085740 : 2 stores
Line 0xea20635b980 : 4 stores
Line 0x98f569084740 : 1 stores
Line 0xea20635a980 : 3 stores
Line 0xea20633ad40 : 2 stores
Line 0x98f569065b00 : 4 stores
Line 0xea20633bd40 : 3 stores
Line 0x98f569086f80 : 3 stores
Line 0xea20635d1c0 : 5 stores
Line 0xea20633acc0 : 1 stores
Line 0xea20635d280 : 6 stores
Line 0x98f5690857c0 : 1 stores
Line 0xea20635ba00 : 2 stores
Line 0x98f5690847c0 : 4 stores
Line 0xea20635aa00 : 2 stores
Line 0x98f569065a80 : 4 stores
Line 0xea20633bcc0 : 1 stores
Line 0xea20635d240 : 2 stores
Line 0x98f569065b40 : 2 stores
Line 0xea20633bd80 : 1 stores
Line 0xea20633ad80 : 1 stores
Line 0xea20635d340 : 4 stores
Line 0x98f569084880 : 1 stores
Line 0xea20635aac0 : 3 stores
Line 0x98f569085880 : 2 stores
Line 0xea20635bac0 : 4 stores
Line 0x98f569065c40 : 4 stores
Line 0xea20633be80 : 3 stores
Line 0xea20633ae80 : 2 stores
Line 0xea20635d300 : 5 stores
Line 0xea20633ae00 : 1 stores
Line 0xea20635d3c0 : 6 stores
Line 0x98f569084900 : 4 stores
Line 0xea20635ab40 : 2 stores
Line 0x98f569085900 : 1 stores
Line 0xea20635bb40 : 2 stores
Line 0x98f569065bc0 : 4 stores
Line 0xea20633be00 : 1 stores
Line 0xea20635d380 : 2 stores
Line 0x98f569065c80 : 2 stores
Line 0xea20633bec0 : 1 stores
Line 0xea20633aec0 : 1 stores
Line 0xea20635d480 : 4 stores
Line 0x98f5690849c0 : 1 stores
Line 0xea20635ac00 : 3 stores
Line 0x98f5690859c0 : 2 stores
Line 0xea20635bc00 : 4 stores
Line 0x98f569065d80 : 4 stores
Line 0xea20633bfc0 : 3 stores
Line 0xea20633afc0 : 2 stores
Line 0xea20635d440 : 5 stores
Line 0xea20633af40 : 1 stores
Line 0xea20635d500 : 6 stores
Line 0x98f569084a40 : 4 stores
Line 0xea20635ac80 : 2 stores
Line 0x98f569085a40 : 1 stores
Line 0xea20635bc80 : 2 stores
Line 0x98f569065d00 : 4 stores
Line 0xea20633bf40 : 1 stores
Line 0xea20635d4c0 : 2 stores
Line 0x98f569067dc0 : 1 stores
Line 0xea20633e000 : 1 stores
Line 0xea20633f000 : 1 stores
Line 0xea20635d5c0 : 4 stores
Line 0x98f569084b00 : 1 stores
Line 0xea20635ad40 : 3 stores
Line 0x98f569085b00 : 2 stores
Line 0xea20635bd40 : 4 stores
Line 0xea20633e100 : 3 stores
Line 0xea20633f100 : 2 stores
Line 0xea20635d580 : 5 stores
Line 0xea20633f080 : 1 stores
Line 0xea20635d640 : 6 stores
Line 0x98f569084b80 : 4 stores
Line 0xea20635adc0 : 2 stores
Line 0x98f569085b80 : 1 stores
Line 0xea20635bdc0 : 2 stores
Line 0xea20633e080 : 1 stores
Line 0xea20635d600 : 2 stores
Line 0x98f569067f00 : 1 stores
Line 0xea20633e140 : 1 stores
Line 0xea20633f140 : 1 stores
Line 0xea20635d700 : 4 stores
Line 0x98f569084c40 : 1 stores
Line 0xea20635ae80 : 3 stores
Line 0x98f569085c40 : 2 stores
Line 0xea20635be80 : 4 stores
Line 0xea20633e240 : 3 stores
Line 0x98f569069000 : 1 stores
Line 0xea20633f240 : 2 stores
Line 0xea20635d6c0 : 5 stores
Line 0xea20633f1c0 : 1 stores
Line 0xea20635d780 : 6 stores
Line 0x98f569084cc0 : 4 stores
Line 0xea20635af00 : 2 stores
Line 0x98f569085cc0 : 1 stores
Line 0xea20635bf00 : 2 stores
Line 0xea20633e1c0 : 1 stores
Line 0xea20635d740 : 2 stores
Line 0x98f569068040 : 1 stores
Line 0xea20633e280 : 1 stores
Line 0x98f569069040 : 2 stores
Line 0xea20633f280 : 1 stores
Line 0xea20635d840 : 4 stores
Line 0x98f569084d80 : 1 stores
Line 0xea20635afc0 : 3 stores
Line 0x98f569085d80 : 2 stores
Line 0xea20635bfc0 : 4 stores
Line 0xea20633e380 : 3 stores
Line 0x98f569069140 : 1 stores
Line 0xea20633f380 : 2 stores
Line 0xea20635d800 : 5 stores
Line 0x98f5690690c0 : 1 stores
Line 0xea20633f300 : 1 stores
Line 0xea20635d8c0 : 6 stores
Line 0xea20635e040 : 2 stores
Line 0x98f569088e00 : 5 stores
Line 0xea20635f040 : 2 stores
Line 0x98f5690680c0 : 1 stores
Line 0xea20633e300 : 1 stores
Line 0xea20635d880 : 2 stores
Line 0x98f569068180 : 1 stores
Line 0xea20633e3c0 : 1 stores
Line 0x98f569069180 : 2 stores
Line 0xea20633f3c0 : 1 stores
Line 0xea20635d980 : 4 stores
Line 0xea20635e100 : 3 stores
Line 0x98f569088ec0 : 6 stores
Line 0xea20635f100 : 4 stores
Line 0xea20633e4c0 : 3 stores
Line 0x98f569069280 : 1 stores
Line 0xea20633f4c0 : 2 stores
Line 0xea20635d940 : 5 stores
Line 0x98f569069200 : 1 stores
Line 0xea20633f440 : 1 stores
Line 0xea20635da00 : 6 stores
Line 0xea20635e180 : 2 stores
Line 0x98f569088f40 : 5 stores
Line 0xea20635f180 : 2 stores
Line 0x98f569068200 : 1 stores
Line 0xea20633e440 : 1 stores
Line 0xea20635d9c0 : 2 stores
Line 0x98f5690682c0 : 1 stores
Line 0xea20633e500 : 1 stores
Line 0x98f5690692c0 : 2 stores
Line 0xea20633f500 : 1 stores
Line 0xea20635dac0 : 4 stores
Line 0x98f569088000 : 1 stores
Line 0xea20635e240 : 3 stores
Line 0x98f569089000 : 2 stores
Line 0xea20635f240 : 4 stores
Line 0xea20633e600 : 3 stores
Line 0x98f5690693c0 : 1 stores
Line 0xea20633f600 : 2 stores
Line 0xea20635da80 : 5 stores
Line 0x98f569069340 : 1 stores
Line 0xea20633f580 : 1 stores
Line 0xea206321040 : 1 stores
Line 0xea20635db40 : 6 stores
Line 0x98f569088080 : 4 stores
Line 0xea20635e2c0 : 2 stores
Line 0x98f569089080 : 1 stores
Line 0xea20635f2c0 : 2 stores
Line 0x98f569068340 : 1 stores
Line 0xea20633e580 : 1 stores
Line 0xea20635db00 : 2 stores
Line 0x98f569068400 : 1 stores
Line 0xea20633e640 : 1 stores
Line 0x98f569069400 : 2 stores
Line 0xea20633f640 : 1 stores
Line 0xea20635dc00 : 4 stores
Line 0x98f569088140 : 1 stores
Line 0xea20635e380 : 3 stores
Line 0x98f569089140 : 2 stores
Line 0xea20635f380 : 4 stores
Line 0xea20633e740 : 3 stores
Line 0x98f569069500 : 1 stores
Line 0xea20633f740 : 2 stores
Line 0xea20635dbc0 : 5 stores
Line 0x98f569069480 : 1 stores
Line 0xea20633f6c0 : 1 stores
Line 0xea20635dc80 : 6 stores
Line 0xea206321180 : 1 stores
Line 0x98f5690891c0 : 1 stores
Line 0xea20635f400 : 2 stores
Line 0x98f5690881c0 : 4 stores
Line 0xea20635e400 : 2 stores
Line 0x98f569068480 : 1 stores
Line 0xea20633e6c0 : 1 stores
Line 0xea20635dc40 : 2 stores
Line 0x98f569068540 : 1 stores
Line 0xea20633e780 : 1 stores
Line 0x98f569069540 : 2 stores
Line 0xea20633f780 : 1 stores
Line 0xea20635dd40 : 4 stores
Line 0x98f569088280 : 1 stores
Line 0xea20635e4c0 : 3 stores
Line 0x98f569089280 : 2 stores
Line 0xea20635f4c0 : 4 stores
Line 0xea20633e880 : 3 stores
Line 0x98f569069640 : 1 stores
Line 0xea20633f880 : 2 stores
Line 0xea20635dd00 : 5 stores
Line 0x98f5690695c0 : 1 stores
Line 0xea20633f800 : 1 stores
Line 0x98f56904b080 : 1 stores
Line 0xea2063212c0 : 1 stores
Line 0xea20635ddc0 : 6 stores
Line 0x98f569088300 : 4 stores
Line 0xea20635e540 : 2 stores
Line 0x98f569089300 : 1 stores
Line 0xea20635f540 : 2 stores
Line 0x98f5690685c0 : 1 stores
Line 0xea20633e800 : 1 stores
Line 0xea20635dd80 : 2 stores
Line 0x98f569068680 : 1 stores
Line 0xea20633e8c0 : 1 stores
Line 0x98f569069680 : 2 stores
Line 0xea20633f8c0 : 1 stores
Line 0xea20635de80 : 4 stores
Line 0x98f5690883c0 : 1 stores
Line 0xea20635e600 : 3 stores
Line 0x98f5690893c0 : 2 stores
Line 0xea20635f600 : 4 stores
Line 0xea20633e9c0 : 3 stores
Line 0x98f569069780 : 1 stores
Line 0xea20633f9c0 : 2 stores
Line 0xea20635de40 : 5 stores
Line 0x98f569069700 : 1 stores
Line 0xea20633f940 : 1 stores
Line 0x98f56904b1c0 : 1 stores
Line 0xea206321400 : 1 stores
Line 0xea20635df00 : 6 stores
Line 0x98f569088440 : 4 stores
Line 0xea20635e680 : 2 stores
Line 0x98f569089440 : 1 stores
Line 0xea20635f680 : 2 stores
Line 0x98f569068700 : 1 stores
Line 0xea20633e940 : 1 stores
Line 0xea20635dec0 : 2 stores
Line 0x98f5690687c0 : 1 stores
Line 0xea20633ea00 : 1 stores
Line 0x98f5690697c0 : 2 stores
Line 0xea20633fa00 : 1 stores
Line 0xea20635dfc0 : 4 stores
Line 0x98f569088500 : 1 stores
Line 0xea20635e740 : 3 stores
Line 0x98f569089500 : 2 stores
Line 0xea20635f740 : 4 stores
Line 0xea20633eb00 : 3 stores
Line 0x98f5690698c0 : 1 stores
Line 0xea20633fb00 : 2 stores
Line 0xea20635df80 : 5 stores
Line 0x98f569069840 : 1 stores
Line 0xea20633fa80 : 1 stores
Line 0x98f56904b300 : 1 stores
Line 0xea206321540 : 1 stores
Line 0x98f569088580 : 4 stores
Line 0xea20635e7c0 : 2 stores
Line 0x98f569089580 : 1 stores
Line 0xea20635f7c0 : 2 stores
Line 0x98f569068840 : 1 stores
Line 0xea20633ea80 : 1 stores
Line 0x98f56908ae00 : 3 stores
Line 0xea206361040 : 6 stores
Line 0x98f56908adc0 : 2 stores
Line 0xea206361000 : 2 stores
Line 0x98f569068900 : 1 stores
Line 0xea20633eb40 : 1 stores
Line 0x98f569069900 : 2 stores
Line 0xea20633fb40 : 1 stores
Line 0x98f56908aec0 : 1 stores
Line 0xea206361100 : 4 stores
Line 0x98f569088640 : 1 stores
Line 0xea20635e880 : 3 stores
Line 0x98f569089640 : 2 stores
Line 0xea20635f880 : 4 stores
Line 0xea20633ec40 : 3 stores
Line 0x98f569069a00 : 1 stores
Line 0xea20633fc40 : 2 stores
Line 0x98f56908ae80 : 3 stores
Line 0xea2063610c0 : 5 stores
Line 0x98f569069980 : 1 stores
Line 0xea20633fbc0 : 1 stores
Line 0x98f56908af40 : 3 stores
Line 0xea206361180 : 6 stores
Line 0x98f5690896c0 : 1 stores
Line 0xea20635f900 : 2 stores
Line 0x98f5690886c0 : 4 stores
Line 0xea20635e900 : 2 stores
Line 0x98f569068980 : 1 stores
Line 0xea20633ebc0 : 1 stores
Line 0x98f56908af00 : 2 stores
Line 0xea206361140 : 2 stores
Line 0x98f569068a40 : 1 stores
Line 0xea20633ec80 : 1 stores
Line 0x98f569069a40 : 2 stores
Line 0xea20633fc80 : 1 stores
Line 0xea206361240 : 4 stores
Line 0x98f569088780 : 1 stores
Line 0xea20635e9c0 : 3 stores
Line 0x98f569089780 : 2 stores
Line 0xea20635f9c0 : 4 stores
Line 0xea20633ed80 : 3 stores
Line 0x98f569069b40 : 1 stores
Line 0xea20633fd80 : 2 stores
Line 0x98f56908afc0 : 3 stores
Line 0xea206361200 : 5 stores
Line 0x98f569069ac0 : 1 stores
Line 0xea20633fd00 : 1 stores
Line 0xea2063612c0 : 6 stores
Line 0x98f569088800 : 4 stores
Line 0xea20635ea40 : 2 stores
Line 0x98f569089800 : 1 stores
Line 0xea20635fa40 : 2 stores
Line 0x98f569068ac0 : 1 stores
Line 0xea20633ed00 : 1 stores
Line 0xea206361280 : 2 stores
Line 0x98f569068b80 : 1 stores
Line 0xea20633edc0 : 1 stores
Line 0x98f569069b80 : 2 stores
Line 0xea20633fdc0 : 1 stores
Line 0xea206361380 : 4 stores
Line 0x98f5690888c0 : 1 stores
Line 0xea20635eb00 : 3 stores
Line 0x98f5690898c0 : 2 stores
Line 0xea20635fb00 : 4 stores
Line 0xea20633eec0 : 3 stores
Line 0x98f569069c80 : 1 stores
Line 0xea20633fec0 : 2 stores
Line 0xea206361340 : 5 stores
Line 0x98f569069c00 : 1 stores
Line 0xea20633fe40 : 1 stores
Line 0xea206361400 : 6 stores
Line 0x98f569088940 : 4 stores
Line 0xea20635eb80 : 2 stores
Line 0x98f569089940 : 1 stores
Line 0xea20635fb80 : 2 stores
Line 0x98f569068c00 : 1 stores
Line 0xea20633ee40 : 1 stores
Line 0xea2063613c0 : 2 stores
Line 0x98f569068cc0 : 1 stores
Line 0xea20633ef00 : 1 stores
Line 0x98f569069cc0 : 2 stores
Line 0xea20633ff00 : 1 stores
Line 0xea2063614c0 : 4 stores
Line 0x98f569088a00 : 1 stores
Line 0xea20635ec40 : 3 stores
Line 0x98f569089a00 : 2 stores
Line 0xea20635fc40 : 4 stores
Line 0x98f56906cdc0 : 1 stores
Line 0xea206343000 : 2 stores
Line 0xea206361480 : 5 stores
Line 0x98f56906bdc0 : 1 stores
Line 0xea206342000 : 3 stores
Line 0x98f569069d40 : 1 stores
Line 0xea20633ff80 : 1 stores
Line 0xea206361540 : 6 stores
Line 0x98f569088a80 : 4 stores
Line 0xea20635ecc0 : 2 stores
Line 0x98f569089a80 : 1 stores
Line 0xea20635fcc0 : 2 stores
Line 0x98f569068d40 : 1 stores
Line 0xea20633ef80 : 1 stores
Line 0xea206361500 : 2 stores
Line 0x98f56906be00 : 2 stores
Line 0xea206342040 : 1 stores
Line 0x98f56906ce00 : 2 stores
Line 0xea206343040 : 1 stores
Line 0xea206361600 : 4 stores
Line 0x98f569088b40 : 1 stores
Line 0xea20635ed80 : 3 stores
Line 0x98f569089b40 : 2 stores
Line 0xea20635fd80 : 4 stores
Line 0x98f56906bf00 : 1 stores
Line 0xea206342140 : 3 stores
Line 0x98f56906cf00 : 1 stores
Line 0xea206343140 : 2 stores
Line 0xea2063615c0 : 5 stores
Line 0x98f56906ce80 : 1 stores
Line 0xea2063430c0 : 1 stores
Line 0xea206361680 : 6 stores
Line 0x98f569089bc0 : 1 stores
Line 0xea20635fe00 : 2 stores
Line 0x98f569088bc0 : 4 stores
Line 0xea20635ee00 : 2 stores
Line 0x98f56906be80 : 1 stores
Line 0xea2063420c0 : 1 stores
Line 0xea206361640 : 2 stores
Line 0x98f56906cf40 : 2 stores
Line 0xea206343180 : 1 stores
Line 0x98f56906bf40 : 2 stores
Line 0xea206342180 : 1 stores
Line 0xea206361740 : 4 stores
Line 0x98f569089c80 : 2 stores
Line 0xea20635fec0 : 4 stores
Line 0x98f569088c80 : 1 stores
Line 0xea20635eec0 : 3 stores
Line 0x98f56906d040 : 1 stores
Line 0xea206343280 : 2 stores
Line 0x98f56906c040 : 2 stores
Line 0xea206342280 : 3 stores
Line 0xea206361700 : 5 stores
Line 0x98f56906cfc0 : 1 stores
Line 0xea206343200 : 1 stores
Line 0xea2063617c0 : 6 stores
Line 0x98f569089d00 : 1 stores
Line 0xea20635ff40 : 2 stores
Line 0x98f569088d00 : 4 stores
Line 0xea20635ef40 : 2 stores
Line 0x98f56906bfc0 : 1 stores
Line 0xea206342200 : 1 stores
Line 0xea206361780 : 2 stores
Line 0x98f56906d080 : 1 stores
Line 0xea2063432c0 : 1 stores
Line 0x98f56906c080 : 2 stores
Line 0xea2063422c0 : 1 stores
Line 0xea206361880 : 4 stores
Line 0x98f56906d180 : 1 stores
Line 0xea2063433c0 : 2 stores
Line 0x98f56906c180 : 2 stores
Line 0xea2063423c0 : 3 stores
Line 0xea206362000 : 4 stores
Line 0x98f56908cdc0 : 6 stores
Line 0xea206363000 : 3 stores
Line 0xea206361840 : 5 stores
Line 0xea206343340 : 1 stores
Line 0xea206361900 : 6 stores
Line 0xea206362080 : 2 stores
Line 0x98f56908ce40 : 5 stores
Line 0xea206363080 : 2 stores
Line 0x98f56906c100 : 4 stores
Line 0xea206342340 : 1 stores
Line 0xea2063618c0 : 2 stores
Line 0x98f56906d1c0 : 1 stores
Line 0xea206343400 : 1 stores
Line 0x98f56906c1c0 : 2 stores
Line 0xea206342400 : 1 stores
Line 0xea2063619c0 : 4 stores
Line 0xea206362140 : 4 stores
Line 0x98f56908cf00 : 6 stores
Line 0xea206363140 : 3 stores
Line 0x98f56906d2c0 : 1 stores
Line 0xea206343500 : 2 stores
Line 0x98f56906c2c0 : 2 stores
Line 0xea206342500 : 3 stores
Line 0xea206361980 : 5 stores
Line 0xea206343480 : 1 stores
Line 0xea206361a40 : 6 stores
Line 0x98f56908cf80 : 5 stores
Line 0xea2063631c0 : 2 stores
Line 0xea2063621c0 : 2 stores
Line 0x98f56906c240 : 4 stores
Line 0xea206342480 : 1 stores
Line 0xea206361a00 : 2 stores
Line 0x98f56906c300 : 2 stores
Line 0xea206342540 : 1 stores
Line 0x98f56906d300 : 1 stores
Line 0xea206343540 : 1 stores
Line 0xea206361b00 : 4 stores
Line 0x98f56908d040 : 2 stores
Line 0xea206363280 : 3 stores
Line 0x98f56908c040 : 1 stores
Line 0xea206362280 : 4 stores
Line 0x98f56906c400 : 2 stores
Line 0xea206342640 : 3 stores
Line 0x98f56906d400 : 1 stores
Line 0xea206343640 : 2 stores
Line 0xea206361ac0 : 5 stores
Line 0xea2063435c0 : 1 stores
Line 0x98f56904ee40 : 1 stores
Line 0xea206325080 : 1 stores
Line 0xea206361b80 : 6 stores
Line 0x98f56908d0c0 : 1 stores
Line 0xea206363300 : 2 stores
Line 0x98f56908c0c0 : 4 stores
Line 0xea206362300 : 2 stores
Line 0x98f56906c380 : 4 stores
Line 0xea2063425c0 : 1 stores
Line 0xea206361b40 : 2 stores
Line 0x98f56906c440 : 2 stores
Line 0xea206342680 : 1 stores
Line 0x98f56906d440 : 1 stores
Line 0xea206343680 : 1 stores
Line 0xea206361c40 : 4 stores
Line 0x98f56908d180 : 2 stores
Line 0xea2063633c0 : 3 stores
Line 0x98f56908c180 : 1 stores
Line 0xea2063623c0 : 4 stores
Line 0x98f56906c540 : 2 stores
Line 0xea206342780 : 3 stores
Line 0x98f56906d540 : 1 stores
Line 0xea206343780 : 2 stores
Line 0xea206361c00 : 5 stores
Line 0xea206343700 : 1 stores
Line 0x98f56904ef80 : 1 stores
Line 0xea2063251c0 : 1 stores
Line 0xea206361cc0 : 6 stores
Line 0x98f56908d200 : 1 stores
Line 0xea206363440 : 2 stores
Line 0x98f56908c200 : 4 stores
Line 0xea206362440 : 2 stores
Line 0x98f56906c4c0 : 4 stores
Line 0xea206342700 : 1 stores
Line 0xea206361c80 : 2 stores
Line 0x98f56906c580 : 2 stores
Line 0xea2063427c0 : 1 stores
Line 0x98f56906d580 : 1 stores
Line 0xea2063437c0 : 1 stores
Line 0xea206361d80 : 4 stores
Line 0x98f56908d2c0 : 2 stores
Line 0xea206363500 : 3 stores
Line 0x98f56908c2c0 : 1 stores
Line 0xea206362500 : 4 stores
Line 0x98f56906c680 : 2 stores
Line 0xea2063428c0 : 3 stores
Line 0x98f56906d680 : 1 stores
Line 0xea2063438c0 : 2 stores
Line 0xea206361d40 : 5 stores
Line 0xea206343840 : 1 stores
Line 0x98f56904f0c0 : 1 stores
Line 0xea206325300 : 1 stores
Line 0xea206361e00 : 6 stores
Line 0x98f56908d340 : 1 stores
Line 0xea206363580 : 2 stores
Line 0x98f56908c340 : 4 stores
Line 0xea206362580 : 2 stores
Line 0x98f56906c600 : 4 stores
Line 0xea206342840 : 1 stores
Line 0xea206361dc0 : 2 stores
Line 0x98f56906d6c0 : 1 stores
Line 0xea206343900 : 1 stores
Line 0x98f56906c6c0 : 2 stores
Line 0xea206342900 : 1 stores
Line 0xea206361ec0 : 4 stores
Line 0x98f56908c400 : 1 stores
Line 0xea206362640 : 4 stores
Line 0x98f56908d400 : 2 stores
Line 0xea206363640 : 3 stores
Line 0x98f56906d7c0 : 1 stores
Line 0xea206343a00 : 2 stores
Line 0x98f56906c7c0 : 2 stores
Line 0xea206342a00 : 3 stores
Line 0xea206361e80 : 5 stores
Line 0xea206343980 : 1 stores
Line 0xea206361f40 : 6 stores
Line 0x98f56904f200 : 1 stores
Line 0xea206325440 : 1 stores
Line 0x98f56908c480 : 4 stores
Line 0xea2063626c0 : 2 stores
Line 0x98f56908d480 : 1 stores
Line 0xea2063636c0 : 2 stores
Line 0x98f56906c740 : 4 stores
Line 0xea206342980 : 1 stores
Line 0xea206361f00 : 2 stores
Line 0x98f56906d800 : 1 stores
Line 0xea206343a40 : 1 stores
Line 0x98f56906c800 : 2 stores
Line 0xea206342a40 : 1 stores
Line 0x98f56908edc0 : 1 stores
Line 0xea206365000 : 4 stores
Line 0x98f56908c540 : 1 stores
Line 0xea206362780 : 4 stores
Line 0x98f56908d540 : 2 stores
Line 0xea206363780 : 3 stores
Line 0x98f56906d900 : 1 stores
Line 0xea206343b40 : 2 stores
Line 0x98f56906c900 : 2 stores
Line 0xea206342b40 : 3 stores
Line 0xea206361fc0 : 5 stores
Line 0xea206343ac0 : 1 stores
Line 0x98f56904f340 : 1 stores
Line 0xea206325580 : 1 stores
Line 0x98f56908ee40 : 2 stores
Line 0xea206365080 : 6 stores
Line 0x98f56908d5c0 : 1 stores
Line 0xea206363800 : 2 stores
Line 0x98f56908c5c0 : 4 stores
Line 0xea206362800 : 2 stores
Line 0x98f56906c880 : 4 stores
Line 0xea206342ac0 : 1 stores
Line 0x98f56908ee00 : 2 stores
Line 0xea206365040 : 2 stores
Line 0x98f56906c940 : 2 stores
Line 0xea206342b80 : 1 stores
Line 0x98f56906d940 : 1 stores
Line 0xea206343b80 : 1 stores
Line 0x98f56908ef00 : 1 stores
Line 0xea206365140 : 4 stores
Line 0x98f56908d680 : 2 stores
Line 0xea2063638c0 : 3 stores
Line 0x98f56908c680 : 1 stores
Line 0xea2063628c0 : 4 stores
Line 0x98f56906ca40 : 2 stores
Line 0xea206342c80 : 3 stores
Line 0x98f56906da40 : 1 stores
Line 0xea206343c80 : 2 stores
Line 0x98f56908eec0 : 4 stores
Line 0xea206365100 : 5 stores
Line 0xea206343c00 : 1 stores
Line 0x98f56908ef80 : 2 stores
Line 0xea2063651c0 : 6 stores
Line 0x98f56908d700 : 1 stores
Line 0xea206363940 : 2 stores
Line 0x98f56908c700 : 4 stores
Line 0xea206362940 : 2 stores
Line 0x98f56906c9c0 : 4 stores
Line 0xea206342c00 : 1 stores
Line 0x98f56908ef40 : 2 stores
Line 0xea206365180 : 2 stores
Line 0x98f56906ca80 : 2 stores
Line 0xea206342cc0 : 1 stores
Line 0x98f56906da80 : 1 stores
Line 0xea206343cc0 : 1 stores
Line 0xea206365280 : 4 stores
Line 0x98f56908d7c0 : 2 stores
Line 0xea206363a00 : 3 stores
Line 0x98f56908c7c0 : 1 stores
Line 0xea206362a00 : 4 stores
Line 0x98f56906cb80 : 2 stores
Line 0xea206342dc0 : 3 stores
Line 0x98f56906db80 : 1 stores
Line 0xea206343dc0 : 2 stores
Line 0xea206365240 : 5 stores
Line 0xea206343d40 : 1 stores
Line 0xea206365300 : 6 stores
Line 0x98f56908d840 : 1 stores
Line 0xea206363a80 : 2 stores
Line 0x98f56908c840 : 4 stores
Line 0xea206362a80 : 2 stores
Line 0x98f56906cb00 : 4 stores
Line 0xea206342d40 : 1 stores
Line 0xea2063652c0 : 2 stores
Line 0x98f56906cbc0 : 2 stores
Line 0xea206342e00 : 1 stores
Line 0x98f56906dbc0 : 1 stores
Line 0xea206343e00 : 1 stores
Line 0xea2063653c0 : 4 stores
Line 0x98f56908d900 : 2 stores
Line 0xea206363b40 : 3 stores
Line 0x98f56908c900 : 1 stores
Line 0xea206362b40 : 4 stores
Line 0x98f56906ccc0 : 2 stores
Line 0xea206342f00 : 3 stores
Line 0x98f56906dcc0 : 1 stores
Line 0xea206343f00 : 2 stores
Line 0xea206365380 : 5 stores
Line 0xea206343e80 : 1 stores
Line 0xea206365440 : 6 stores
Line 0x98f56908d980 : 1 stores
Line 0xea206363bc0 : 2 stores
Line 0x98f56908c980 : 4 stores
Line 0xea206362bc0 : 2 stores
Line 0x98f56906cc40 : 4 stores
Line 0xea206342e80 : 1 stores
Line 0xea206365400 : 2 stores
Line 0x98f56906cd00 : 2 stores
Line 0xea206342f40 : 1 stores
Line 0x98f56906dd00 : 1 stores
Line 0xea206343f40 : 1 stores
Line 0xea206365500 : 4 stores
Line 0x98f56908da40 : 2 stores
Line 0xea206363c80 : 3 stores
Line 0x98f56908ca40 : 1 stores
Line 0xea206362c80 : 4 stores
Line 0x98f56906fe00 : 2 stores
Line 0xea206346040 : 3 stores
Line 0x98f569070e00 : 6 stores
Line 0xea206347040 : 2 stores
Line 0xea2063654c0 : 5 stores
Line 0xea206343fc0 : 1 stores
Line 0xea206365580 : 6 stores
Line 0x98f56908dac0 : 1 stores
Line 0xea206363d00 : 2 stores
Line 0x98f56908cac0 : 4 stores
Line 0xea206362d00 : 2 stores
Line 0x98f56906cd80 : 4 stores
Line 0xea206342fc0 : 1 stores
Line 0xea206365540 : 2 stores
Line 0x98f56906fe40 : 1 stores
Line 0xea206346080 : 1 stores
Line 0x98f569070e40 : 1 stores
Line 0xea206347080 : 1 stores
Line 0xea206365640 : 4 stores
Line 0x98f56908db80 : 2 stores
Line 0xea206363dc0 : 3 stores
Line 0x98f56908cb80 : 1 stores
Line 0xea206362dc0 : 4 stores
Line 0x98f56906ff40 : 2 stores
Line 0xea206346180 : 3 stores
Line 0x98f569070f40 : 6 stores
Line 0xea206347180 : 2 stores
Line 0xea206365600 : 5 stores
Line 0x98f569070ec0 : 4 stores
Line 0xea206347100 : 1 stores
Line 0xea2063656c0 : 6 stores
Line 0x98f56908dc00 : 1 stores
Line 0xea206363e40 : 2 stores
Line 0x98f56908cc00 : 4 stores
Line 0xea206362e40 : 2 stores
Line 0x98f56906fec0 : 1 stores
Line 0xea206346100 : 1 stores
Line 0xea206365680 : 2 stores
Line 0x98f56906ff80 : 1 stores
Line 0xea2063461c0 : 1 stores
Line 0x98f569070f80 : 1 stores
Line 0xea2063471c0 : 1 stores
Line 0xea206365780 : 4 stores
Line 0x98f56908dcc0 : 2 stores
Line 0xea206363f00 : 3 stores
Line 0x98f56908ccc0 : 1 stores
Line 0xea206362f00 : 4 stores
Line 0x98f569070080 : 1 stores
Line 0xea2063462c0 : 3 stores
Line 0x98f569071080 : 1 stores
Line 0xea2063472c0 : 2 stores
Line 0xea206365740 : 5 stores
Line 0xea206347240 : 1 stores
Line 0xea206365800 : 6 stores
Line 0x98f56908dd40 : 1 stores
Line 0xea206363f80 : 2 stores
Line 0x98f56908cd40 : 4 stores
Line 0xea206362f80 : 2 stores
Line 0x98f569070000 : 2 stores
Line 0xea206346240 : 1 stores
Line 0xea2063657c0 : 2 stores
Line 0x98f5690700c0 : 5 stores
Line 0xea206346300 : 1 stores
Line 0xea206347300 : 1 stores
Line 0xea2063658c0 : 4 stores
Line 0x98f5690701c0 : 1 stores
Line 0xea206346400 : 3 stores
Line 0x98f5690711c0 : 1 stores
Line 0xea206347400 : 2 stores
Line 0xea206365880 : 5 stores
Line 0xea206366040 : 3 stores
Line 0x98f569090e00 : 6 stores
Line 0xea206367040 : 4 stores
Line 0xea206347380 : 1 stores
Line 0xea206365940 : 6 stores
Line 0xea2063660c0 : 2 stores
Line 0x98f569090e80 : 5 stores
Line 0xea2063670c0 : 2 stores
Line 0x98f569070140 : 2 stores
Line 0xea206346380 : 1 stores
Line 0xea206365900 : 2 stores
Line 0x98f569070200 : 5 stores
Line 0xea206346440 : 1 stores
Line 0xea206347440 : 1 stores
Line 0xea206365a00 : 4 stores
Line 0xea206366180 : 3 stores
Line 0x98f569090f40 : 6 stores
Line 0xea206367180 : 4 stores
Line 0x98f569070300 : 1 stores
Line 0xea206346540 : 3 stores
Line 0x98f569071300 : 1 stores
Line 0xea206347540 : 2 stores
Line 0xea2063659c0 : 5 stores
Line 0xea2063474c0 : 1 stores
Line 0xea206365a80 : 6 stores
Line 0xea206366200 : 2 stores
Line 0x98f569090fc0 : 5 stores
Line 0xea206367200 : 2 stores
Line 0x98f569070280 : 2 stores
Line 0xea2063464c0 : 1 stores
Line 0xea206365a40 : 2 stores
Line 0xea206347580 : 1 stores
Line 0x98f569070340 : 5 stores
Line 0xea206346580 : 1 stores
Line 0xea206365b40 : 4 stores
Line 0x98f569091080 : 2 stores
Line 0xea2063672c0 : 4 stores
Line 0x98f569090080 : 1 stores
Line 0xea2063662c0 : 3 stores
Line 0x98f569071440 : 1 stores
Line 0xea206347680 : 2 stores
Line 0x98f569070440 : 1 stores
Line 0xea206346680 : 3 stores
Line 0xea206365b00 : 5 stores
Line 0xea206347600 : 1 stores
Line 0xea206365bc0 : 6 stores
Line 0x98f569090100 : 4 stores
Line 0xea206366340 : 2 stores
Line 0x98f569091100 : 1 stores
Line 0xea206367340 : 2 stores
Line 0x98f5690703c0 : 2 stores
Line 0xea206346600 : 1 stores
Line 0xea206365b80 : 2 stores
Line 0x98f569070480 : 5 stores
Line 0xea2063466c0 : 1 stores
Line 0xea2063476c0 : 1 stores
Line 0xea206365c80 : 4 stores
Line 0x98f5690901c0 : 1 stores
Line 0xea206366400 : 3 stores
Line 0x98f5690911c0 : 2 stores
Line 0xea206367400 : 4 stores
Line 0x98f569070580 : 1 stores
Line 0xea2063467c0 : 3 stores
Line 0x98f569071580 : 1 stores
Line 0xea2063477c0 : 2 stores
Line 0xea206365c40 : 5 stores
Line 0xea206347740 : 1 stores
Line 0xea206365d00 : 6 stores
Line 0x98f569090240 : 4 stores
Line 0xea206366480 : 2 stores
Line 0x98f569091240 : 1 stores
Line 0xea206367480 : 2 stores
Line 0x98f569070500 : 2 stores
Line 0xea206346740 : 1 stores
Line 0xea206365cc0 : 2 stores
Line 0x98f5690705c0 : 5 stores
Line 0xea206346800 : 1 stores
Line 0xea206347800 : 1 stores
Line 0xea206365dc0 : 4 stores
Line 0x98f569090300 : 1 stores
Line 0xea206366540 : 3 stores
Line 0x98f569091300 : 2 stores
Line 0xea206367540 : 4 stores
Line 0x98f5690706c0 : 1 stores
Line 0xea206346900 : 3 stores
Line 0x98f5690716c0 : 1 stores
Line 0xea206347900 : 2 stores
Line 0xea206365d80 : 5 stores
Line 0xea206347880 : 1 stores
Line 0xea206365e40 : 6 stores
Line 0x98f569090380 : 4 stores
Line 0xea2063665c0 : 2 stores
Line 0x98f569091380 : 1 stores
Line 0xea2063675c0 : 2 stores
Line 0x98f569070640 : 2 stores
Line 0xea206346880 : 1 stores
Line 0xea206365e00 : 2 stores
Line 0x98f569070700 : 5 stores
Line 0xea206346940 : 1 stores
Line 0xea206347940 : 1 stores
Line 0xea206365f00 : 4 stores
Line 0x98f569090440 : 1 stores
Line 0xea206366680 : 3 stores
Line 0x98f569091440 : 2 stores
Line 0xea206367680 : 4 stores
Line 0x98f569070800 : 1 stores
Line 0xea206346a40 : 3 stores
Line 0x98f569071800 : 1 stores
Line 0xea206347a40 : 2 stores
Line 0xea206365ec0 : 5 stores
Line 0xea2063479c0 : 1 stores
Line 0xea206365f80 : 6 stores
Line 0x98f5690904c0 : 4 stores
Line 0xea206366700 : 2 stores
Line 0x98f5690914c0 : 1 stores
Line 0xea206367700 : 2 stores
Line 0x98f569070780 : 2 stores
Line 0xea2063469c0 : 1 stores
Line 0xea206365f40 : 2 stores
Line 0x98f569070840 : 5 stores
Line 0xea206346a80 : 1 stores
Line 0xea206347a80 : 1 stores
Line 0x98f569090580 : 1 stores
Line 0xea2063667c0 : 3 stores
Line 0x98f569091580 : 2 stores
Line 0xea2063677c0 : 4 stores
Line 0x98f569070940 : 1 stores
Line 0xea206346b80 : 3 stores
Line 0x98f569071940 : 1 stores
Line 0xea206347b80 : 2 stores
Line 0x98f569092e00 : 1 stores
Line 0xea206369040 : 4 stores
Line 0x98f569092dc0 : 4 stores
Line 0xea206369000 : 5 stores
Line 0xea206347b00 : 1 stores
Line 0x98f569092e80 : 2 stores
Line 0xea2063690c0 : 6 stores
Line 0x98f569090600 : 4 stores
Line 0xea206366840 : 2 stores
Line 0x98f569091600 : 1 stores
Line 0xea206367840 : 2 stores
Line 0x98f5690708c0 : 2 stores
Line 0xea206346b00 : 1 stores
Line 0x98f569092e40 : 2 stores
Line 0xea206369080 : 2 stores
Line 0x98f569070980 : 5 stores
Line 0xea206346bc0 : 1 stores
Line 0xea206347bc0 : 1 stores
Line 0x98f569092f40 : 1 stores
Line 0xea206369180 : 4 stores
Line 0x98f5690906c0 : 1 stores
Line 0xea206366900 : 3 stores
Line 0x98f5690916c0 : 2 stores
Line 0xea206367900 : 4 stores
Line 0x98f569070a80 : 1 stores
Line 0xea206346cc0 : 3 stores
Line 0x98f569071a80 : 1 stores
Line 0xea206347cc0 : 2 stores
Line 0x98f569092f00 : 4 stores
Line 0xea206369140 : 5 stores
Line 0xea206347c40 : 1 stores
Line 0x98f569092fc0 : 2 stores
Line 0xea206369200 : 6 stores
Line 0x98f569090740 : 4 stores
Line 0xea206366980 : 2 stores
Line 0x98f569091740 : 1 stores
Line 0xea206367980 : 2 stores
Line 0x98f569070a00 : 2 stores
Line 0xea206346c40 : 1 stores
Line 0x98f569092f80 : 2 stores
Line 0xea2063691c0 : 2 stores
Line 0xea206347d00 : 1 stores
Line 0x98f569070ac0 : 5 stores
Line 0xea206346d00 : 1 stores
Line 0xea2063692c0 : 4 stores
Line 0x98f569091800 : 2 stores
Line 0xea206367a40 : 4 stores
Line 0x98f569090800 : 1 stores
Line 0xea206366a40 : 3 stores
Line 0x98f569071bc0 : 1 stores
Line 0xea206347e00 : 2 stores
Line 0x98f569070bc0 : 1 stores
Line 0xea206346e00 : 3 stores
Line 0xea206369280 : 5 stores
Line 0xea206347d80 : 1 stores
Line 0xea206369340 : 6 stores
Line 0x98f569090880 : 4 stores
Line 0xea206366ac0 : 2 stores
Line 0x98f569091880 : 1 stores
Line 0xea206367ac0 : 2 stores
Line 0x98f569070b40 : 2 stores
Line 0xea206346d80 : 1 stores
Line 0xea206369300 : 2 stores
Line 0x98f569070c00 : 5 stores
Line 0xea206346e40 : 1 stores
Line 0xea206347e40 : 1 stores
Line 0xea206369400 : 4 stores
Line 0x98f569090940 : 1 stores
Line 0xea206366b80 : 3 stores
Line 0x98f569091940 : 2 stores
Line 0xea206367b80 : 4 stores
Line 0x98f569070d00 : 1 stores
Line 0xea206346f40 : 3 stores
Line 0x98f569071d00 : 1 stores
Line 0xea206347f40 : 2 stores
Line 0xea2063693c0 : 5 stores
Line 0xea206347ec0 : 1 stores
Line 0xea206369480 : 6 stores
Line 0x98f5690909c0 : 4 stores
Line 0xea206366c00 : 2 stores
Line 0x98f5690919c0 : 1 stores
Line 0xea206367c00 : 2 stores
Line 0x98f569070c80 : 2 stores
Line 0xea206346ec0 : 1 stores
Line 0xea206369440 : 2 stores
Line 0x98f569070d40 : 5 stores
Line 0xea206346f80 : 1 stores
Line 0xea206347f80 : 1 stores
Line 0xea206369540 : 4 stores
Line 0x98f569090a80 : 1 stores
Line 0xea206366cc0 : 3 stores
Line 0x98f569091a80 : 2 stores
Line 0xea206367cc0 : 4 stores
Line 0x98f569073e40 : 3 stores
Line 0xea20634a080 : 3 stores
Line 0x98f569074e40 : 2 stores
Line 0xea20634b080 : 2 stores
Line 0xea206369500 : 5 stores
Line 0x98f569074dc0 : 3 stores
Line 0xea20634b000 : 1 stores
Line 0xea2063695c0 : 6 stores
Line 0x98f569090b00 : 4 stores
Line 0xea206366d40 : 2 stores
Line 0x98f569091b00 : 1 stores
Line 0xea206367d40 : 2 stores
Line 0x98f569073dc0 : 2 stores
Line 0xea20634a000 : 1 stores
Line 0xea206369580 : 2 stores
Line 0x98f569073e80 : 1 stores
Line 0xea20634a0c0 : 1 stores
Line 0x98f569074e80 : 1 stores
Line 0xea20634b0c0 : 1 stores
Line 0xea206369680 : 4 stores
Line 0x98f569090bc0 : 1 stores
Line 0xea206366e00 : 3 stores
Line 0x98f569091bc0 : 2 stores
Line 0xea206367e00 : 4 stores
Line 0x98f569073f80 : 3 stores
Line 0xea20634a1c0 : 3 stores
Line 0x98f569074f80 : 2 stores
Line 0xea20634b1c0 : 2 stores
Line 0xea206369640 : 5 stores
Line 0x98f569074f00 : 3 stores
Line 0xea20634b140 : 1 stores
Line 0xea206369700 : 6 stores
Line 0x98f569090c40 : 4 stores
Line 0xea206366e80 : 2 stores
Line 0x98f569091c40 : 1 stores
Line 0xea206367e80 : 2 stores
Line 0x98f569073f00 : 2 stores
Line 0xea20634a140 : 1 stores
Line 0xea2063696c0 : 2 stores
Line 0x98f569073fc0 : 1 stores
Line 0xea20634a200 : 1 stores
Line 0x98f569074fc0 : 1 stores
Line 0xea20634b200 : 1 stores
Line 0xea2063697c0 : 4 stores
Line 0x98f569090d00 : 1 stores
Line 0xea206366f40 : 3 stores
Line 0x98f569091d00 : 2 stores
Line 0xea206367f40 : 4 stores
Line 0x98f5690740c0 : 1 stores
Line 0xea20634a300 : 3 stores
Line 0x98f5690750c0 : 2 stores
Line 0xea20634b300 : 2 stores
Line 0xea206369780 : 5 stores
Line 0x98f569075040 : 1 stores
Line 0xea20634b280 : 1 stores
Line 0xea206369840 : 6 stores
Line 0x98f569090d80 : 4 stores
Line 0xea206366fc0 : 2 stores
Line 0x98f569091d80 : 1 stores
Line 0xea206367fc0 : 2 stores
Line 0x98f569074040 : 1 stores
Line 0xea20634a280 : 1 stores
Line 0xea206369800 : 2 stores
Line 0x98f569074100 : 1 stores
Line 0xea20634a340 : 1 stores
Line 0x98f569075100 : 1 stores
Line 0xea20634b340 : 1 stores
Line 0xea206369900 : 4 stores
Line 0x98f569074200 : 1 stores
Line 0xea20634a440 : 3 stores
Line 0x98f569075200 : 2 stores
Line 0xea20634b440 : 2 stores
Line 0xea2063698c0 : 5 stores
Line 0xea20636a080 : 3 stores
Line 0x98f569094e40 : 6 stores
Line 0xea20636b080 : 4 stores
Line 0x98f569075180 : 1 stores
Line 0xea20634b3c0 : 1 stores
Line 0xea206369980 : 6 stores
Line 0xea20636a100 : 2 stores
Line 0x98f569094ec0 : 5 stores
Line 0xea20636b100 : 2 stores
Line 0x98f569074180 : 1 stores
Line 0xea20634a3c0 : 1 stores
Line 0xea206369940 : 2 stores
Line 0x98f569074240 : 1 stores
Line 0xea20634a480 : 1 stores
Line 0x98f569075240 : 1 stores
Line 0xea20634b480 : 1 stores
Line 0xea206369a40 : 4 stores
Line 0xea20636a1c0 : 3 stores
Line 0x98f569094f80 : 6 stores
Line 0xea20636b1c0 : 4 stores
Line 0x98f569074340 : 1 stores
Line 0xea20634a580 : 3 stores
Line 0x98f569075340 : 2 stores
Line 0xea20634b580 : 2 stores
Line 0xea206369a00 : 5 stores
Line 0x98f5690752c0 : 1 stores
Line 0xea20634b500 : 1 stores
Line 0xea206369ac0 : 6 stores
Line 0x98f569094000 : 4 stores
Line 0xea20636a240 : 2 stores
Line 0x98f569095000 : 1 stores
Line 0xea20636b240 : 2 stores
Line 0x98f5690742c0 : 1 stores
Line 0xea20634a500 : 1 stores
Line 0xea206369a80 : 2 stores
Line 0x98f569074380 : 1 stores
Line 0xea20634a5c0 : 1 stores
Line 0x98f569075380 : 1 stores
Line 0xea20634b5c0 : 1 stores
Line 0xea206369b80 : 4 stores
Line 0x98f5690940c0 : 1 stores
Line 0xea20636a300 : 3 stores
Line 0x98f5690950c0 : 2 stores
Line 0xea20636b300 : 4 stores
Line 0x98f569074480 : 1 stores
Line 0xea20634a6c0 : 3 stores
Line 0x98f569075480 : 2 stores
Line 0xea20634b6c0 : 2 stores
Line 0xea206369b40 : 5 stores
Line 0x98f569075400 : 1 stores
Line 0xea20634b640 : 1 stores
Line 0x98f569056ec0 : 2 stores
Line 0xea20632d100 : 1 stores
Line 0xea206369c00 : 6 stores
Line 0x98f569094140 : 4 stores
Line 0xea20636a380 : 2 stores
Line 0x98f569095140 : 1 stores
Line 0xea20636b380 : 2 stores
Line 0x98f569074400 : 1 stores
Line 0xea20634a640 : 1 stores
Line 0xea206369bc0 : 2 stores
Line 0x98f5690744c0 : 1 stores
Line 0xea20634a700 : 1 stores
Line 0x98f5690754c0 : 1 stores
Line 0xea20634b700 : 1 stores
Line 0xea206369cc0 : 4 stores
Line 0x98f569094200 : 1 stores
Line 0xea20636a440 : 3 stores
Line 0x98f569095200 : 2 stores
Line 0xea20636b440 : 4 stores
Line 0x98f5690745c0 : 1 stores
Line 0xea20634a800 : 3 stores
Line 0x98f5690755c0 : 2 stores
Line 0xea20634b800 : 2 stores
Line 0xea206369c80 : 5 stores
Line 0x98f569075540 : 1 stores
Line 0xea20634b780 : 1 stores
Line 0x98f569057000 : 3 stores
Line 0xea20632d240 : 1 stores
Line 0xea206369d40 : 6 stores
Line 0x98f569094280 : 4 stores
Line 0xea20636a4c0 : 2 stores
Line 0x98f569095280 : 1 stores
Line 0xea20636b4c0 : 2 stores
Line 0x98f569074540 : 1 stores
Line 0xea20634a780 : 1 stores
Line 0xea206369d00 : 2 stores
Line 0x98f569075600 : 1 stores
Line 0xea20634b840 : 1 stores
Line 0x98f569074600 : 1 stores
Line 0xea20634a840 : 1 stores
Line 0xea206369e00 : 4 stores
Line 0x98f569095340 : 2 stores
Line 0xea20636b580 : 4 stores
Line 0x98f569094340 : 1 stores
Line 0xea20636a580 : 3 stores
Line 0x98f569075700 : 2 stores
Line 0xea20634b940 : 2 stores
Line 0x98f569074700 : 1 stores
Line 0xea20634a940 : 3 stores
Line 0xea206369dc0 : 5 stores
Line 0x98f569075680 : 1 stores
Line 0xea20634b8c0 : 1 stores
Line 0xea206369e80 : 6 stores
Line 0x98f569057140 : 3 stores
Line 0xea20632d380 : 1 stores
Line 0x98f5690953c0 : 1 stores
Line 0xea20636b600 : 2 stores
Line 0x98f5690943c0 : 4 stores
Line 0xea20636a600 : 2 stores
Line 0x98f569074680 : 1 stores
Line 0xea20634a8c0 : 1 stores
Line 0xea206369e40 : 2 stores
Line 0x98f569075740 : 1 stores
Line 0xea20634b980 : 1 stores
Line 0x98f569074740 : 1 stores
Line 0xea20634a980 : 1 stores
Line 0xea206369f40 : 4 stores
Line 0x98f569095480 : 2 stores
Line 0xea20636b6c0 : 4 stores
Line 0x98f569094480 : 1 stores
Line 0xea20636a6c0 : 3 stores
Line 0x98f569075840 : 2 stores
Line 0xea20634ba80 : 2 stores
Line 0x98f569074840 : 1 stores
Line 0xea20634aa80 : 3 stores
Line 0xea206369f00 : 5 stores
Line 0x98f5690757c0 : 1 stores
Line 0xea20634ba00 : 1 stores
Line 0xea206369fc0 : 6 stores
Line 0x98f569057280 : 3 stores
Line 0xea20632d4c0 : 1 stores
Line 0x98f569095500 : 1 stores
Line 0xea20636b740 : 2 stores
Line 0x98f569094500 : 4 stores
Line 0xea20636a740 : 2 stores
Line 0x98f5690747c0 : 1 stores
Line 0xea20634aa00 : 1 stores
Line 0xea206369f80 : 2 stores
Line 0x98f569075880 : 1 stores
Line 0xea20634bac0 : 1 stores
Line 0x98f569074880 : 1 stores
Line 0xea20634aac0 : 1 stores
Line 0x98f569096e40 : 1 stores
Line 0xea20636d080 : 4 stores
Line 0x98f5690955c0 : 2 stores
Line 0xea20636b800 : 4 stores
Line 0x98f5690945c0 : 1 stores
Line 0xea20636a800 : 3 stores
Line 0x98f569075980 : 2 stores
Line 0xea20634bbc0 : 2 stores
Line 0x98f569074980 : 1 stores
Line 0xea20634abc0 : 3 stores
Line 0x98f569096e00 : 3 stores
Line 0xea20636d040 : 5 stores
Line 0x98f569075900 : 1 stores
Line 0xea20634bb40 : 1 stores
Line 0x98f569096ec0 : 3 stores
Line 0xea20636d100 : 6 stores
Line 0x98f569095640 : 1 stores
Line 0xea20636b880 : 2 stores
Line 0x98f569094640 : 4 stores
Line 0xea20636a880 : 2 stores
Line 0x98f569074900 : 1 stores
Line 0xea20634ab40 : 1 stores
Line 0x98f569096e80 : 2 stores
Line 0xea20636d0c0 : 2 stores
Line 0x98f5690759c0 : 1 stores
Line 0xea20634bc00 : 1 stores
Line 0x98f5690749c0 : 1 stores
Line 0xea20634ac00 : 1 stores
Line 0x98f569096f80 : 1 stores
Line 0xea20636d1c0 : 4 stores
Line 0x98f569095700 : 2 stores
Line 0xea20636b940 : 4 stores
Line 0x98f569094700 : 1 stores
Line 0xea20636a940 : 3 stores
Line 0x98f569075ac0 : 2 stores
Line 0xea20634bd00 : 2 stores
Line 0x98f569074ac0 : 1 stores
Line 0xea20634ad00 : 3 stores
Line 0x98f569096f40 : 3 stores
Line 0xea20636d180 : 5 stores
Line 0x98f569075a40 : 1 stores
Line 0xea20634bc80 : 1 stores
Line 0xea20636d240 : 6 stores
Line 0x98f569095780 : 1 stores
Line 0xea20636b9c0 : 2 stores
Line 0x98f569094780 : 4 stores
Line 0xea20636a9c0 : 2 stores
Line 0x98f569074a40 : 1 stores
Line 0xea20634ac80 : 1 stores
Line 0x98f569096fc0 : 2 stores
Line 0xea20636d200 : 2 stores
Line 0x98f569075b00 : 1 stores
Line 0xea20634bd40 : 1 stores
Line 0x98f569074b00 : 1 stores
Line 0xea20634ad40 : 1 stores
Line 0xea20636d300 : 4 stores
Line 0x98f569095840 : 2 stores
Line 0xea20636ba80 : 4 stores
Line 0x98f569094840 : 1 stores
Line 0xea20636aa80 : 3 stores
Line 0x98f569075c00 : 2 stores
Line 0xea20634be40 : 2 stores
Line 0x98f569074c00 : 1 stores
Line 0xea20634ae40 : 3 stores
Line 0xea20636d2c0 : 5 stores
Line 0x98f569075b80 : 1 stores
Line 0xea20634bdc0 : 1 stores
Line 0xea20636d380 : 6 stores
Line 0x98f5690958c0 : 1 stores
Line 0xea20636bb00 : 2 stores
Line 0x98f5690948c0 : 4 stores
Line 0xea20636ab00 : 2 stores
Line 0x98f569074b80 : 1 stores
Line 0xea20634adc0 : 1 stores
Line 0xea20636d340 : 2 stores
Line 0x98f569075c40 : 1 stores
Line 0xea20634be80 : 1 stores
Line 0x98f569074c40 : 1 stores
Line 0xea20634ae80 : 1 stores
Line 0xea20636d440 : 4 stores
Line 0x98f569095980 : 2 stores
Line 0xea20636bbc0 : 4 stores
Line 0x98f569094980 : 1 stores
Line 0xea20636abc0 : 3 stores
Line 0x98f569075d40 : 2 stores
Line 0xea20634bf80 : 2 stores
Line 0x98f569074d40 : 1 stores
Line 0xea20634af80 : 3 stores
Line 0xea20636d400 : 5 stores
Line 0x98f569075cc0 : 1 stores
Line 0xea20634bf00 : 1 stores
Line 0xea20636d4c0 : 6 stores
Line 0x98f569095a00 : 1 stores
Line 0xea20636bc40 : 2 stores
Line 0x98f569094a00 : 4 stores
Line 0xea20636ac40 : 2 stores
Line 0x98f569074cc0 : 1 stores
Line 0xea20634af00 : 1 stores
Line 0xea20636d480 : 2 stores
Line 0x98f569075d80 : 1 stores
Line 0xea20634bfc0 : 1 stores
Line 0x98f569074d80 : 1 stores
Line 0xea20634afc0 : 1 stores
Line 0xea20636d580 : 4 stores
Line 0x98f569095ac0 : 2 stores
Line 0xea20636bd00 : 4 stores
Line 0x98f569094ac0 : 1 stores
Line 0xea20636ad00 : 3 stores
Line 0x98f569077e80 : 1 stores
Line 0xea20634e0c0 : 2 stores
Line 0xea20634f0c0 : 3 stores
Line 0xea20636d540 : 5 stores
Line 0x98f569077e00 : 2 stores
Line 0xea20634e040 : 1 stores
Line 0xea20636d600 : 6 stores
Line 0x98f569095b40 : 1 stores
Line 0xea20636bd80 : 2 stores
Line 0x98f569094b40 : 4 stores
Line 0xea20636ad80 : 2 stores
Line 0xea20634f040 : 1 stores
Line 0xea20636d5c0 : 2 stores
Line 0x98f569077ec0 : 2 stores
Line 0xea20634e100 : 1 stores
Line 0xea20634f100 : 1 stores
Line 0xea20636d6c0 : 4 stores
Line 0x98f569095c00 : 2 stores
Line 0xea20636be40 : 4 stores
Line 0x98f569094c00 : 1 stores
Line 0xea20636ae40 : 3 stores
Line 0x98f569077fc0 : 1 stores
Line 0xea20634e200 : 2 stores
Line 0xea20634f200 : 3 stores
Line 0xea20636d680 : 5 stores
Line 0x98f569077f40 : 2 stores
Line 0xea20634e180 : 1 stores
Line 0xea20636d740 : 6 stores
Line 0x98f569095c80 : 1 stores
Line 0xea20636bec0 : 2 stores
Line 0x98f569094c80 : 4 stores
Line 0xea20636aec0 : 2 stores
Line 0xea20634f180 : 1 stores
Line 0xea20636d700 : 2 stores
Line 0xea20634e240 : 1 stores
Line 0x98f569079000 : 1 stores
Line 0xea20634f240 : 1 stores
Line 0xea20636d800 : 4 stores
Line 0x98f569095d40 : 2 stores
Line 0xea20636bf80 : 4 stores
Line 0x98f569094d40 : 1 stores
Line 0xea20636af80 : 3 stores
Line 0xea20634e340 : 2 stores
Line 0x98f569079100 : 4 stores
Line 0xea20634f340 : 3 stores
Line 0xea20636d7c0 : 5 stores
Line 0xea20634e2c0 : 1 stores
Line 0xea20636d880 : 6 stores
Line 0xea20636e000 : 2 stores
Line 0x98f569098dc0 : 5 stores
Line 0xea20636f000 : 2 stores
Line 0x98f569079080 : 2 stores
Line 0xea20634f2c0 : 1 stores
Line 0xea20636d840 : 2 stores
Line 0xea20634e380 : 1 stores
Line 0x98f569079140 : 1 stores
Line 0xea20634f380 : 1 stores
Line 0xea20636d940 : 4 stores
Line 0xea20636e0c0 : 4 stores
Line 0x98f569098e80 : 6 stores
Line 0xea20636f0c0 : 3 stores
Line 0xea20634e480 : 2 stores
Line 0x98f569079240 : 4 stores
Line 0xea20634f480 : 3 stores
Line 0xea20636d900 : 5 stores
Line 0xea20634e400 : 1 stores
Line 0xea20636d9c0 : 6 stores
Line 0x98f569098f00 : 5 stores
Line 0xea20636f140 : 2 stores
Line 0xea20636e140 : 2 stores
Line 0x98f5690791c0 : 2 stores
Line 0xea20634f400 : 1 stores
Line 0xea20636d980 : 2 stores
Line 0x98f569079280 : 1 stores
Line 0xea20634f4c0 : 1 stores
Line 0xea20634e4c0 : 1 stores
Line 0xea20636da80 : 4 stores
Line 0x98f569098fc0 : 6 stores
Line 0xea20636f200 : 3 stores
Line 0xea20636e200 : 4 stores
Line 0x98f569079380 : 4 stores
Line 0xea20634f5c0 : 3 stores
Line 0xea20634e5c0 : 2 stores
Line 0xea20636da40 : 5 stores
Line 0xea20634e540 : 1 stores
Line 0xea206331000 : 1 stores
Line 0xea20636db00 : 6 stores
Line 0x98f569099040 : 1 stores
Line 0xea20636f280 : 2 stores
Line 0x98f569098040 : 4 stores
Line 0xea20636e280 : 2 stores
Line 0x98f569079300 : 2 stores
Line 0xea20634f540 : 1 stores
Line 0xea20636dac0 : 2 stores
Line 0x98f5690793c0 : 1 stores
Line 0xea20634f600 : 1 stores
Line 0xea20634e600 : 1 stores
Line 0xea20636dbc0 : 4 stores
Line 0x98f569099100 : 2 stores
Line 0xea20636f340 : 3 stores
Line 0x98f569098100 : 1 stores
Line 0xea20636e340 : 4 stores
Line 0x98f5690794c0 : 4 stores
Line 0xea20634f700 : 3 stores
Line 0xea20634e700 : 2 stores
Line 0xea20636db80 : 5 stores
Line 0xea20634e680 : 1 stores
Line 0xea206331140 : 1 stores
Line 0xea20636dc40 : 6 stores
Line 0x98f569099180 : 1 stores
Line 0xea20636f3c0 : 2 stores
Line 0x98f569098180 : 4 stores
Line 0xea20636e3c0 : 2 stores
Line 0x98f569079440 : 2 stores
Line 0xea20634f680 : 1 stores
Line 0xea20636dc00 : 2 stores
Line 0xea20634e740 : 1 stores
Line 0x98f569079500 : 1 stores
Line 0xea20634f740 : 1 stores
Line 0xea20636dd00 : 4 stores
Line 0x98f569098240 : 1 stores
Line 0xea20636e480 : 4 stores
Line 0x98f569099240 : 2 stores
Line 0xea20636f480 : 3 stores
Line 0xea20634e840 : 2 stores
Line 0x98f569079600 : 4 stores
Line 0xea20634f840 : 3 stores
Line 0xea20636dcc0 : 5 stores
Line 0xea20634e7c0 : 1 stores
Line 0xea20636dd80 : 6 stores
Line 0x98f56905b040 : 4 stores
Line 0xea206331280 : 1 stores
Line 0x98f5690982c0 : 4 stores
Line 0xea20636e500 : 2 stores
Line 0x98f5690992c0 : 1 stores
Line 0xea20636f500 : 2 stores
Line 0x98f569079580 : 2 stores
Line 0xea20634f7c0 : 1 stores
Line 0xea20636dd40 : 2 stores
Line 0xea20634e880 : 1 stores
Line 0x98f569079640 : 1 stores
Line 0xea20634f880 : 1 stores
Line 0xea20636de40 : 4 stores
Line 0x98f569098380 : 1 stores
Line 0xea20636e5c0 : 4 stores
Line 0x98f569099380 : 2 stores
Line 0xea20636f5c0 : 3 stores
Line 0xea20634e980 : 2 stores
Line 0x98f569079740 : 4 stores
Line 0xea20634f980 : 3 stores
Line 0xea20636de00 : 5 stores
Line 0xea20634e900 : 1 stores
Line 0xea20636dec0 : 6 stores
Line 0x98f56905b180 : 4 stores
Line 0xea2063313c0 : 1 stores
Line 0x98f569098400 : 4 stores
Line 0xea20636e640 : 2 stores
Line 0x98f569099400 : 1 stores
Line 0xea20636f640 : 2 stores
Line 0x98f5690796c0 : 2 stores
Line 0xea20634f900 : 1 stores
Line 0xea20636de80 : 2 stores
Line 0x98f569079780 : 1 stores
Line 0xea20634f9c0 : 1 stores
Line 0xea20634e9c0 : 1 stores
Line 0xea20636df80 : 4 stores
Line 0x98f5690994c0 : 2 stores
Line 0xea20636f700 : 3 stores
Line 0x98f5690984c0 : 1 stores
Line 0xea20636e700 : 4 stores
Line 0x98f569079880 : 4 stores
Line 0xea20634fac0 : 3 stores
Line 0xea20634eac0 : 2 stores
Line 0xea20636df40 : 5 stores
Line 0xea20634ea40 : 1 stores
Line 0x98f56905b2c0 : 4 stores
Line 0xea206331500 : 1 stores
Line 0x98f56909adc0 : 2 stores
Line 0xea206371000 : 6 stores
Line 0x98f569098540 : 4 stores
Line 0xea20636e780 : 2 stores
Line 0x98f569099540 : 1 stores
Line 0xea20636f780 : 2 stores
Line 0x98f569079800 : 2 stores
Line 0xea20634fa40 : 1 stores
Line 0xea20636dfc0 : 2 stores
Line 0xea20634eb00 : 1 stores
Line 0x98f5690798c0 : 1 stores
Line 0xea20634fb00 : 1 stores
Line 0x98f56909ae80 : 1 stores
Line 0xea2063710c0 : 4 stores
Line 0x98f569098600 : 1 stores
Line 0xea20636e840 : 4 stores
Line 0x98f569099600 : 2 stores
Line 0xea20636f840 : 3 stores
Line 0xea20634ec00 : 2 stores
Line 0x98f5690799c0 : 4 stores
Line 0xea20634fc00 : 3 stores
Line 0x98f56909ae40 : 4 stores
Line 0xea206371080 : 5 stores
Line 0xea20634eb80 : 1 stores
Line 0x98f56909af00 : 2 stores
Line 0xea206371140 : 6 stores
Line 0x98f569098680 : 4 stores
Line 0xea20636e8c0 : 2 stores
Line 0x98f569099680 : 1 stores
Line 0xea20636f8c0 : 2 stores
Line 0x98f569079940 : 2 stores
Line 0xea20634fb80 : 1 stores
Line 0x98f56909aec0 : 2 stores
Line 0xea206371100 : 2 stores
Line 0xea20634ec40 : 1 stores
Line 0x98f569079a00 : 1 stores
Line 0xea20634fc40 : 1 stores
Line 0x98f56909afc0 : 1 stores
Line 0xea206371200 : 4 stores
Line 0x98f569098740 : 1 stores
Line 0xea20636e980 : 4 stores
Line 0x98f569099740 : 2 stores
Line 0xea20636f980 : 3 stores
Line 0xea20634ed40 : 2 stores
Line 0x98f569079b00 : 4 stores
Line 0xea20634fd40 : 3 stores
Line 0x98f56909af80 : 4 stores
Line 0xea2063711c0 : 5 stores
Line 0xea20634ecc0 : 1 stores
Line 0xea206371280 : 6 stores
Line 0x98f5690997c0 : 1 stores
Line 0xea20636fa00 : 2 stores
Line 0x98f5690987c0 : 4 stores
Line 0xea20636ea00 : 2 stores
Line 0x98f569079a80 : 2 stores
Line 0xea20634fcc0 : 1 stores
Line 0xea206371240 : 2 stores
Line 0x98f569079b40 : 1 stores
Line 0xea20634fd80 : 1 stores
Line 0xea20634ed80 : 1 stores
Line 0xea206371340 : 4 stores
Line 0x98f569099880 : 2 stores
Line 0xea20636fac0 : 3 stores
Line 0x98f569098880 : 1 stores
Line 0xea20636eac0 : 4 stores
Line 0x98f569079c40 : 4 stores
Line 0xea20634fe80 : 3 stores
Line 0xea20634ee80 : 2 stores
Line 0xea206371300 : 5 stores
Line 0xea20634ee00 : 1 stores
Line 0xea2063713c0 : 6 stores
Line 0x98f569099900 : 1 stores
Line 0xea20636fb40 : 2 stores
Line 0x98f569098900 : 4 stores
Line 0xea20636eb40 : 2 stores
Line 0x98f569079bc0 : 2 stores
Line 0xea20634fe00 : 1 stores
Line 0xea206371380 : 2 stores
Line 0x98f569079c80 : 1 stores
Line 0xea20634fec0 : 1 stores
Line 0xea20634eec0 : 1 stores
Line 0xea206371480 : 4 stores
Line 0x98f5690999c0 : 2 stores
Line 0xea20636fc00 : 3 stores
Line 0x98f5690989c0 : 1 stores
Line 0xea20636ec00 : 4 stores
Line 0x98f569079d80 : 4 stores
Line 0xea20634ffc0 : 3 stores
Line 0xea20634efc0 : 2 stores
Line 0xea206371440 : 5 stores
Line 0xea20634ef40 : 1 stores
Line 0xea206371500 : 6 stores
Line 0x98f569099a40 : 1 stores
Line 0xea20636fc80 : 2 stores
Line 0x98f569098a40 : 4 stores
Line 0xea20636ec80 : 2 stores
Line 0x98f569079d00 : 2 stores
Line 0xea20634ff40 : 1 stores
Line 0xea2063714c0 : 2 stores
Line 0x98f56907bdc0 : 1 stores
Line 0xea206352000 : 1 stores
Line 0x98f56907cdc0 : 1 stores
Line 0xea206353000 : 1 stores
Line 0xea2063715c0 : 4 stores
Line 0x98f569099b00 : 2 stores
Line 0xea20636fd40 : 3 stores
Line 0x98f569098b00 : 1 stores
Line 0xea20636ed40 : 4 stores
Line 0xea206352100 : 3 stores
Line 0xea206353100 : 2 stores
Line 0xea206371580 : 5 stores
Line 0xea206353080 : 1 stores
Line 0xea206371640 : 6 stores
Line 0x98f569099b80 : 1 stores
Line 0xea20636fdc0 : 2 stores
Line 0x98f569098b80 : 4 stores
Line 0xea20636edc0 : 2 stores
Line 0x98f56907be40 : 1 stores
Line 0xea206352080 : 1 stores
Line 0xea206371600 : 2 stores
Line 0x98f56907bf00 : 1 stores
Line 0xea206352140 : 1 stores
Line 0x98f56907cf00 : 1 stores
Line 0xea206353140 : 1 stores
Line 0xea206371700 : 4 stores
Line 0x98f569099c40 : 2 stores
Line 0xea20636fe80 : 3 stores
Line 0x98f569098c40 : 1 stores
Line 0xea20636ee80 : 4 stores
Line 0x98f56907c000 : 1 stores
Line 0xea206352240 : 3 stores
Line 0x98f56907d000 : 1 stores
Line 0xea206353240 : 2 stores
Line 0xea2063716c0 : 5 stores
Line 0xea2063531c0 : 1 stores
Line 0xea206371780 : 6 stores
Line 0x98f569099cc0 : 1 stores
Line 0xea20636ff00 : 2 stores
Line 0x98f569098cc0 : 4 stores
Line 0xea20636ef00 : 2 stores
Line 0x98f56907bf80 : 1 stores
Line 0xea2063521c0 : 1 stores
Line 0xea206371740 : 2 stores
Line 0xea206352280 : 1 stores
Line 0x98f56907d040 : 2 stores
Line 0xea206353280 : 1 stores
Line 0xea206371840 : 4 stores
Line 0x98f569099d80 : 2 stores
Line 0xea20636ffc0 : 3 stores
Line 0x98f569098d80 : 1 stores
Line 0xea20636efc0 : 4 stores
Line 0x98f56907c140 : 1 stores
Line 0xea206352380 : 3 stores
Line 0x98f56907d140 : 1 stores
Line 0xea206353380 : 2 stores
Line 0xea206371800 : 5 stores
Line 0x98f56907d0c0 : 3 stores
Line 0xea206353300 : 1 stores
Line 0xea2063718c0 : 6 stores
Line 0x98f56907c0c0 : 1 stores
Line 0xea206352300 : 1 stores
Line 0xea206372040 : 2 stores
Line 0x98f56909ce00 : 5 stores
Line 0xea206373040 : 2 stores
Line 0xea206371880 : 2 stores
Line 0xea2063523c0 : 1 stores
Line 0x98f56907d180 : 2 stores
Line 0xea2063533c0 : 1 stores
Line 0xea206371980 : 4 stores
Line 0xea206372100 : 3 stores
Line 0x98f56909cec0 : 6 stores
Line 0xea206373100 : 4 stores
Line 0x98f56907c280 : 1 stores
Line 0xea2063524c0 : 3 stores
Line 0x98f56907d280 : 1 stores
Line 0xea2063534c0 : 2 stores
Line 0xea206371940 : 5 stores
Line 0x98f56907d200 : 3 stores
Line 0xea206353440 : 1 stores
Line 0xea206371a00 : 6 stores
Line 0xea206372180 : 2 stores
Line 0x98f56909cf40 : 5 stores
Line 0xea206373180 : 2 stores
Line 0x98f56907c200 : 1 stores
Line 0xea206352440 : 1 stores
Line 0xea2063719c0 : 2 stores
Line 0x98f56907d2c0 : 2 stores
Line 0xea206353500 : 1 stores
Line 0xea206352500 : 1 stores
Line 0xea206371ac0 : 4 stores
Line 0x98f56909d000 : 2 stores
Line 0xea206373240 : 4 stores
Line 0x98f56909c000 : 1 stores
Line 0xea206372240 : 3 stores
Line 0x98f56907d3c0 : 1 stores
Line 0xea206353600 : 2 stores
Line 0x98f56907c3c0 : 1 stores
Line 0xea206352600 : 3 stores
Line 0xea206371a80 : 5 stores
Line 0x98f56907d340 : 3 stores
Line 0xea206353580 : 1 stores
Line 0xea206371b40 : 6 stores
Line 0xea206335040 : 1 stores
Line 0x98f56909d080 : 1 stores
Line 0xea2063732c0 : 2 stores
Line 0x98f56909c080 : 4 stores
Line 0xea2063722c0 : 2 stores
Line 0x98f56907c340 : 1 stores
Line 0xea206352580 : 1 stores
Line 0xea206371b00 : 2 stores
Line 0x98f56907d400 : 2 stores
Line 0xea206353640 : 1 stores
Line 0xea206352640 : 1 stores
Line 0xea206371c00 : 4 stores
Line 0x98f56909d140 : 2 stores
Line 0xea206373380 : 4 stores
Line 0x98f56909c140 : 1 stores
Line 0xea206372380 : 3 stores
Line 0x98f56907d500 : 1 stores
Line 0xea206353740 : 2 stores
Line 0x98f56907c500 : 1 stores
Line 0xea206352740 : 3 stores
Line 0xea206371bc0 : 5 stores
Line 0x98f56907d480 : 3 stores
Line 0xea2063536c0 : 1 stores
Line 0xea206371c80 : 6 stores
Line 0xea206335180 : 1 stores
Line 0x98f56909d1c0 : 1 stores
Line 0xea206373400 : 2 stores
Line 0x98f56909c1c0 : 4 stores
Line 0xea206372400 : 2 stores
Line 0x98f56907c480 : 1 stores
Line 0xea2063526c0 : 1 stores
Line 0xea206371c40 : 2 stores
Line 0x98f56907d540 : 2 stores
Line 0xea206353780 : 1 stores
Line 0xea206352780 : 1 stores
Line 0xea206371d40 : 4 stores
Line 0x98f56909d280 : 2 stores
Line 0xea2063734c0 : 4 stores
Line 0x98f56909c280 : 1 stores
Line 0xea2063724c0 : 3 stores
Line 0x98f56907d640 : 1 stores
Line 0xea206353880 : 2 stores
Line 0x98f56907c640 : 1 stores
Line 0xea206352880 : 3 stores
Line 0xea206371d00 : 5 stores
Line 0x98f56907d5c0 : 3 stores
Line 0xea206353800 : 1 stores
Line 0xea206371dc0 : 6 stores
Line 0x98f56905f080 : 1 stores
Line 0xea2063352c0 : 1 stores
Line 0x98f56909d300 : 1 stores
Line 0xea206373540 : 2 stores
Line 0x98f56909c300 : 4 stores
Line 0xea206372540 : 2 stores
Line 0x98f56907c5c0 : 1 stores
Line 0xea206352800 : 1 stores
Line 0xea206371d80 : 2 stores
Line 0x98f56907d680 : 2 stores
Line 0xea2063538c0 : 1 stores
Line 0xea2063528c0 : 1 stores
Line 0xea206371e80 : 4 stores
Line 0x98f56909d3c0 : 2 stores
Line 0xea206373600 : 4 stores
Line 0x98f56909c3c0 : 1 stores
Line 0xea206372600 : 3 stores
Line 0x98f56907d780 : 1 stores
Line 0xea2063539c0 : 2 stores
Line 0x98f56907c780 : 1 stores
Line 0xea2063529c0 : 3 stores
Line 0xea206371e40 : 5 stores
Line 0x98f56907d700 : 3 stores
Line 0xea206353940 : 1 stores
Line 0xea206371f00 : 6 stores
Line 0x98f56905f1c0 : 1 stores
Line 0xea206335400 : 1 stores
Line 0x98f56909d440 : 1 stores
Line 0xea206373680 : 2 stores
Line 0x98f56909c440 : 4 stores
Line 0xea206372680 : 2 stores
Line 0x98f56907c700 : 1 stores
Line 0xea206352940 : 1 stores
Line 0xea206371ec0 : 2 stores
Line 0x98f56907d7c0 : 2 stores
Line 0xea206353a00 : 1 stores
Line 0xea206352a00 : 1 stores
Line 0xea206371fc0 : 4 stores
Line 0x98f56909d500 : 2 stores
Line 0xea206373740 : 4 stores
Line 0x98f56909c500 : 1 stores
Line 0xea206372740 : 3 stores
Line 0x98f56907d8c0 : 1 stores
Line 0xea206353b00 : 2 stores
Line 0x98f56907c8c0 : 1 stores
Line 0xea206352b00 : 3 stores
Line 0xea206371f80 : 5 stores
Line 0x98f56907d840 : 3 stores
Line 0xea206353a80 : 1 stores
Line 0x98f56905f300 : 1 stores
Line 0xea206335540 : 1 stores
Line 0x98f56909d580 : 1 stores
Line 0xea2063737c0 : 2 stores
Line 0x98f56909c580 : 4 stores
Line 0xea2063727c0 : 2 stores
Line 0x98f56909ee00 : 2 stores
Line 0xea206375040 : 6 stores
Line 0x98f56907c840 : 1 stores
Line 0xea206352a80 : 1 stores
Line 0x98f56909edc0 : 2 stores
Line 0xea206375000 : 2 stores
Line 0x98f56907d900 : 2 stores
Line 0xea206353b40 : 1 stores
Line 0xea206352b40 : 1 stores
Line 0x98f56909eec0 : 1 stores
Line 0xea206375100 : 4 stores
Line 0x98f56909d640 : 2 stores
Line 0xea206373880 : 4 stores
Line 0x98f56909c640 : 1 stores
Line 0xea206372880 : 3 stores
Line 0x98f56907da00 : 1 stores
Line 0xea206353c40 : 2 stores
Line 0x98f56907ca00 : 1 stores
Line 0xea206352c40 : 3 stores
Line 0x98f56909ee80 : 4 stores
Line 0xea2063750c0 : 5 stores
Line 0x98f56907d980 : 3 stores
Line 0xea206353bc0 : 1 stores
Line 0x98f56909ef40 : 2 stores
Line 0xea206375180 : 6 stores
Line 0x98f56909d6c0 : 1 stores
Line 0xea206373900 : 2 stores
Line 0x98f56909c6c0 : 4 stores
Line 0xea206372900 : 2 stores
Line 0x98f56907c980 : 1 stores
Line 0xea206352bc0 : 1 stores
Line 0x98f56909ef00 : 2 stores
Line 0xea206375140 : 2 stores
Line 0x98f56907da40 : 2 stores
Line 0xea206353c80 : 1 stores
Line 0xea206352c80 : 1 stores
Line 0xea206375240 : 4 stores
Line 0x98f56909d780 : 2 stores
Line 0xea2063739c0 : 4 stores
Line 0x98f56909c780 : 1 stores
Line 0xea2063729c0 : 3 stores
Line 0x98f56907db40 : 1 stores
Line 0xea206353d80 : 2 stores
Line 0x98f56907cb40 : 1 stores
Line 0xea206352d80 : 3 stores
Line 0x98f56909efc0 : 4 stores
Line 0xea206375200 : 5 stores
Line 0x98f56907dac0 : 3 stores
Line 0xea206353d00 : 1 stores
Line 0xea2063752c0 : 6 stores
Line 0x98f56909c800 : 4 stores
Line 0xea206372a40 : 2 stores
Line 0x98f56909d800 : 1 stores
Line 0xea206373a40 : 2 stores
Line 0x98f56907cac0 : 1 stores
Line 0xea206352d00 : 1 stores
Line 0xea206375280 : 2 stores
Line 0xea206352dc0 : 1 stores
Line 0x98f56907db80 : 2 stores
Line 0xea206353dc0 : 1 stores
Line 0xea206375380 : 4 stores
Line 0x98f56909c8c0 : 1 stores
Line 0xea206372b00 : 3 stores
Line 0x98f56909d8c0 : 2 stores
Line 0xea206373b00 : 4 stores
Line 0x98f56907cc80 : 1 stores
Line 0xea206352ec0 : 3 stores
Line 0x98f56907dc80 : 1 stores
Line 0xea206353ec0 : 2 stores
Line 0xea206375340 : 5 stores
Line 0x98f56907dc00 : 3 stores
Line 0xea206353e40 : 1 stores
Line 0xea206375400 : 6 stores
Line 0x98f56909c940 : 4 stores
Line 0xea206372b80 : 2 stores
Line 0x98f56909d940 : 1 stores
Line 0xea206373b80 : 2 stores
Line 0x98f56907cc00 : 1 stores
Line 0xea206352e40 : 1 stores
Line 0xea2063753c0 : 2 stores
Line 0xea206352f00 : 1 stores
Line 0x98f56907dcc0 : 2 stores
Line 0xea206353f00 : 1 stores
Line 0xea2063754c0 : 4 stores
Line 0x98f56909ca00 : 1 stores
Line 0xea206372c40 : 3 stores
Line 0x98f56909da00 : 2 stores
Line 0xea206373c40 : 4 stores
Line 0x98f56907fdc0 : 1 stores
Line 0xea206356000 : 3 stores
Line 0xea206375480 : 5 stores
Line 0x98f569080dc0 : 1 stores
Line 0xea206357000 : 2 stores
Line 0x98f56907dd40 : 3 stores
Line 0xea206353f80 : 1 stores
Line 0xea206375540 : 6 stores
Line 0x98f56909ca80 : 4 stores
Line 0xea206372cc0 : 2 stores
Line 0x98f56909da80 : 1 stores
Line 0xea206373cc0 : 2 stores
Line 0x98f56907cd40 : 1 stores
Line 0xea206352f80 : 1 stores
Line 0xea206375500 : 2 stores
Line 0x98f56907fe00 : 4 stores
Line 0xea206356040 : 1 stores
Line 0x98f569080e00 : 3 stores
Line 0xea206357040 : 1 stores
Line 0xea206375600 : 4 stores
Line 0x98f56909cb40 : 1 stores
Line 0xea206372d80 : 3 stores
Line 0x98f56909db40 : 2 stores
Line 0xea206373d80 : 4 stores
Line 0x98f56907ff00 : 1 stores
Line 0xea206356140 : 3 stores
Line 0x98f569080f00 : 1 stores
Line 0xea206357140 : 2 stores
Line 0xea2063755c0 : 5 stores
Line 0x98f569080e80 : 2 stores
Line 0xea2063570c0 : 1 stores
Line 0xea206375680 : 6 stores
Line 0x98f56909cbc0 : 4 stores
Line 0xea206372e00 : 2 stores
Line 0x98f56909dbc0 : 1 stores
Line 0xea206373e00 : 2 stores
Line 0x98f56907fe80 : 2 stores
Line 0xea2063560c0 : 1 stores
Line 0xea206375640 : 2 stores
Line 0x98f56907ff40 : 4 stores
Line 0xea206356180 : 1 stores
Line 0x98f569080f40 : 3 stores
Line 0xea206357180 : 1 stores
Line 0xea206375740 : 4 stores
Line 0x98f56909cc80 : 1 stores
Line 0xea206372ec0 : 3 stores
Line 0x98f56909dc80 : 2 stores
Line 0xea206373ec0 : 4 stores
Line 0x98f569080040 : 3 stores
Line 0xea206356280 : 3 stores
Line 0xea206357280 : 2 stores
Line 0xea206375700 : 5 stores
Line 0x98f569080fc0 : 2 stores
Line 0xea206357200 : 1 stores
Line 0xea2063757c0 : 6 stores
Line 0x98f56909cd00 : 4 stores
Line 0xea206372f40 : 2 stores
Line 0x98f56909dd00 : 1 stores
Line 0xea206373f40 : 2 stores
Line 0x98f56907ffc0 : 2 stores
Line 0xea206356200 : 1 stores
Line 0xea206375780 : 2 stores
Line 0x98f569080080 : 1 stores
Line 0xea2063562c0 : 1 stores
Line 0x98f569081080 : 2 stores
Line 0xea2063572c0 : 1 stores
Line 0xea206375880 : 4 stores
Line 0x98f569080180 : 3 stores
Line 0xea2063563c0 : 3 stores
Line 0xea2063573c0 : 2 stores
Line 0xea206375840 : 5 stores
Line 0xea206376000 : 3 stores
Line 0x6c6f1e454d80 : 1 stores
Line 0x98f5690a0dc0 : 6 stores
Line 0xea206377000 : 4 stores
Line 0x98f569081100 : 1 stores
Line 0xea206357340 : 1 stores
Line 0xea206375900 : 6 stores
Line 0xea206376080 : 2 stores
Line 0x98f569080100 : 3 stores
Line 0xea206356340 : 1 stores
Line 0xea2063758c0 : 2 stores
Line 0x98f5690801c0 : 1 stores
Line 0xea206356400 : 1 stores
Line 0x98f5690811c0 : 2 stores
Line 0xea206357400 : 1 stores
Line 0xea2063759c0 : 4 stores
Line 0xea206376140 : 3 stores
Line 0x6c6f1e454ec0 : 1 stores
Line 0x98f5690a0f00 : 6 stores
Line 0xea206377140 : 4 stores
Line 0x98f5690802c0 : 3 stores
Line 0xea206356500 : 3 stores
Line 0xea206357500 : 2 stores
Line 0xea206375980 : 5 stores
Line 0x98f569081240 : 1 stores
Line 0xea206357480 : 1 stores
Line 0xea206375a40 : 6 stores
Line 0xea2063761c0 : 2 stores
Line 0x98f569080240 : 3 stores
Line 0xea206356480 : 1 stores
Line 0xea206375a00 : 2 stores
Line 0x98f569081300 : 2 stores
Line 0xea206357540 : 1 stores
Line 0x98f569080300 : 1 stores
Line 0xea206356540 : 1 stores
Line 0xea206375b00 : 4 stores
Line 0xea206357640 : 2 stores
Line 0x98f569080400 : 3 stores
Line 0xea206356640 : 3 stores
Line 0xea206375ac0 : 5 stores
Line 0x98f569081380 : 1 stores
Line 0xea2063575c0 : 1 stores
Line 0xea206375b80 : 6 stores
Line 0x98f569062e40 : 1 stores
Line 0xea206339080 : 1 stores
Line 0x98f569080380 : 3 stores
Line 0xea2063565c0 : 1 stores
Line 0xea206375b40 : 2 stores
Line 0x98f569080440 : 1 stores
Line 0xea206356680 : 1 stores
Line 0x98f569081440 : 2 stores
Line 0xea206357680 : 1 stores
Line 0xea206375c40 : 4 stores
Line 0x98f569080540 : 3 stores
Line 0xea206356780 : 3 stores
Line 0xea206357780 : 2 stores
Line 0xea206375c00 : 5 stores
Line 0x98f5690814c0 : 1 stores
Line 0xea206357700 : 1 stores
Line 0x98f569062f80 : 1 stores
Line 0xea2063391c0 : 1 stores
Line 0xea206375cc0 : 6 stores
Line 0x98f5690804c0 : 3 stores
Line 0xea206356700 : 1 stores
Line 0xea206375c80 : 2 stores
Line 0x98f569081580 : 2 stores
Line 0xea2063577c0 : 1 stores
Line 0x98f569080580 : 1 stores
Line 0xea2063567c0 : 1 stores
Line 0xea206375d80 : 4 stores
Line 0xea2063578c0 : 2 stores
Line 0x98f569080680 : 3 stores
Line 0xea2063568c0 : 3 stores
Line 0xea206375d40 : 5 stores
Line 0x98f569081600 : 1 stores
Line 0xea206357840 : 1 stores
Line 0xea206375e00 : 6 stores
Line 0xea206339300 : 1 stores
Line 0x98f569080600 : 3 stores
Line 0xea206356840 : 1 stores
Line 0xea206375dc0 : 2 stores
Line 0x98f5690816c0 : 2 stores
Line 0xea206357900 : 1 stores
Line 0x98f5690806c0 : 1 stores
Line 0xea206356900 : 1 stores
Line 0xea206375ec0 : 4 stores
Line 0xea206357a00 : 2 stores
Line 0x98f5690807c0 : 3 stores
Line 0xea206356a00 : 3 stores
Line 0xea206375e80 : 5 stores
Line 0x98f569081740 : 1 stores
Line 0xea206357980 : 1 stores
Line 0xea206375f40 : 6 stores
Line 0xea206339440 : 1 stores
Line 0x98f569080740 : 3 stores
Line 0xea206356980 : 1 stores
Line 0xea206375f00 : 2 stores
Line 0x98f569081800 : 2 stores
Line 0xea206357a40 : 1 stores
Line 0x98f569080800 : 1 stores
Line 0xea206356a40 : 1 stores
Line 0x6c6f1e455500 : 2 stores
Line 0x98f5690a1540 : 2 stores
Line 0xea206377780 : 4 stores
Line 0xea206357b40 : 2 stores
Line 0x98f569080900 : 3 stores
Line 0xea206356b40 : 3 stores
Line 0xea206375fc0 : 5 stores
Line 0x98f569081880 : 1 stores
Line 0xea206357ac0 : 1 stores
Line 0x6c6f1e456e00 : 1 stores
Line 0x98f5690a2e40 : 3 stores
Line 0xea206379080 : 6 stores
Line 0xea206339580 : 1 stores
Line 0x98f569080880 : 3 stores
Line 0xea206356ac0 : 1 stores
Line 0x6c6f1e456dc0 : 3 stores
Line 0x98f5690a2e00 : 2 stores
Line 0xea206379040 : 2 stores
Line 0x98f569081940 : 2 stores
Line 0xea206357b80 : 1 stores
Line 0x98f569080940 : 1 stores
Line 0xea206356b80 : 1 stores
Line 0x6c6f1e455640 : 2 stores
Line 0x98f5690a1680 : 2 stores
Line 0xea2063778c0 : 4 stores
Line 0xea206357c80 : 2 stores
Line 0x98f569080a40 : 3 stores
Line 0xea206356c80 : 3 stores
Line 0x6c6f1e456e80 : 1 stores
Line 0x98f5690a2ec0 : 3 stores
Line 0xea206379100 : 5 stores
Line 0x98f5690819c0 : 1 stores
Line 0xea206357c00 : 1 stores
Line 0x6c6f1e456f40 : 1 stores
Line 0x98f5690a2f80 : 3 stores
Line 0xea2063791c0 : 6 stores
Line 0xea2063396c0 : 1 stores
Line 0x98f5690809c0 : 3 stores
Line 0xea206356c00 : 1 stores
Line 0x6c6f1e456f00 : 3 stores
Line 0x98f5690a2f40 : 2 stores
Line 0xea206379180 : 2 stores
Line 0x98f569080a80 : 1 stores
Line 0xea206356cc0 : 1 stores
Line 0x98f569081a80 : 2 stores
Line 0xea206357cc0 : 1 stores
Line 0xea206379280 : 4 stores
Line 0x6c6f1e455780 : 2 stores
Line 0x98f5690a17c0 : 2 stores
Line 0xea206377a00 : 4 stores
Line 0x98f569080b80 : 3 stores
Line 0xea206356dc0 : 3 stores
Line 0xea206357dc0 : 2 stores
Line 0x6c6f1e456fc0 : 1 stores
Line 0xea206379240 : 5 stores
Line 0x98f569081b00 : 1 stores
Line 0xea206357d40 : 1 stores
Line 0xea206339800 : 1 stores
Line 0xea206379300 : 6 stores
Line 0x98f569080b00 : 3 stores
Line 0xea206356d40 : 1 stores
Line 0xea2063792c0 : 2 stores
Line 0x98f569080bc0 : 1 stores
Line 0xea206356e00 : 1 stores
Line 0x98f569081bc0 : 2 stores
Line 0xea206357e00 : 1 stores
Line 0xea2063793c0 : 4 stores
Line 0x6c6f1e4558c0 : 2 stores
Line 0x98f5690a1900 : 2 stores
Line 0xea206377b40 : 4 stores
Line 0x98f569080cc0 : 3 stores
Line 0xea206356f00 : 3 stores
Line 0xea206357f00 : 2 stores
Line 0xea206379380 : 5 stores
Line 0x98f569081c40 : 1 stores
Line 0xea206357e80 : 1 stores
Line 0xea206339940 : 1 stores
Line 0xea206379440 : 6 stores
Line 0x98f569080c40 : 3 stores
Line 0xea206356e80 : 1 stores
Line 0xea206379400 : 2 stores
Line 0x98f569080d00 : 1 stores
Line 0xea206356f40 : 1 stores
Line 0x98f569081d00 : 2 stores
Line 0xea206357f40 : 1 stores
Line 0xea206379500 : 4 stores
Line 0x6c6f1e455a00 : 2 stores
Line 0x98f5690a1a40 : 2 stores
Line 0xea206377c80 : 4 stores
Line 0xea20635a040 : 3 stores
Line 0x98f569084e00 : 4 stores
Line 0xea20635b040 : 2 stores
Line 0xea2063794c0 : 5 stores
Line 0x98f569081d80 : 1 stores
Line 0xea206357fc0 : 1 stores
Line 0xea206339a80 : 1 stores
Line 0xea206379580 : 6 stores
Line 0x98f569080d80 : 3 stores
Line 0xea206356fc0 : 1 stores
Line 0xea206379540 : 2 stores
Line 0xea20635a080 : 1 stores
Line 0x98f569084e40 : 2 stores
Line 0xea20635b080 : 1 stores
Line 0xea206379640 : 4 stores
Line 0x6c6f1e455b40 : 2 stores
Line 0x98f5690a1b80 : 2 stores
Line 0xea206377dc0 : 4 stores
Line 0xea20635a180 : 3 stores
Line 0x98f569084f40 : 4 stores
Line 0xea20635b180 : 2 stores
Line 0xea206379600 : 5 stores
Line 0x98f569084ec0 : 1 stores
Line 0xea20635b100 : 1 stores
Line 0xea206339bc0 : 1 stores
Line 0xea2063796c0 : 6 stores
Line 0xea20635a100 : 1 stores
Line 0xea206379680 : 2 stores
Line 0xea20635a1c0 : 1 stores
Line 0x98f569084f80 : 2 stores
Line 0xea20635b1c0 : 1 stores
Line 0xea206379780 : 4 stores
Line 0x6c6f1e455c80 : 2 stores
Line 0x98f5690a1cc0 : 2 stores
Line 0xea206377f00 : 4 stores
Line 0x98f569084080 : 2 stores
Line 0xea20635a2c0 : 3 stores
Line 0x98f569085080 : 4 stores
Line 0xea20635b2c0 : 2 stores
Line 0xea206379740 : 5 stores
Line 0x98f569085000 : 2 stores
Line 0xea20635b240 : 1 stores
Line 0xea206339d00 : 1 stores
Line 0xea206379800 : 6 stores
Line 0x98f569084000 : 5 stores
Line 0xea20635a240 : 1 stores
Line 0xea2063797c0 : 2 stores
Line 0x98f5690840c0 : 6 stores
Line 0xea20635a300 : 1 stores
Line 0x98f5690850c0 : 1 stores
Line 0xea20635b300 : 1 stores
Line 0xea2063798c0 : 4 stores
Line 0x98f5690841c0 : 2 stores
Line 0xea20635a400 : 3 stores
Line 0x98f5690851c0 : 4 stores
Line 0xea20635b400 : 2 stores
Line 0xea20637a040 : 3 stores
Line 0x6c6f1e458dc0 : 1 stores
Line 0x98f5690a4e00 : 6 stores
Line 0xea20637b040 : 4 stores
Line 0xea206379880 : 5 stores
Line 0x98f569085140 : 2 stores
Line 0xea20635b380 : 1 stores
Line 0xea206379940 : 6 stores
Line 0xea206339e40 : 1 stores
Line 0xea20637a0c0 : 2 stores
Line 0x98f569084140 : 5 stores
Line 0xea20635a380 : 1 stores
Line 0xea206379900 : 2 stores
Line 0x98f569085200 : 1 stores
Line 0xea20635b440 : 1 stores
Line 0x98f569084200 : 6 stores
Line 0xea20635a440 : 1 stores
Line 0xea206379a00 : 4 stores
Line 0x6c6f1e458f00 : 1 stores
Line 0x98f5690a4f40 : 6 stores
Line 0xea20637b180 : 4 stores
Line 0xea20637a180 : 3 stores
Line 0x98f569085300 : 4 stores
Line 0xea20635b540 : 2 stores
Line 0x98f569084300 : 2 stores
Line 0xea20635a540 : 3 stores
Line 0xea2063799c0 : 5 stores
Line 0x98f569085280 : 2 stores
Line 0xea20635b4c0 : 1 stores
Line 0xea206379a80 : 6 stores
Line 0xea206339f80 : 1 stores
Line 0xea20637a200 : 2 stores
Line 0x98f569084280 : 5 stores
Line 0xea20635a4c0 : 1 stores
Line 0xea206379a40 : 2 stores
Line 0x98f569085340 : 1 stores
Line 0xea20635b580 : 1 stores
Line 0x98f569084340 : 6 stores
Line 0xea20635a580 : 1 stores
Line 0xea206379b40 : 4 stores
Line 0x98f5690a5080 : 2 stores
Line 0xea20637b2c0 : 4 stores
Line 0x98f569085440 : 4 stores
Line 0xea20635b680 : 2 stores
Line 0x98f569084440 : 2 stores
Line 0xea20635a680 : 3 stores
Line 0xea206379b00 : 5 stores
Line 0x98f5690853c0 : 2 stores
Line 0xea20635b600 : 1 stores
Line 0xea206379bc0 : 6 stores
Line 0x98f569066e80 : 4 stores
Line 0xea20633d0c0 : 1 stores
Line 0x98f5690a5100 : 1 stores
Line 0xea20637b340 : 2 stores
Line 0x98f5690843c0 : 5 stores
Line 0xea20635a600 : 1 stores
Line 0xea206379b80 : 2 stores
Line 0x98f569084480 : 6 stores
Line 0xea20635a6c0 : 1 stores
Line 0x98f569085480 : 1 stores
Line 0xea20635b6c0 : 1 stores
Line 0xea206379c80 : 4 stores
Line 0x98f5690a51c0 : 2 stores
Line 0xea20637b400 : 4 stores
Line 0x98f569084580 : 2 stores
Line 0xea20635a7c0 : 3 stores
Line 0x98f569085580 : 4 stores
Line 0xea20635b7c0 : 2 stores
Line 0xea206379c40 : 5 stores
Line 0x98f569085500 : 2 stores
Line 0xea20635b740 : 1 stores
Line 0x98f569066fc0 : 4 stores
Line 0xea20633d200 : 1 stores
Line 0xea206379d00 : 6 stores
Line 0x98f5690a5240 : 1 stores
Line 0xea20637b480 : 2 stores
Line 0x98f569084500 : 5 stores
Line 0xea20635a740 : 1 stores
Line 0xea206379cc0 : 2 stores
Line 0x98f5690845c0 : 6 stores
Line 0xea20635a800 : 1 stores
Line 0x98f5690855c0 : 1 stores
Line 0xea20635b800 : 1 stores
Line 0xea206379dc0 : 4 stores
Line 0x98f5690a5300 : 2 stores
Line 0xea20637b540 : 4 stores
Line 0x98f5690846c0 : 2 stores
Line 0xea20635a900 : 3 stores
Line 0x98f5690856c0 : 4 stores
Line 0xea20635b900 : 2 stores
Line 0xea206379d80 : 5 stores
Line 0x98f569085640 : 2 stores
Line 0xea20635b880 : 1 stores
Line 0xea206379e40 : 6 stores
Line 0xea20633d340 : 1 stores
Line 0x98f5690a5380 : 1 stores
Line 0xea20637b5c0 : 2 stores
Line 0x98f569084640 : 5 stores
Line 0xea20635a880 : 1 stores
Line 0xea206379e00 : 2 stores
Line 0x98f569085700 : 1 stores
Line 0xea20635b940 : 1 stores
Line 0x98f569084700 : 6 stores
Line 0xea20635a940 : 1 stores
Line 0xea206379f00 : 4 stores
Line 0x98f5690a5440 : 2 stores
Line 0xea20637b680 : 4 stores
Line 0x98f569085800 : 4 stores
Line 0xea20635ba40 : 2 stores
Line 0x98f569084800 : 2 stores
Line 0xea20635aa40 : 3 stores
Line 0xea206379ec0 : 5 stores
Line 0x98f569085780 : 2 stores
Line 0xea20635b9c0 : 1 stores
Line 0xea206379f80 : 6 stores
Line 0xea20633d480 : 1 stores
Line 0x98f5690a54c0 : 1 stores
Line 0xea20637b700 : 2 stores
Line 0x98f569084780 : 5 stores
Line 0xea20635a9c0 : 1 stores
Line 0xea206379f40 : 2 stores
Line 0x98f569084840 : 6 stores
Line 0xea20635aa80 : 1 stores
Line 0x98f569085840 : 1 stores
Line 0xea20635ba80 : 1 stores
Line 0x98f5690a5580 : 2 stores
Line 0xea20637b7c0 : 4 stores
Line 0x98f569084940 : 2 stores
Line 0xea20635ab80 : 3 stores
Line 0x98f569085940 : 4 stores
Line 0xea20635bb80 : 2 stores
Line 0x98f5690858c0 : 2 stores
Line 0xea20635bb00 : 1 stores
Line 0xea20633d5c0 : 1 stores
Line 0x98f5690a6e00 : 1 stores
Line 0xea20637d040 : 4 stores
Line 0x98f5690a6e80 : 2 stores
Line 0xea20637d0c0 : 6 stores
Line 0x98f5690a6dc0 : 4 stores
Line 0xea20637d000 : 5 stores
Line 0x98f5690a5600 : 1 stores
Line 0xea20637b840 : 2 stores
Line 0x98f5690848c0 : 5 stores
Line 0xea20635ab00 : 1 stores
Line 0x98f5690a6e40 : 2 stores
Line 0xea20637d080 : 2 stores
Line 0x98f569084980 : 6 stores
Line 0xea20635abc0 : 1 stores
Line 0x98f569085980 : 1 stores
Line 0xea20635bbc0 : 1 stores
Line 0x98f5690a6f40 : 1 stores
Line 0xea20637d180 : 4 stores
Line 0x98f5690a56c0 : 2 stores
Line 0xea20637b900 : 4 stores
Line 0x98f569084a80 : 2 stores
Line 0xea20635acc0 : 3 stores
Line 0x98f569085a80 : 4 stores
Line 0xea20635bcc0 : 2 stores
Line 0x98f5690a6f00 : 4 stores
Line 0xea20637d140 : 5 stores
Line 0x98f569085a00 : 2 stores
Line 0xea20635bc40 : 1 stores
Line 0xea20633d700 : 1 stores
Line 0x98f5690a6fc0 : 2 stores
Line 0xea20637d200 : 6 stores
Line 0x98f5690a5740 : 1 stores
Line 0xea20637b980 : 2 stores
Line 0x98f569084a00 : 5 stores
Line 0xea20635ac40 : 1 stores
Line 0x98f5690a6f80 : 2 stores
Line 0xea20637d1c0 : 2 stores
Line 0x98f569084ac0 : 6 stores
Line 0xea20635ad00 : 1 stores
Line 0x98f569085ac0 : 1 stores
Line 0xea20635bd00 : 1 stores
Line 0xea20637d2c0 : 4 stores
Line 0x98f5690a5800 : 2 stores
Line 0xea20637ba40 : 4 stores
Line 0x98f569084bc0 : 2 stores
Line 0xea20635ae00 : 3 stores
Line 0x98f569085bc0 : 4 stores
Line 0xea20635be00 : 2 stores
Line 0xea20637d280 : 5 stores
Line 0x98f569085b40 : 2 stores
Line 0xea20635bd80 : 1 stores
Line 0xea20633d840 : 1 stores
Line 0xea20637d340 : 6 stores
Line 0x98f5690a5880 : 1 stores
Line 0xea20637bac0 : 2 stores
Line 0x98f569084b40 : 5 stores
Line 0xea20635ad80 : 1 stores
Line 0xea20637d300 : 2 stores
Line 0x98f569084c00 : 6 stores
Line 0xea20635ae40 : 1 stores
Line 0x98f569085c00 : 1 stores
Line 0xea20635be40 : 1 stores
Line 0xea20637d400 : 4 stores
Line 0x98f5690a5940 : 2 stores
Line 0xea20637bb80 : 4 stores
Line 0x98f569084d00 : 2 stores
Line 0xea20635af40 : 3 stores
Line 0x98f569085d00 : 4 stores
Line 0xea20635bf40 : 2 stores
Line 0xea20637d3c0 : 5 stores
Line 0x98f569085c80 : 2 stores
Line 0xea20635bec0 : 1 stores
Line 0xea20633d980 : 1 stores
Line 0xea20637d480 : 6 stores
Line 0x98f5690a59c0 : 1 stores
Line 0xea20637bc00 : 2 stores
Line 0x98f569084c80 : 5 stores
Line 0xea20635aec0 : 1 stores
Line 0xea20637d440 : 2 stores
Line 0x98f569084d40 : 6 stores
Line 0xea20635af80 : 1 stores
Line 0x98f569085d40 : 1 stores
Line 0xea20635bf80 : 1 stores
Line 0xea20637d540 : 4 stores
Line 0x98f5690a5a80 : 2 stores
Line 0xea20637bcc0 : 4 stores
Line 0xea20635e080 : 3 stores
Line 0x98f569088e40 : 4 stores
Line 0xea20635f080 : 2 stores
Line 0xea20637d500 : 5 stores
Line 0x98f569088dc0 : 1 stores
Line 0xea20635f000 : 1 stores
Line 0xea20633dac0 : 1 stores
Line 0xea20637d5c0 : 6 stores
Line 0x98f5690a5b00 : 1 stores
Line 0xea20637bd40 : 2 stores
Line 0xea20635e000 : 1 stores
Line 0xea20637d580 : 2 stores
Line 0xea20635e0c0 : 1 stores
Line 0x98f569088e80 : 2 stores
Line 0xea20635f0c0 : 1 stores
Line 0xea20637d680 : 4 stores
Line 0x98f5690a5bc0 : 2 stores
Line 0xea20637be00 : 4 stores
Line 0xea20635e1c0 : 3 stores
Line 0x98f569088f80 : 4 stores
Line 0xea20635f1c0 : 2 stores
Line 0xea20637d640 : 5 stores
Line 0x98f569088f00 : 1 stores
Line 0xea20635f140 : 1 stores
Line 0xea20633dc00 : 1 stores
Line 0xea20637d700 : 6 stores
Line 0x98f5690a5c40 : 1 stores
Line 0xea20637be80 : 2 stores
Line 0xea20635e140 : 1 stores
Line 0xea20637d6c0 : 2 stores
Line 0xea20635e200 : 1 stores
Line 0x98f569088fc0 : 2 stores
Line 0xea20635f200 : 1 stores
Line 0xea20637d7c0 : 4 stores
Line 0x98f5690a5d00 : 2 stores
Line 0xea20637bf40 : 4 stores
Line 0x98f5690880c0 : 2 stores
Line 0xea20635e300 : 3 stores
Line 0x98f5690890c0 : 4 stores
Line 0xea20635f300 : 2 stores
Line 0xea20637d780 : 5 stores
Line 0x98f569089040 : 2 stores
Line 0xea20635f280 : 1 stores
Line 0xea20633dd40 : 1 stores
Line 0xea20637d840 : 6 stores
Line 0x98f5690a5d80 : 1 stores
Line 0xea20637bfc0 : 2 stores
Line 0x98f569088040 : 5 stores
Line 0xea20635e280 : 1 stores
Line 0xea20637d800 : 2 stores
Line 0x98f569088100 : 6 stores
Line 0xea20635e340 : 1 stores
Line 0x98f569089100 : 1 stores
Line 0xea20635f340 : 1 stores
Line 0xea20637d900 : 4 stores
Line 0x98f569088200 : 2 stores
Line 0xea20635e440 : 3 stores
Line 0x98f569089200 : 4 stores
Line 0xea20635f440 : 2 stores
Line 0xea20637d8c0 : 5 stores
Line 0xea20637e080 : 3 stores
Line 0x98f5690a8e40 : 6 stores
Line 0xea20637f080 : 4 stores
Line 0x98f569089180 : 2 stores
Line 0xea20635f3c0 : 1 stores
Line 0xea20633de80 : 1 stores
Line 0xea20637d980 : 6 stores
Line 0xea20637e100 : 2 stores
Line 0x98f5690a8ec0 : 5 stores
Line 0xea20637f100 : 2 stores
Line 0x98f569088180 : 5 stores
Line 0xea20635e3c0 : 1 stores
Line 0xea20637d940 : 2 stores
Line 0x98f569088240 : 6 stores
Line 0xea20635e480 : 1 stores
Line 0x98f569089240 : 1 stores
Line 0xea20635f480 : 1 stores
Line 0xea20637da40 : 4 stores
Line 0xea20637e1c0 : 3 stores
Line 0x98f5690a8f80 : 6 stores
Line 0xea20637f1c0 : 4 stores
Line 0x98f569088340 : 2 stores
Line 0xea20635e580 : 3 stores
Line 0x98f569089340 : 4 stores
Line 0xea20635f580 : 2 stores
Line 0xea20637da00 : 5 stores
Line 0x98f5690892c0 : 2 stores
Line 0xea20635f500 : 1 stores
Line 0xea20633dfc0 : 1 stores
Line 0xea20637dac0 : 6 stores
Line 0x98f5690a8000 : 4 stores
Line 0xea20637e240 : 2 stores
Line 0x98f5690a9000 : 1 stores
Line 0xea20637f240 : 2 stores
Line 0x98f5690882c0 : 5 stores
Line 0xea20635e500 : 1 stores
Line 0xea20637da80 : 2 stores
Line 0x98f569088380 : 6 stores
Line 0xea20635e5c0 : 1 stores
Line 0x98f569089380 : 1 stores
Line 0xea20635f5c0 : 1 stores
Line 0xea20637db80 : 4 stores
Line 0x98f5690a80c0 : 1 stores
Line 0xea20637e300 : 3 stores
Line 0x98f5690a90c0 : 2 stores
Line 0xea20637f300 : 4 stores
Line 0x98f569088480 : 2 stores
Line 0xea20635e6c0 : 3 stores
Line 0x98f569089480 : 4 stores
Line 0xea20635f6c0 : 2 stores
Line 0xea20637db40 : 5 stores
Line 0x98f569089400 : 2 stores
Line 0xea20635f640 : 1 stores
Line 0x98f56906aec0 : 2 stores
Line 0xea206341100 : 1 stores
Line 0xea20637dc00 : 6 stores
Line 0x98f5690a8140 : 4 stores
Line 0xea20637e380 : 2 stores
Line 0x98f5690a9140 : 1 stores
Line 0xea20637f380 : 2 stores
Line 0x98f569088400 : 5 stores
Line 0xea20635e640 : 1 stores
Line 0xea20637dbc0 : 2 stores
Line 0x98f5690884c0 : 6 stores
Line 0xea20635e700 : 1 stores
Line 0x98f5690894c0 : 1 stores
Line 0xea20635f700 : 1 stores
Line 0xea20637dcc0 : 4 stores
Line 0x98f5690a8200 : 1 stores
Line 0xea20637e440 : 3 stores
Line 0x98f5690a9200 : 2 stores
Line 0xea20637f440 : 4 stores
Line 0x98f5690885c0 : 2 stores
Line 0xea20635e800 : 3 stores
Line 0x98f5690895c0 : 4 stores
Line 0xea20635f800 : 2 stores
Line 0xea20637dc80 : 5 stores
Line 0x98f569089540 : 2 stores
Line 0xea20635f780 : 1 stores
Line 0x98f56906b000 : 1 stores
Line 0xea206341240 : 1 stores
Line 0xea20637dd40 : 6 stores
Line 0x98f5690a8280 : 4 stores
Line 0xea20637e4c0 : 2 stores
Line 0x98f5690a9280 : 1 stores
Line 0xea20637f4c0 : 2 stores
Line 0x98f569088540 : 5 stores
Line 0xea20635e780 : 1 stores
Line 0xea20637dd00 : 2 stores
Line 0x98f569088600 : 6 stores
Line 0xea20635e840 : 1 stores
Line 0x98f569089600 : 1 stores
Line 0xea20635f840 : 1 stores
Line 0xea20637de00 : 4 stores
Line 0x98f5690a8340 : 1 stores
Line 0xea20637e580 : 3 stores
Line 0x98f5690a9340 : 2 stores
Line 0xea20637f580 : 4 stores
Line 0x98f569088700 : 2 stores
Line 0xea20635e940 : 3 stores
Line 0x98f569089700 : 4 stores
Line 0xea20635f940 : 2 stores
Line 0xea20637ddc0 : 5 stores
Line 0x98f569089680 : 2 stores
Line 0xea20635f8c0 : 1 stores
Line 0x98f56906b140 : 1 stores
Line 0xea206341380 : 1 stores
Line 0xea20637de80 : 6 stores
Line 0x98f5690a83c0 : 4 stores
Line 0xea20637e600 : 2 stores
Line 0x98f5690a93c0 : 1 stores
Line 0xea20637f600 : 2 stores
Line 0x98f569088680 : 5 stores
Line 0xea20635e8c0 : 1 stores
Line 0xea20637de40 : 2 stores
Line 0x98f569089740 : 1 stores
Line 0xea20635f980 : 1 stores
Line 0x98f569088740 : 6 stores
Line 0xea20635e980 : 1 stores
Line 0xea20637df40 : 4 stores
Line 0x98f5690a9480 : 2 stores
Line 0xea20637f6c0 : 4 stores
Line 0x98f5690a8480 : 1 stores
Line 0xea20637e6c0 : 3 stores
Line 0x98f569089840 : 4 stores
Line 0xea20635fa80 : 2 stores
Line 0x98f569088840 : 2 stores
Line 0xea20635ea80 : 3 stores
Line 0xea20637df00 : 5 stores
Line 0x98f5690897c0 : 2 stores
Line 0xea20635fa00 : 1 stores
Line 0x98f56906b280 : 1 stores
Line 0xea2063414c0 : 1 stores
Line 0xea20637dfc0 : 6 stores
Line 0x98f5690a8500 : 4 stores
Line 0xea20637e740 : 2 stores
Line 0x98f5690a9500 : 1 stores
Line 0xea20637f740 : 2 stores
Line 0x98f5690887c0 : 5 stores
Line 0xea20635ea00 : 1 stores
Line 0xea20637df80 : 2 stores
Line 0x98f569088880 : 6 stores
Line 0xea20635eac0 : 1 stores
Line 0x98f569089880 : 1 stores
Line 0xea20635fac0 : 1 stores
Line 0x98f5690a85c0 : 1 stores
Line 0xea20637e800 : 3 stores
Line 0x98f5690a95c0 : 2 stores
Line 0xea20637f800 : 4 stores
Line 0x98f569088980 : 2 stores
Line 0xea20635ebc0 : 3 stores
Line 0x98f569089980 : 4 stores
Line 0xea20635fbc0 : 2 stores
Line 0x98f569089900 : 2 stores
Line 0xea20635fb40 : 1 stores
Line 0x98f56906b3c0 : 1 stores
Line 0xea206341600 : 1 stores
Line 0x98f5690aae40 : 1 stores
Line 0xea206381080 : 4 stores
Line 0x98f5690aae00 : 4 stores
Line 0xea206381040 : 5 stores
Line 0x98f5690aaec0 : 2 stores
Line 0xea206381100 : 6 stores
Line 0x98f5690a8640 : 4 stores
Line 0xea20637e880 : 2 stores
Line 0x98f5690a9640 : 1 stores
Line 0xea20637f880 : 2 stores
Line 0x98f569088900 : 5 stores
Line 0xea20635eb40 : 1 stores
Line 0x98f5690aae80 : 2 stores
Line 0xea2063810c0 : 2 stores
Line 0x98f5690889c0 : 6 stores
Line 0xea20635ec00 : 1 stores
Line 0x98f5690899c0 : 1 stores
Line 0xea20635fc00 : 1 stores
Line 0x98f5690aaf80 : 1 stores
Line 0xea2063811c0 : 4 stores
Line 0x98f5690a8700 : 1 stores
Line 0xea20637e940 : 3 stores
Line 0x98f5690a9700 : 2 stores
Line 0xea20637f940 : 4 stores
Line 0x98f569088ac0 : 2 stores
Line 0xea20635ed00 : 3 stores
Line 0x98f569089ac0 : 4 stores
Line 0xea20635fd00 : 2 stores
Line 0x98f5690aaf40 : 4 stores
Line 0xea206381180 : 5 stores
Line 0x98f569089a40 : 2 stores
Line 0xea20635fc80 : 1 stores
Line 0x98f56906b500 : 1 stores
Line 0xea206341740 : 1 stores
Line 0xea206381240 : 6 stores
Line 0x98f5690a8780 : 4 stores
Line 0xea20637e9c0 : 2 stores
Line 0x98f5690a9780 : 1 stores
Line 0xea20637f9c0 : 2 stores
Line 0x98f569088a40 : 5 stores
Line 0xea20635ec80 : 1 stores
Line 0x98f5690aafc0 : 2 stores
Line 0xea206381200 : 2 stores
Line 0x98f569089b00 : 1 stores
Line 0xea20635fd40 : 1 stores
Line 0x98f569088b00 : 6 stores
Line 0xea20635ed40 : 1 stores
Line 0xea206381300 : 4 stores
Line 0x98f5690a9840 : 2 stores
Line 0xea20637fa80 : 4 stores
Line 0x98f5690a8840 : 1 stores
Line 0xea20637ea80 : 3 stores
Line 0x98f569089c00 : 4 stores
Line 0xea20635fe40 : 2 stores
Line 0x98f569088c00 : 2 stores
Line 0xea20635ee40 : 3 stores
Line 0xea2063812c0 : 5 stores
Line 0x98f569089b80 : 2 stores
Line 0xea20635fdc0 : 1 stores
Line 0xea206381380 : 6 stores
Line 0x98f56906b640 : 1 stores
Line 0xea206341880 : 1 stores
Line 0x98f5690a98c0 : 1 stores
Line 0xea20637fb00 : 2 stores
Line 0x98f5690a88c0 : 4 stores
Line 0xea20637eb00 : 2 stores
Line 0x98f569088b80 : 5 stores
Line 0xea20635edc0 : 1 stores
Line 0xea206381340 : 2 stores
Line 0x98f569089c40 : 1 stores
Line 0xea20635fe80 : 1 stores
Line 0x98f569088c40 : 6 stores
Line 0xea20635ee80 : 1 stores
Line 0xea206381440 : 4 stores
Line 0x98f5690a9980 : 2 stores
Line 0xea20637fbc0 : 4 stores
Line 0x98f5690a8980 : 1 stores
Line 0xea20637ebc0 : 3 stores
Line 0x98f569089d40 : 4 stores
Line 0xea20635ff80 : 2 stores
Line 0x98f569088d40 : 2 stores
Line 0xea20635ef80 : 3 stores
Line 0xea206381400 : 5 stores
Line 0x98f569089cc0 : 2 stores
Line 0xea20635ff00 : 1 stores
Line 0xea2063814c0 : 6 stores
Line 0x98f56906b780 : 1 stores
Line 0xea2063419c0 : 1 stores
Line 0x98f5690a9a00 : 1 stores
Line 0xea20637fc40 : 2 stores
Line 0x98f5690a8a00 : 4 stores
Line 0xea20637ec40 : 2 stores
Line 0x98f569088cc0 : 5 stores
Line 0xea20635ef00 : 1 stores
Line 0xea206381480 : 2 stores
Line 0x98f569089d80 : 1 stores
Line 0xea20635ffc0 : 1 stores
Line 0x98f569088d80 : 6 stores
Line 0xea20635efc0 : 1 stores
Line 0xea206381580 : 4 stores
Line 0x98f5690a9ac0 : 2 stores
Line 0xea20637fd00 : 4 stores
Line 0x98f5690a8ac0 : 1 stores
Line 0xea20637ed00 : 3 stores
Line 0xea2063620c0 : 2 stores
Line 0x98f56908ce80 : 4 stores
Line 0xea2063630c0 : 3 stores
Line 0xea206381540 : 5 stores
Line 0xea206362040 : 1 stores
Line 0xea206381600 : 6 stores
Line 0x98f56906b8c0 : 1 stores
Line 0xea206341b00 : 1 stores
Line 0x98f5690a9b40 : 1 stores
Line 0xea20637fd80 : 2 stores
Line 0x98f5690a8b40 : 4 stores
Line 0xea20637ed80 : 2 stores
Line 0x98f56908ce00 : 1 stores
Line 0xea206363040 : 1 stores
Line 0xea2063815c0 : 2 stores
Line 0xea206362100 : 1 stores
Line 0x98f56908cec0 : 2 stores
Line 0xea206363100 : 1 stores
Line 0xea2063816c0 : 4 stores
Line 0x98f5690a9c00 : 2 stores
Line 0xea20637fe40 : 4 stores
Line 0x98f5690a8c00 : 1 stores
Line 0xea20637ee40 : 3 stores
Line 0xea206362200 : 2 stores
Line 0x98f56908cfc0 : 4 stores
Line 0xea206363200 : 3 stores
Line 0xea206381680 : 5 stores
Line 0xea206362180 : 1 stores
Line 0xea206381740 : 6 stores
Line 0x98f56906ba00 : 1 stores
Line 0xea206341c40 : 1 stores
Line 0x98f5690a9c80 : 1 stores
Line 0xea20637fec0 : 2 stores
Line 0x98f5690a8c80 : 4 stores
Line 0xea20637eec0 : 2 stores
Line 0x98f56908cf40 : 1 stores
Line 0xea206363180 : 1 stores
Line 0xea206381700 : 2 stores
Line 0x98f56908d000 : 1 stores
Line 0xea206363240 : 1 stores
Line 0x98f56908c000 : 6 stores
Line 0xea206362240 : 1 stores
Line 0xea206381800 : 4 stores
Line 0x98f5690a8d40 : 1 stores
Line 0xea20637ef80 : 3 stores
Line 0x98f5690a9d40 : 2 stores
Line 0xea20637ff80 : 4 stores
Line 0x98f56908d100 : 3 stores
Line 0xea206363340 : 3 stores
Line 0x98f56908c100 : 2 stores
Line 0xea206362340 : 2 stores
Line 0xea2063817c0 : 5 stores
Line 0x98f56908c080 : 5 stores
Line 0xea2063622c0 : 1 stores
Line 0x98f56906bb40 : 1 stores
Line 0xea206341d80 : 1 stores
Line 0xea206381880 : 6 stores
Line 0x98f56908d080 : 3 stores
Line 0xea2063632c0 : 1 stores
Line 0xea206381840 : 2 stores
Line 0x98f56908d140 : 1 stores
Line 0xea206363380 : 1 stores
Line 0x98f56908c140 : 6 stores
Line 0xea206362380 : 1 stores
Line 0xea206381940 : 4 stores
Line 0xea206382000 : 2 stores
Line 0xea2063820c0 : 3 stores
Line 0x98f56908d240 : 3 stores
Line 0xea206363480 : 3 stores
Line 0x98f5690acdc0 : 5 stores
Line 0xea206383000 : 2 stores
Line 0x98f5690ace80 : 6 stores
Line 0xea2063830c0 : 4 stores
Line 0x98f56908c240 : 2 stores
Line 0xea206362480 : 2 stores
Line 0xea206381900 : 5 stores
Line 0x98f56908c1c0 : 5 stores
Line 0xea206362400 : 1 stores
Line 0x98f56906bc80 : 1 stores
Line 0xea206341ec0 : 1 stores
Line 0xea2063819c0 : 6 stores
Line 0xea206382140 : 2 stores
Line 0x98f5690acf00 : 5 stores
Line 0xea206383140 : 2 stores
Line 0x98f56908d1c0 : 3 stores
Line 0xea206363400 : 1 stores
Line 0xea206381980 : 2 stores
Line 0x98f56908d280 : 1 stores
Line 0xea2063634c0 : 1 stores
Line 0x98f56908c280 : 6 stores
Line 0xea2063624c0 : 1 stores
Line 0xea206381a80 : 4 stores
Line 0xea206382200 : 3 stores
Line 0x98f5690acfc0 : 6 stores
Line 0xea206383200 : 4 stores
Line 0x98f56908d380 : 3 stores
Line 0xea2063635c0 : 3 stores
Line 0x98f56908c380 : 2 stores
Line 0xea2063625c0 : 2 stores
Line 0xea206381a40 : 5 stores
Line 0x98f56908c300 : 5 stores
Line 0xea206362540 : 1 stores
Line 0xea206381b00 : 6 stores
Line 0xea206345000 : 1 stores
Line 0x98f5690ad040 : 1 stores
Line 0xea206383280 : 2 stores
Line 0x98f5690ac040 : 4 stores
Line 0xea206382280 : 2 stores
Line 0x98f56908d300 : 3 stores
Line 0xea206363540 : 1 stores
Line 0xea206381ac0 : 2 stores
Line 0x98f56908c3c0 : 6 stores
Line 0xea206362600 : 1 stores
Line 0x98f56908d3c0 : 1 stores
Line 0xea206363600 : 1 stores
Line 0xea206381bc0 : 4 stores
Line 0x98f5690ad100 : 2 stores
Line 0xea206383340 : 4 stores
Line 0x98f5690ac100 : 1 stores
Line 0xea206382340 : 3 stores
Line 0x98f56908c4c0 : 2 stores
Line 0xea206362700 : 2 stores
Line 0x98f56908d4c0 : 3 stores
Line 0xea206363700 : 3 stores
Line 0xea206381b80 : 5 stores
Line 0x98f56908c440 : 5 stores
Line 0xea206362680 : 1 stores
Line 0xea206381c40 : 6 stores
Line 0xea206345140 : 1 stores
Line 0x98f5690ad180 : 1 stores
Line 0xea2063833c0 : 2 stores
Line 0x98f5690ac180 : 4 stores
Line 0xea2063823c0 : 2 stores
Line 0x98f56908d440 : 3 stores
Line 0xea206363680 : 1 stores
Line 0xea206381c00 : 2 stores
Line 0x98f56908c500 : 6 stores
Line 0xea206362740 : 1 stores
Line 0x98f56908d500 : 1 stores
Line 0xea206363740 : 1 stores
Line 0xea206381d00 : 4 stores
Line 0x98f5690ad240 : 2 stores
Line 0xea206383480 : 4 stores
Line 0x98f5690ac240 : 1 stores
Line 0xea206382480 : 3 stores
Line 0x98f56908c600 : 2 stores
Line 0xea206362840 : 2 stores
Line 0x98f56908d600 : 3 stores
Line 0xea206363840 : 3 stores
Line 0xea206381cc0 : 5 stores
Line 0x98f56908c580 : 5 stores
Line 0xea2063627c0 : 1 stores
Line 0x98f56906f040 : 2 stores
Line 0xea206345280 : 1 stores
Line 0xea206381d80 : 6 stores
Line 0x98f5690ac2c0 : 4 stores
Line 0xea206382500 : 2 stores
Line 0x98f5690ad2c0 : 1 stores
Line 0xea206383500 : 2 stores
Line 0x98f56908d580 : 3 stores
Line 0xea2063637c0 : 1 stores
Line 0xea206381d40 : 2 stores
Line 0x98f56908d640 : 1 stores
Line 0xea206363880 : 1 stores
Line 0x98f56908c640 : 6 stores
Line 0xea206362880 : 1 stores
Line 0xea206381e40 : 4 stores
Line 0x98f5690ac380 : 1 stores
Line 0xea2063825c0 : 3 stores
Line 0x98f5690ad380 : 2 stores
Line 0xea2063835c0 : 4 stores
Line 0x98f56908d740 : 3 stores
Line 0xea206363980 : 3 stores
Line 0x98f56908c740 : 2 stores
Line 0xea206362980 : 2 stores
Line 0xea206381e00 : 5 stores
Line 0x98f56908c6c0 : 5 stores
Line 0xea206362900 : 1 stores
Line 0x98f56906f180 : 2 stores
Line 0xea2063453c0 : 1 stores
Line 0xea206381ec0 : 6 stores
Line 0x98f5690ac400 : 4 stores
Line 0xea206382640 : 2 stores
Line 0x98f5690ad400 : 1 stores
Line 0xea206383640 : 2 stores
Line 0x98f56908d6c0 : 3 stores
Line 0xea206363900 : 1 stores
Line 0xea206381e80 : 2 stores
Line 0x98f56908d780 : 1 stores
Line 0xea2063639c0 : 1 stores
Line 0x98f56908c780 : 6 stores
Line 0xea2063629c0 : 1 stores
Line 0xea206381f80 : 4 stores
Line 0x98f5690ac4c0 : 1 stores
Line 0xea206382700 : 3 stores
Line 0x98f5690ad4c0 : 2 stores
Line 0xea206383700 : 4 stores
Line 0x98f56908d880 : 3 stores
Line 0xea206363ac0 : 3 stores
Line 0x98f56908c880 : 2 stores
Line 0xea206362ac0 : 2 stores
Line 0xea206381f40 : 5 stores
Line 0x98f56908c800 : 5 stores
Line 0xea206362a40 : 1 stores
Line 0x98f56906f2c0 : 2 stores
Line 0xea206345500 : 1 stores
Line 0x98f5690ac540 : 4 stores
Line 0xea206382780 : 2 stores
Line 0x98f5690ad540 : 1 stores
Line 0xea206383780 : 2 stores
Line 0x98f56908d800 : 3 stores
Line 0xea206363a40 : 1 stores
Line 0x98f5690aedc0 : 3 stores
Line 0xea206385000 : 6 stores
Line 0xea206381fc0 : 2 stores
Line 0x98f56908d8c0 : 1 stores
Line 0xea206363b00 : 1 stores
Line 0x98f56908c8c0 : 6 stores
Line 0xea206362b00 : 1 stores
Line 0x98f5690aee80 : 1 stores
Line 0xea2063850c0 : 4 stores
Line 0x98f5690ac600 : 1 stores
Line 0xea206382840 : 3 stores
Line 0x98f5690ad600 : 2 stores
Line 0xea206383840 : 4 stores
Line 0x98f56908d9c0 : 3 stores
Line 0xea206363c00 : 3 stores
Line 0x98f56908c9c0 : 2 stores
Line 0xea206362c00 : 2 stores
Line 0x98f5690aee40 : 3 stores
Line 0xea206385080 : 5 stores
Line 0x98f56908c940 : 5 stores
Line 0xea206362b80 : 1 stores
Line 0x98f56906f400 : 2 stores
Line 0xea206345640 : 1 stores
Line 0x98f5690aef00 : 3 stores
Line 0xea206385140 : 6 stores
Line 0x98f5690ac680 : 4 stores
Line 0xea2063828c0 : 2 stores
Line 0x98f5690ad680 : 1 stores
Line 0xea2063838c0 : 2 stores
Line 0x98f56908d940 : 3 stores
Line 0xea206363b80 : 1 stores
Line 0x98f5690aeec0 : 2 stores
Line 0xea206385100 : 2 stores
Line 0x98f56908da00 : 1 stores
Line 0xea206363c40 : 1 stores
Line 0x98f56908ca00 : 6 stores
Line 0xea206362c40 : 1 stores
Line 0x98f5690aefc0 : 1 stores
Line 0xea206385200 : 4 stores
Line 0x98f5690ac740 : 1 stores
Line 0xea206382980 : 3 stores
Line 0x98f5690ad740 : 2 stores
Line 0xea206383980 : 4 stores
Line 0x98f56908db00 : 3 stores
Line 0xea206363d40 : 3 stores
Line 0x98f56908cb00 : 2 stores
Line 0xea206362d40 : 2 stores
Line 0x98f5690aef80 : 3 stores
Line 0xea2063851c0 : 5 stores
Line 0x98f56908ca80 : 5 stores
Line 0xea206362cc0 : 1 stores
Line 0x98f56906f540 : 2 stores
Line 0xea206345780 : 1 stores
Line 0xea206385280 : 6 stores
Line 0x98f5690ac7c0 : 4 stores
Line 0xea206382a00 : 2 stores
Line 0x98f5690ad7c0 : 1 stores
Line 0xea206383a00 : 2 stores
Line 0x98f56908da80 : 3 stores
Line 0xea206363cc0 : 1 stores
Line 0xea206385240 : 2 stores
Line 0x98f56908db40 : 1 stores
Line 0xea206363d80 : 1 stores
Line 0x98f56908cb40 : 6 stores
Line 0xea206362d80 : 1 stores
Line 0xea206385340 : 4 stores
Line 0x98f5690ac880 : 1 stores
Line 0xea206382ac0 : 3 stores
Line 0x98f5690ad880 : 2 stores
Line 0xea206383ac0 : 4 stores
Line 0x98f56908dc40 : 3 stores
Line 0xea206363e80 : 3 stores
Line 0x98f56908cc40 : 2 stores
Line 0xea206362e80 : 2 stores
Line 0xea206385300 : 5 stores
Line 0x98f56908cbc0 : 5 stores
Line 0xea206362e00 : 1 stores
Line 0x98f56906f680 : 2 stores
Line 0xea2063458c0 : 1 stores
Line 0xea2063853c0 : 6 stores
Line 0x98f5690ac900 : 4 stores
Line 0xea206382b40 : 2 stores
Line 0x98f5690ad900 : 1 stores
Line 0xea206383b40 : 2 stores
Line 0x98f56908dbc0 : 3 stores
Line 0xea206363e00 : 1 stores
Line 0xea206385380 : 2 stores
Line 0x98f56908dc80 : 1 stores
Line 0xea206363ec0 : 1 stores
Line 0x98f56908cc80 : 6 stores
Line 0xea206362ec0 : 1 stores
Line 0xea206385480 : 4 stores
Line 0x98f5690ac9c0 : 1 stores
Line 0xea206382c00 : 3 stores
Line 0x98f5690ad9c0 : 2 stores
Line 0xea206383c00 : 4 stores
Line 0x98f56908dd80 : 3 stores
Line 0xea206363fc0 : 3 stores
Line 0x98f56908cd80 : 2 stores
Line 0xea206362fc0 : 2 stores
Line 0xea206385440 : 5 stores
Line 0x98f56908cd00 : 5 stores
Line 0xea206362f40 : 1 stores
Line 0x98f56906f7c0 : 2 stores
Line 0xea206345a00 : 1 stores
Line 0xea206385500 : 6 stores
Line 0x98f5690aca40 : 4 stores
Line 0xea206382c80 : 2 stores
Line 0x98f5690ada40 : 1 stores
Line 0xea206383c80 : 2 stores
Line 0x98f56908dd00 : 3 stores
Line 0xea206363f40 : 1 stores
Line 0xea2063854c0 : 2 stores
Line 0xea206366000 : 1 stores
Line 0x98f569090dc0 : 2 stores
Line 0xea206367000 : 1 stores
Line 0xea2063855c0 : 4 stores
Line 0x98f5690acb00 : 1 stores
Line 0xea206382d40 : 3 stores
Line 0x98f5690adb00 : 2 stores
Line 0xea206383d40 : 4 stores
Line 0xea206366100 : 3 stores
Line 0x98f569090ec0 : 4 stores
Line 0xea206367100 : 2 stores
Line 0xea206385580 : 5 stores
Line 0x98f569090e40 : 1 stores
Line 0xea206367080 : 1 stores
Line 0x98f56906f900 : 2 stores
Line 0xea206345b40 : 1 stores
Line 0xea206385640 : 6 stores
Line 0x98f5690acb80 : 4 stores
Line 0xea206382dc0 : 2 stores
Line 0x98f5690adb80 : 1 stores
Line 0xea206383dc0 : 2 stores
Line 0xea206366080 : 1 stores
Line 0xea206385600 : 2 stores
Line 0xea206366140 : 1 stores
Line 0x98f569090f00 : 2 stores
Line 0xea206367140 : 1 stores
Line 0xea206385700 : 4 stores
Line 0x98f5690acc40 : 1 stores
Line 0xea206382e80 : 3 stores
Line 0x98f5690adc40 : 2 stores
Line 0xea206383e80 : 4 stores
Line 0x98f569090000 : 2 stores
Line 0xea206366240 : 3 stores
Line 0x98f569091000 : 3 stores
Line 0xea206367240 : 2 stores
Line 0xea2063856c0 : 5 stores
Line 0x98f569090f80 : 1 stores
Line 0xea2063671c0 : 1 stores
Line 0x98f56906fa40 : 2 stores
Line 0xea206345c80 : 1 stores
Line 0xea206385780 : 6 stores
Line 0x98f5690accc0 : 4 stores
Line 0xea206382f00 : 2 stores
Line 0x98f5690adcc0 : 1 stores
Line 0xea206383f00 : 2 stores
Line 0xea2063661c0 : 1 stores
Line 0xea206385740 : 2 stores
Line 0x98f569091040 : 1 stores
Line 0xea206367280 : 1 stores
Line 0x98f569090040 : 6 stores
Line 0xea206366280 : 1 stores
Line 0xea206385840 : 4 stores
Line 0x98f5690add80 : 2 stores
Line 0xea206383fc0 : 4 stores
Line 0x98f5690acd80 : 1 stores
Line 0xea206382fc0 : 3 stores
Line 0x98f569091140 : 3 stores
Line 0xea206367380 : 2 stores
Line 0x98f569090140 : 2 stores
Line 0xea206366380 : 3 stores
Line 0xea206385800 : 5 stores
Line 0x98f5690910c0 : 3 stores
Line 0xea206367300 : 1 stores
Line 0x98f56906fb80 : 2 stores
Line 0xea206345dc0 : 1 stores
Line 0xea2063858c0 : 6 stores
Line 0x98f5690900c0 : 5 stores
Line 0xea206366300 : 1 stores
Line 0xea206386040 : 2 stores
Line 0x98f5690b0e00 : 5 stores
Line 0xea206387040 : 2 stores
Line 0xea206385880 : 2 stores
Line 0x98f569090180 : 6 stores
Line 0xea2063663c0 : 1 stores
Line 0x98f569091180 : 1 stores
Line 0xea2063673c0 : 1 stores
Line 0xea206385980 : 4 stores
Line 0xea206386100 : 3 stores
Line 0x98f5690b0ec0 : 6 stores
Line 0xea206387100 : 4 stores
Line 0x98f569090280 : 2 stores
Line 0xea2063664c0 : 3 stores
Line 0x98f569091280 : 3 stores
Line 0xea2063674c0 : 2 stores
Line 0xea206385940 : 5 stores
Line 0x98f569091200 : 3 stores
Line 0xea206367440 : 1 stores
Line 0x98f56906fcc0 : 2 stores
Line 0xea206345f00 : 1 stores
Line 0xea206385a00 : 6 stores
Line 0xea206386180 : 2 stores
Line 0x98f5690b0f40 : 5 stores
Line 0xea206387180 : 2 stores
Line 0x98f569090200 : 5 stores
Line 0xea206366440 : 1 stores
Line 0xea2063859c0 : 2 stores
Line 0x98f5690902c0 : 6 stores
Line 0xea206366500 : 1 stores
Line 0x98f5690912c0 : 1 stores
Line 0xea206367500 : 1 stores
Line 0xea206385ac0 : 4 stores
Line 0x98f5690b0000 : 1 stores
Line 0xea206386240 : 3 stores
Line 0x98f5690b1000 : 2 stores
Line 0xea206387240 : 4 stores
Line 0x98f5690903c0 : 2 stores
Line 0xea206366600 : 3 stores
Line 0x98f5690913c0 : 3 stores
Line 0xea206367600 : 2 stores
Line 0xea206385a80 : 5 stores
Line 0x98f569091340 : 3 stores
Line 0xea206367580 : 1 stores
Line 0x98f569072e00 : 1 stores
Line 0xea206349040 : 1 stores
Line 0xea206385b40 : 6 stores
Line 0x98f5690b0080 : 4 stores
Line 0xea2063862c0 : 2 stores
Line 0x98f5690b1080 : 1 stores
Line 0xea2063872c0 : 2 stores
Line 0x98f569090340 : 5 stores
Line 0xea206366580 : 1 stores
Line 0xea206385b00 : 2 stores
Line 0x98f569090400 : 6 stores
Line 0xea206366640 : 1 stores
Line 0x98f569091400 : 1 stores
Line 0xea206367640 : 1 stores
Line 0xea206385c00 : 4 stores
Line 0x98f5690b0140 : 1 stores
Line 0xea206386380 : 3 stores
Line 0x98f5690b1140 : 2 stores
Line 0xea206387380 : 4 stores
Line 0x98f569090500 : 2 stores
Line 0xea206366740 : 3 stores
Line 0x98f569091500 : 3 stores
Line 0xea206367740 : 2 stores
Line 0xea206385bc0 : 5 stores
Line 0x98f569091480 : 3 stores
Line 0xea2063676c0 : 1 stores
Line 0x98f569072f40 : 1 stores
Line 0xea206349180 : 1 stores
Line 0xea206385c80 : 6 stores
Line 0x98f5690b01c0 : 4 stores
Line 0xea206386400 : 2 stores
Line 0x98f5690b11c0 : 1 stores
Line 0xea206387400 : 2 stores
Line 0x98f569090480 : 5 stores
Line 0xea2063666c0 : 1 stores
Line 0xea206385c40 : 2 stores
Line 0x98f569090540 : 6 stores
Line 0xea206366780 : 1 stores
Line 0x98f569091540 : 1 stores
Line 0xea206367780 : 1 stores
Line 0xea206385d40 : 4 stores
Line 0x98f5690b0280 : 1 stores
Line 0xea2063864c0 : 3 stores
Line 0x98f5690b1280 : 2 stores
Line 0xea2063874c0 : 4 stores
Line 0x98f569090640 : 2 stores
Line 0xea206366880 : 3 stores
Line 0x98f569091640 : 3 stores
Line 0xea206367880 : 2 stores
Line 0xea206385d00 : 5 stores
Line 0x98f5690915c0 : 3 stores
Line 0xea206367800 : 1 stores
Line 0x98f569073080 : 3 stores
Line 0xea2063492c0 : 1 stores
Line 0xea206385dc0 : 6 stores
Line 0x98f5690b0300 : 4 stores
Line 0xea206386540 : 2 stores
Line 0x98f5690b1300 : 1 stores
Line 0xea206387540 : 2 stores
Line 0x98f5690905c0 : 5 stores
Line 0xea206366800 : 1 stores
Line 0xea206385d80 : 2 stores
Line 0x98f569090680 : 6 stores
Line 0xea2063668c0 : 1 stores
Line 0x98f569091680 : 1 stores
Line 0xea2063678c0 : 1 stores
Line 0xea206385e80 : 4 stores
Line 0x98f5690b03c0 : 1 stores
Line 0xea206386600 : 3 stores
Line 0x98f5690b13c0 : 2 stores
Line 0xea206387600 : 4 stores
Line 0x98f569090780 : 2 stores
Line 0xea2063669c0 : 3 stores
Line 0x98f569091780 : 3 stores
Line 0xea2063679c0 : 2 stores
Line 0xea206385e40 : 5 stores
Line 0x98f569091700 : 3 stores
Line 0xea206367940 : 1 stores
Line 0x98f5690731c0 : 3 stores
Line 0xea206349400 : 1 stores
Line 0xea206385f00 : 6 stores
Line 0x98f5690b0440 : 4 stores
Line 0xea206386680 : 2 stores
Line 0x98f5690b1440 : 1 stores
Line 0xea206387680 : 2 stores
Line 0x98f569090700 : 5 stores
Line 0xea206366940 : 1 stores
Line 0xea206385ec0 : 2 stores
Line 0x98f5690917c0 : 1 stores
Line 0xea206367a00 : 1 stores
Line 0x98f5690907c0 : 6 stores
Line 0xea206366a00 : 1 stores
Line 0xea206385fc0 : 4 stores
Line 0x98f5690b1500 : 2 stores
Line 0xea206387740 : 4 stores
Line 0x98f5690b0500 : 1 stores
Line 0xea206386740 : 3 stores
Line 0x98f5690918c0 : 3 stores
Line 0xea206367b00 : 2 stores
Line 0x98f5690908c0 : 2 stores
Line 0xea206366b00 : 3 stores
Line 0xea206385f80 : 5 stores
Line 0x98f569091840 : 3 stores
Line 0xea206367a80 : 1 stores
Line 0x98f569073300 : 3 stores
Line 0xea206349540 : 1 stores
Line 0x98f5690b0580 : 4 stores
Line 0xea2063867c0 : 2 stores
Line 0x98f5690b1580 : 1 stores
Line 0xea2063877c0 : 2 stores
Line 0x98f569090840 : 5 stores
Line 0xea206366a80 : 1 stores
Line 0x98f5690b2e00 : 2 stores
Line 0xea206389040 : 6 stores
Line 0x98f5690b2dc0 : 2 stores
Line 0xea206389000 : 2 stores
Line 0x98f569090900 : 6 stores
Line 0xea206366b40 : 1 stores
Line 0x98f569091900 : 1 stores
Line 0xea206367b40 : 1 stores
Line 0x98f5690b2ec0 : 1 stores
Line 0xea206389100 : 4 stores
Line 0x98f5690b0640 : 1 stores
Line 0xea206386880 : 3 stores
Line 0x98f5690b1640 : 2 stores
Line 0xea206387880 : 4 stores
Line 0x98f569090a00 : 2 stores
Line 0xea206366c40 : 3 stores
Line 0x98f569091a00 : 3 stores
Line 0xea206367c40 : 2 stores
Line 0x98f5690b2e80 : 4 stores
Line 0xea2063890c0 : 5 stores
Line 0x98f569091980 : 3 stores
Line 0xea206367bc0 : 1 stores
Line 0x98f569073440 : 3 stores
Line 0xea206349680 : 1 stores
Line 0x98f5690b2f40 : 2 stores
Line 0xea206389180 : 6 stores
Line 0x98f5690b06c0 : 4 stores
Line 0xea206386900 : 2 stores
Line 0x98f5690b16c0 : 1 stores
Line 0xea206387900 : 2 stores
Line 0x98f569090980 : 5 stores
Line 0xea206366bc0 : 1 stores
Line 0x98f5690b2f00 : 2 stores
Line 0xea206389140 : 2 stores
Line 0x98f569090a40 : 6 stores
Line 0xea206366c80 : 1 stores
Line 0x98f569091a40 : 1 stores
Line 0xea206367c80 : 1 stores
Line 0xea206389240 : 4 stores
Line 0x98f5690b0780 : 1 stores
Line 0xea2063869c0 : 3 stores
Line 0x98f5690b1780 : 2 stores
Line 0xea2063879c0 : 4 stores
Line 0x98f569090b40 : 2 stores
Line 0xea206366d80 : 3 stores
Line 0x98f569091b40 : 3 stores
Line 0xea206367d80 : 2 stores
Line 0x98f5690b2fc0 : 4 stores
Line 0xea206389200 : 5 stores
Line 0x98f569091ac0 : 3 stores
Line 0xea206367d00 : 1 stores
Line 0x98f569073580 : 3 stores
Line 0xea2063497c0 : 1 stores
Line 0xea2063892c0 : 6 stores
Line 0x98f5690b0800 : 4 stores
Line 0xea206386a40 : 2 stores
Line 0x98f5690b1800 : 1 stores
Line 0xea206387a40 : 2 stores
Line 0x98f569090ac0 : 5 stores
Line 0xea206366d00 : 1 stores
Line 0xea206389280 : 2 stores
Line 0x98f569090b80 : 6 stores
Line 0xea206366dc0 : 1 stores
Line 0x98f569091b80 : 1 stores
Line 0xea206367dc0 : 1 stores
Line 0xe8035e372000 : 1 stores
Line 0xea206389380 : 4 stores
Line 0x98f5690b08c0 : 1 stores
Line 0xea206386b00 : 3 stores
Line 0x98f5690b18c0 : 2 stores
Line 0xea206387b00 : 4 stores
Line 0x98f569090c80 : 2 stores
Line 0xea206366ec0 : 3 stores
Line 0x98f569091c80 : 3 stores
Line 0xea206367ec0 : 2 stores
Line 0xea206389340 : 5 stores
Line 0x98f569091c00 : 3 stores
Line 0xea206367e40 : 1 stores
Line 0x98f5690736c0 : 3 stores
Line 0xea206349900 : 1 stores
Line 0xe8035e372080 : 1 stores
Line 0xea206389400 : 6 stores
Line 0x98f5690b0940 : 4 stores
Line 0xea206386b80 : 2 stores
Line 0x98f5690b1940 : 1 stores
Line 0xea206387b80 : 2 stores
Line 0x98f569090c00 : 5 stores
Line 0xea206366e40 : 1 stores
Line 0xe8035e372040 : 3 stores
Line 0xea2063893c0 : 2 stores
Line 0x98f569090cc0 : 6 stores
Line 0xea206366f00 : 1 stores
Line 0x98f569091cc0 : 1 stores
Line 0xea206367f00 : 1 stores
Line 0xe8035e372140 : 1 stores
Line 0xea2063894c0 : 4 stores
Line 0x98f5690b0a00 : 1 stores
Line 0xea206386c40 : 3 stores
Line 0x98f5690b1a00 : 2 stores
Line 0xea206387c40 : 4 stores
Line 0x98f569094dc0 : 4 stores
Line 0xea20636b000 : 2 stores
Line 0xe8035e372100 : 3 stores
Line 0xea206389480 : 5 stores
Line 0xea20636a000 : 3 stores
Line 0x98f569091d40 : 3 stores
Line 0xea206367f80 : 1 stores
Line 0x98f569073800 : 3 stores
Line 0xea206349a40 : 1 stores
Line 0xe8035e3721c0 : 1 stores
Line 0xea206389540 : 6 stores
Line 0x98f5690b0a80 : 4 stores
Line 0xea206386cc0 : 2 stores
Line 0x98f5690b1a80 : 1 stores
Line 0xea206387cc0 : 2 stores
Line 0x98f569090d40 : 5 stores
Line 0xea206366f80 : 1 stores
Line 0xe8035e372180 : 3 stores
Line 0xea206389500 : 2 stores
Line 0xea20636a040 : 1 stores
Line 0x98f569094e00 : 2 stores
Line 0xea20636b040 : 1 stores
Line 0xe8035e372280 : 1 stores
Line 0xea206389600 : 4 stores
Line 0x98f5690b0b40 : 1 stores
Line 0xea206386d80 : 3 stores
Line 0x98f5690b1b40 : 2 stores
Line 0xea206387d80 : 4 stores
Line 0xea20636a140 : 3 stores
Line 0x98f569094f00 : 4 stores
Line 0xea20636b140 : 2 stores
Line 0xe8035e372240 : 3 stores
Line 0xea2063895c0 : 5 stores
Line 0x98f569094e80 : 1 stores
Line 0xea20636b0c0 : 1 stores
Line 0x98f569073940 : 3 stores
Line 0xea206349b80 : 1 stores
Line 0xe8035e372300 : 1 stores
Line 0xea206389680 : 6 stores
Line 0x98f5690b0bc0 : 4 stores
Line 0xea206386e00 : 2 stores
Line 0x98f5690b1bc0 : 1 stores
Line 0xea206387e00 : 2 stores
Line 0xea20636a0c0 : 1 stores
Line 0xe8035e3722c0 : 3 stores
Line 0xea206389640 : 2 stores
Line 0xea20636a180 : 1 stores
Line 0x98f569094f40 : 2 stores
Line 0xea20636b180 : 1 stores
Line 0xe8035e3723c0 : 1 stores
Line 0xea206389740 : 4 stores
Line 0x98f5690b0c80 : 1 stores
Line 0xea206386ec0 : 3 stores
Line 0x98f5690b1c80 : 2 stores
Line 0xea206387ec0 : 4 stores
Line 0x98f569094040 : 2 stores
Line 0xea20636a280 : 3 stores
Line 0x98f569095040 : 4 stores
Line 0xea20636b280 : 2 stores
Line 0xe8035e372380 : 3 stores
Line 0xea206389700 : 5 stores
Line 0x98f569094fc0 : 1 stores
Line 0xea20636b200 : 1 stores
Line 0x98f569073a80 : 3 stores
Line 0xea206349cc0 : 1 stores
Line 0xe8035e372440 : 1 stores
Line 0xea2063897c0 : 6 stores
Line 0x98f5690b0d00 : 4 stores
Line 0xea206386f40 : 2 stores
Line 0x98f5690b1d00 : 1 stores
Line 0xea206387f40 : 2 stores
Line 0xea20636a200 : 1 stores
Line 0xe8035e372400 : 3 stores
Line 0xea206389780 : 2 stores
Line 0x98f569094080 : 6 stores
Line 0xea20636a2c0 : 1 stores
Line 0x98f569095080 : 1 stores
Line 0xea20636b2c0 : 1 stores
Line 0xe8035e372500 : 1 stores
Line 0xea206389880 : 4 stores
Line 0x98f569094180 : 2 stores
Line 0xea20636a3c0 : 3 stores
Line 0x98f569095180 : 4 stores
Line 0xea20636b3c0 : 2 stores
Line 0xe8035e3724c0 : 3 stores
Line 0xea206389840 : 5 stores
Line 0xe8035e372c80 : 1 stores
Line 0xea20638a000 : 3 stores
Line 0x98f5690b4dc0 : 6 stores
Line 0xea20638b000 : 4 stores
Line 0x98f569095100 : 2 stores
Line 0xea20636b340 : 1 stores
Line 0x98f569073bc0 : 3 stores
Line 0xea206349e00 : 1 stores
Line 0xe8035e372580 : 1 stores
Line 0xea206389900 : 6 stores
Line 0xe8035e372d00 : 1 stores
Line 0xea20638a080 : 2 stores
Line 0x98f5690b4e40 : 5 stores
Line 0xea20638b080 : 2 stores
Line 0x98f569094100 : 5 stores
Line 0xea20636a340 : 1 stores
Line 0xe8035e372540 : 3 stores
Line 0xea2063898c0 : 2 stores
Line 0x98f5690941c0 : 6 stores
Line 0xea20636a400 : 1 stores
Line 0x98f5690951c0 : 1 stores
Line 0xea20636b400 : 1 stores
Line 0xe8035e372640 : 1 stores
Line 0xea2063899c0 : 4 stores
Line 0xe8035e372dc0 : 1 stores
Line 0xea20638a140 : 3 stores
Line 0x98f5690b4f00 : 6 stores
Line 0xea20638b140 : 4 stores
Line 0x98f5690942c0 : 2 stores
Line 0xea20636a500 : 3 stores
Line 0x98f5690952c0 : 4 stores
Line 0xea20636b500 : 2 stores
Line 0xe8035e372600 : 3 stores
Line 0xea206389980 : 5 stores
Line 0x98f569095240 : 2 stores
Line 0xea20636b480 : 1 stores
Line 0x98f569073d00 : 3 stores
Line 0xea206349f40 : 1 stores
Line 0xe8035e3726c0 : 1 stores
Line 0xea206389a40 : 6 stores
Line 0xe8035e372e40 : 1 stores
Line 0xea20638a1c0 : 2 stores
Line 0x98f5690b4f80 : 5 stores
Line 0xea20638b1c0 : 2 stores
Line 0x98f569094240 : 5 stores
Line 0xea20636a480 : 1 stores
Line 0xe8035e372680 : 3 stores
Line 0xea206389a00 : 2 stores
Line 0x98f569095300 : 1 stores
Line 0xea20636b540 : 1 stores
Line 0x98f569094300 : 6 stores
Line 0xea20636a540 : 1 stores
Line 0xe8035e372780 : 1 stores
Line 0xea206389b00 : 4 stores
Line 0x98f5690b5040 : 2 stores
Line 0xea20638b280 : 4 stores
Line 0xe8035e372f00 : 1 stores
Line 0x98f5690b4040 : 1 stores
Line 0xea20638a280 : 3 stores
Line 0x98f569095400 : 4 stores
Line 0xea20636b640 : 2 stores
Line 0x98f569094400 : 2 stores
Line 0xea20636a640 : 3 stores
Line 0xe8035e372740 : 3 stores
Line 0xea206389ac0 : 5 stores
Line 0x98f569095380 : 2 stores
Line 0xea20636b5c0 : 1 stores
Line 0xe8035e372800 : 1 stores
Line 0xea206389b80 : 6 stores
Line 0x98f569076e40 : 2 stores
Line 0xea20634d080 : 1 stores
Line 0x98f5690b50c0 : 1 stores
Line 0xea20638b300 : 2 stores
Line 0xe8035e372f80 : 1 stores
Line 0x98f5690b40c0 : 4 stores
Line 0xea20638a300 : 2 stores
Line 0x98f569094380 : 5 stores
Line 0xea20636a5c0 : 1 stores
Line 0xe8035e3727c0 : 3 stores
Line 0xea206389b40 : 2 stores
Line 0x98f569095440 : 1 stores
Line 0xea20636b680 : 1 stores
Line 0x98f569094440 : 6 stores
Line 0xea20636a680 : 1 stores
Line 0xe8035e3728c0 : 1 stores
Line 0xea206389c40 : 4 stores
Line 0xe8035e374040 : 4 stores
Line 0x98f5690b5180 : 2 stores
Line 0xea20638b3c0 : 4 stores
Line 0x98f5690b4180 : 1 stores
Line 0xea20638a3c0 : 3 stores
Line 0x98f569095540 : 4 stores
Line 0xea20636b780 : 2 stores
Line 0x98f569094540 : 2 stores
Line 0xea20636a780 : 3 stores
Line 0xe8035e372880 : 3 stores
Line 0xea206389c00 : 5 stores
Line 0x98f5690954c0 : 2 stores
Line 0xea20636b700 : 1 stores
Line 0xe8035e372940 : 1 stores
Line 0xea206389cc0 : 6 stores
Line 0x98f569076f80 : 2 stores
Line 0xea20634d1c0 : 1 stores
Line 0xe8035e3740c0 : 6 stores
Line 0x98f5690b5200 : 1 stores
Line 0xea20638b440 : 2 stores
Line 0x98f5690b4200 : 4 stores
Line 0xea20638a440 : 2 stores
Line 0x98f5690944c0 : 5 stores
Line 0xea20636a700 : 1 stores
Line 0xe8035e372900 : 3 stores
Line 0xea206389c80 : 2 stores
Line 0x98f569095580 : 1 stores
Line 0xea20636b7c0 : 1 stores
Line 0x98f569094580 : 6 stores
Line 0xea20636a7c0 : 1 stores
Line 0xe8035e372a00 : 1 stores
Line 0xea206389d80 : 4 stores
Line 0xe8035e374180 : 4 stores
Line 0x98f5690b52c0 : 2 stores
Line 0xea20638b500 : 4 stores
Line 0x98f5690b42c0 : 1 stores
Line 0xea20638a500 : 3 stores
Line 0x98f569095680 : 4 stores
Line 0xea20636b8c0 : 2 stores
Line 0x98f569094680 : 2 stores
Line 0xea20636a8c0 : 3 stores
Line 0xe8035e3729c0 : 3 stores
Line 0xea206389d40 : 5 stores
Line 0x98f569095600 : 2 stores
Line 0xea20636b840 : 1 stores
Line 0x98f5690770c0 : 1 stores
Line 0xea20634d300 : 1 stores
Line 0xe8035e372a80 : 1 stores
Line 0xea206389e00 : 6 stores
Line 0x98f5690b4340 : 4 stores
Line 0xea20638a580 : 2 stores
Line 0xe8035e374200 : 6 stores
Line 0x98f5690b5340 : 1 stores
Line 0xea20638b580 : 2 stores
Line 0x98f569094600 : 5 stores
Line 0xea20636a840 : 1 stores
Line 0xe8035e372a40 : 3 stores
Line 0xea206389dc0 : 2 stores
Line 0x98f5690946c0 : 6 stores
Line 0xea20636a900 : 1 stores
Line 0x98f5690956c0 : 1 stores
Line 0xea20636b900 : 1 stores
Line 0xe8035e372b40 : 1 stores
Line 0xea206389ec0 : 4 stores
Line 0x98f5690b4400 : 1 stores
Line 0xea20638a640 : 3 stores
Line 0xe8035e3742c0 : 4 stores
Line 0x98f5690b5400 : 2 stores
Line 0xea20638b640 : 4 stores
Line 0x98f5690947c0 : 2 stores
Line 0xea20636aa00 : 3 stores
Line 0x98f5690957c0 : 4 stores
Line 0xea20636ba00 : 2 stores
Line 0xe8035e372b00 : 3 stores
Line 0xea206389e80 : 5 stores
Line 0x98f569095740 : 2 stores
Line 0xea20636b980 : 1 stores
Line 0x98f569077200 : 1 stores
Line 0xea20634d440 : 1 stores
Line 0xe8035e372bc0 : 1 stores
Line 0xea206389f40 : 6 stores
Line 0x98f5690b4480 : 4 stores
Line 0xea20638a6c0 : 2 stores
Line 0xe8035e374340 : 6 stores
Line 0x98f5690b5480 : 1 stores
Line 0xea20638b6c0 : 2 stores
Line 0x98f569094740 : 5 stores
Line 0xea20636a980 : 1 stores
Line 0xe8035e372b80 : 3 stores
Line 0xea206389f00 : 2 stores
Line 0x98f569095800 : 1 stores
Line 0xea20636ba40 : 1 stores
Line 0x98f569094800 : 6 stores
Line 0xea20636aa40 : 1 stores
Line 0xe8035e375c80 : 3 stores
Line 0x98f5690b6dc0 : 1 stores
Line 0xea20638d000 : 4 stores
Line 0xe8035e374400 : 4 stores
Line 0x98f5690b5540 : 2 stores
Line 0xea20638b780 : 4 stores
Line 0x98f5690b4540 : 1 stores
Line 0xea20638a780 : 3 stores
Line 0x98f569095900 : 4 stores
Line 0xea20636bb40 : 2 stores
Line 0x98f569094900 : 2 stores
Line 0xea20636ab40 : 3 stores
Line 0xe8035e372c40 : 3 stores
Line 0xea206389fc0 : 5 stores
Line 0x98f569095880 : 2 stores
Line 0xea20636bac0 : 1 stores
Line 0xe8035e375d00 : 3 stores
Line 0x98f5690b6e40 : 3 stores
Line 0xea20638d080 : 6 stores
Line 0x98f569077340 : 1 stores
Line 0xea20634d580 : 1 stores
Line 0xe8035e374480 : 6 stores
Line 0x98f5690b55c0 : 1 stores
Line 0xea20638b800 : 2 stores
Line 0x98f5690b45c0 : 4 stores
Line 0xea20638a800 : 2 stores
Line 0x98f569094880 : 5 stores
Line 0xea20636aac0 : 1 stores
Line 0xe8035e375cc0 : 1 stores
Line 0x98f5690b6e00 : 2 stores
Line 0xea20638d040 : 2 stores
Line 0x98f569095940 : 1 stores
Line 0xea20636bb80 : 1 stores
Line 0x98f569094940 : 6 stores
Line 0xea20636ab80 : 1 stores
Line 0xe8035e375dc0 : 3 stores
Line 0x98f5690b6f00 : 1 stores
Line 0xea20638d140 : 4 stores
Line 0xe8035e374540 : 4 stores
Line 0x98f5690b5680 : 2 stores
Line 0xea20638b8c0 : 4 stores
Line 0x98f5690b4680 : 1 stores
Line 0xea20638a8c0 : 3 stores
Line 0x98f569095a40 : 4 stores
Line 0xea20636bc80 : 2 stores
Line 0x98f569094a40 : 2 stores
Line 0xea20636ac80 : 3 stores
Line 0xe8035e375d80 : 2 stores
Line 0x98f5690b6ec0 : 3 stores
Line 0xea20638d100 : 5 stores
Line 0x98f5690959c0 : 2 stores
Line 0xea20636bc00 : 1 stores
Line 0xe8035e375e40 : 3 stores
Line 0x98f5690b6f80 : 3 stores
Line 0xea20638d1c0 : 6 stores
Line 0x98f569077480 : 1 stores
Line 0xea20634d6c0 : 1 stores
Line 0xe8035e3745c0 : 6 stores
Line 0x98f5690b5700 : 1 stores
Line 0xea20638b940 : 2 stores
Line 0x98f5690b4700 : 4 stores
Line 0xea20638a940 : 2 stores
Line 0x98f5690949c0 : 5 stores
Line 0xea20636ac00 : 1 stores
Line 0xe8035e375e00 : 1 stores
Line 0x98f5690b6f40 : 2 stores
Line 0xea20638d180 : 2 stores
Line 0x98f569095a80 : 1 stores
Line 0xea20636bcc0 : 1 stores
Line 0x98f569094a80 : 6 stores
Line 0xea20636acc0 : 1 stores
Line 0xe8035e375f00 : 3 stores
Line 0xea20638d280 : 4 stores
Line 0xe8035e374680 : 4 stores
Line 0x98f5690b57c0 : 2 stores
Line 0xea20638ba00 : 4 stores
Line 0x98f5690b47c0 : 1 stores
Line 0xea20638aa00 : 3 stores
Line 0x98f569095b80 : 4 stores
Line 0xea20636bdc0 : 2 stores
Line 0x98f569094b80 : 2 stores
Line 0xea20636adc0 : 3 stores
Line 0xe8035e375ec0 : 2 stores
Line 0xea20638d240 : 5 stores
Line 0x98f569095b00 : 2 stores
Line 0xea20636bd40 : 1 stores
Line 0xe8035e375f80 : 3 stores
Line 0xea20638d300 : 6 stores
Line 0x98f5690775c0 : 1 stores
Line 0xea20634d800 : 1 stores
Line 0xe8035e374700 : 6 stores
Line 0x98f5690b5840 : 1 stores
Line 0xea20638ba80 : 2 stores
Line 0x98f5690b4840 : 4 stores
Line 0xea20638aa80 : 2 stores
Line 0x98f569094b00 : 5 stores
Line 0xea20636ad40 : 1 stores
Line 0xe8035e375f40 : 1 stores
Line 0xea20638d2c0 : 2 stores
Line 0x98f569095bc0 : 1 stores
Line 0xea20636be00 : 1 stores
Line 0x98f569094bc0 : 6 stores
Line 0xea20636ae00 : 1 stores
Line 0xe8035e376040 : 1 stores
Line 0xea20638d3c0 : 4 stores
Line 0xe8035e3747c0 : 4 stores
Line 0x98f5690b5900 : 2 stores
Line 0xea20638bb40 : 4 stores
Line 0x98f5690b4900 : 1 stores
Line 0xea20638ab40 : 3 stores
Line 0x98f569095cc0 : 4 stores
Line 0xea20636bf00 : 2 stores
Line 0x98f569094cc0 : 2 stores
Line 0xea20636af00 : 3 stores
Line 0xe8035e376000 : 2 stores
Line 0xea20638d380 : 5 stores
Line 0x98f569095c40 : 2 stores
Line 0xea20636be80 : 1 stores
Line 0xe8035e3760c0 : 1 stores
Line 0xea20638d440 : 6 stores
Line 0x98f569077700 : 1 stores
Line 0xea20634d940 : 1 stores
Line 0xe8035e374840 : 6 stores
Line 0x98f5690b5980 : 1 stores
Line 0xea20638bbc0 : 2 stores
Line 0x98f5690b4980 : 4 stores
Line 0xea20638abc0 : 2 stores
Line 0x98f569094c40 : 5 stores
Line 0xea20636ae80 : 1 stores
Line 0xe8035e376080 : 4 stores
Line 0xea20638d400 : 2 stores
Line 0x98f569095d00 : 1 stores
Line 0xea20636bf40 : 1 stores
Line 0x98f569094d00 : 6 stores
Line 0xea20636af40 : 1 stores
Line 0xe8035e376180 : 1 stores
Line 0xea20638d500 : 4 stores
Line 0xe8035e374900 : 4 stores
Line 0x98f5690b5a40 : 2 stores
Line 0xea20638bc80 : 4 stores
Line 0x98f5690b4a40 : 1 stores
Line 0xea20638ac80 : 3 stores
Line 0x98f569098e00 : 4 stores
Line 0xea20636f040 : 3 stores
Line 0xea20636e040 : 2 stores
Line 0xe8035e376140 : 2 stores
Line 0xea20638d4c0 : 5 stores
Line 0x98f569095d80 : 2 stores
Line 0xea20636bfc0 : 1 stores
Line 0x98f569077840 : 1 stores
Line 0xea20634da80 : 1 stores
Line 0xe8035e376200 : 1 stores
Line 0xea20638d580 : 6 stores
Line 0x98f5690b4ac0 : 4 stores
Line 0xea20638ad00 : 2 stores
Line 0xe8035e374980 : 6 stores
Line 0x98f5690b5ac0 : 1 stores
Line 0xea20638bd00 : 2 stores
Line 0x98f569094d80 : 5 stores
Line 0xea20636afc0 : 1 stores
Line 0xe8035e3761c0 : 4 stores
Line 0xea20638d540 : 2 stores
Line 0x98f569098e40 : 2 stores
Line 0xea20636f080 : 1 stores
Line 0xea20636e080 : 1 stores
Line 0xe8035e3762c0 : 1 stores
Line 0xea20638d640 : 4 stores
Line 0x98f5690b4b80 : 1 stores
Line 0xea20638adc0 : 3 stores
Line 0xe8035e374a40 : 4 stores
Line 0x98f5690b5b80 : 2 stores
Line 0xea20638bdc0 : 4 stores
Line 0x98f569098f40 : 4 stores
Line 0xea20636f180 : 3 stores
Line 0xea20636e180 : 2 stores
Line 0xe8035e376280 : 2 stores
Line 0xea20638d600 : 5 stores
Line 0xea20636e100 : 1 stores
Line 0x98f569077980 : 1 stores
Line 0xea20634dbc0 : 1 stores
Line 0xe8035e376340 : 1 stores
Line 0xea20638d6c0 : 6 stores
Line 0x98f5690b4c00 : 4 stores
Line 0xea20638ae40 : 2 stores
Line 0xe8035e374ac0 : 6 stores
Line 0x98f5690b5c00 : 1 stores
Line 0xea20638be40 : 2 stores
Line 0x98f569098ec0 : 1 stores
Line 0xea20636f100 : 1 stores
Line 0xe8035e376300 : 4 stores
Line 0xea20638d680 : 2 stores
Line 0x98f569098f80 : 2 stores
Line 0xea20636f1c0 : 1 stores
Line 0xea20636e1c0 : 1 stores
Line 0xe8035e376400 : 1 stores
Line 0xea20638d780 : 4 stores
Line 0x98f5690b4cc0 : 1 stores
Line 0xea20638af00 : 3 stores
Line 0xe8035e374b80 : 4 stores
Line 0x98f5690b5cc0 : 2 stores
Line 0xea20638bf00 : 4 stores
Line 0x98f569099080 : 3 stores
Line 0xea20636f2c0 : 3 stores
Line 0x98f569098080 : 2 stores
Line 0xea20636e2c0 : 2 stores
Line 0xe8035e3763c0 : 2 stores
Line 0xea20638d740 : 5 stores
Line 0x98f569098000 : 5 stores
Line 0xea20636e240 : 1 stores
Line 0x98f569077ac0 : 1 stores
Line 0xea20634dd00 : 1 stores
Line 0xe8035e376480 : 1 stores
Line 0xea20638d800 : 6 stores
Line 0x98f5690b4d40 : 4 stores
Line 0xea20638af80 : 2 stores
Line 0xe8035e374c00 : 6 stores
Line 0x98f5690b5d40 : 1 stores
Line 0xea20638bf80 : 2 stores
Line 0x98f569099000 : 3 stores
Line 0xea20636f240 : 1 stores
Line 0xe8035e376440 : 4 stores
Line 0xea20638d7c0 : 2 stores
Line 0x98f5690990c0 : 1 stores
Line 0xea20636f300 : 1 stores
Line 0x98f5690980c0 : 6 stores
Line 0xea20636e300 : 1 stores
Line 0xe8035e376540 : 1 stores
Line 0xea20638d8c0 : 4 stores
Line 0x98f5690991c0 : 3 stores
Line 0xea20636f400 : 3 stores
Line 0x98f5690981c0 : 2 stores
Line 0xea20636e400 : 2 stores
Line 0xe8035e376500 : 2 stores
Line 0xea20638d880 : 5 stores
Line 0xe8035e376cc0 : 1 stores
Line 0xea20638e040 : 3 stores
Line 0x98f5690b8e00 : 6 stores
Line 0xea20638f040 : 4 stores
Line 0x98f569098140 : 5 stores
Line 0xea20636e380 : 1 stores
Line 0x98f569077c00 : 1 stores
Line 0xea20634de40 : 1 stores
Line 0xe8035e3765c0 : 1 stores
Line 0xea20638d940 : 6 stores
Line 0xe8035e376d40 : 1 stores
Line 0xea20638e0c0 : 2 stores
Line 0x98f5690b8e80 : 5 stores
Line 0xea20638f0c0 : 2 stores
Line 0x98f569099140 : 3 stores
Line 0xea20636f380 : 1 stores
Line 0xe8035e376580 : 4 stores
Line 0xea20638d900 : 2 stores
Line 0x98f569099200 : 1 stores
Line 0xea20636f440 : 1 stores
Line 0x98f569098200 : 6 stores
Line 0xea20636e440 : 1 stores
Line 0xe8035e376680 : 1 stores
Line 0xea20638da00 : 4 stores
Line 0xe8035e376e00 : 1 stores
Line 0xea20638e180 : 3 stores
Line 0x98f5690b8f40 : 6 stores
Line 0xea20638f180 : 4 stores
Line 0x98f569099300 : 3 stores
Line 0xea20636f540 : 3 stores
Line 0x98f569098300 : 2 stores
Line 0xea20636e540 : 2 stores
Line 0xe8035e376640 : 2 stores
Line 0xea20638d9c0 : 5 stores
Line 0x98f569098280 : 5 stores
Line 0xea20636e4c0 : 1 stores
Line 0x98f569077d40 : 1 stores
Line 0xea20634df80 : 1 stores
Line 0xe8035e376700 : 1 stores
Line 0xea20638da80 : 6 stores
Line 0xe8035e376e80 : 1 stores
Line 0xea20638e200 : 2 stores
Line 0x98f5690b8fc0 : 5 stores
Line 0xea20638f200 : 2 stores
Line 0x98f569099280 : 3 stores
Line 0xea20636f4c0 : 1 stores
Line 0xe8035e3766c0 : 4 stores
Line 0xea20638da40 : 2 stores
Line 0x98f569098340 : 6 stores
Line 0xea20636e580 : 1 stores
Line 0x98f569099340 : 1 stores
Line 0xea20636f580 : 1 stores
Line 0xe8035e3767c0 : 1 stores
Line 0xea20638db40 : 4 stores
Line 0x98f5690b9080 : 2 stores
Line 0xea20638f2c0 : 4 stores
Line 0xe8035e376f40 : 1 stores
Line 0x98f5690b8080 : 1 stores
Line 0xea20638e2c0 : 3 stores
Line 0x98f569098440 : 2 stores
Line 0xea20636e680 : 2 stores
Line 0x98f569099440 : 3 stores
Line 0xea20636f680 : 3 stores
Line 0xe8035e376780 : 2 stores
Line 0xea20638db00 : 5 stores
Line 0x98f5690983c0 : 5 stores
Line 0xea20636e600 : 1 stores
Line 0xe8035e376840 : 1 stores
Line 0xea20638dbc0 : 6 stores
Line 0x98f56907ae80 : 1 stores
Line 0xea2063510c0 : 1 stores
Line 0x98f5690b9100 : 1 stores
Line 0xea20638f340 : 2 stores
Line 0xe8035e376fc0 : 1 stores
Line 0x98f5690b8100 : 4 stores
Line 0xea20638e340 : 2 stores
Line 0x98f5690993c0 : 3 stores
Line 0xea20636f600 : 1 stores
Line 0xe8035e376800 : 4 stores
Line 0xea20638db80 : 2 stores
Line 0x98f569098480 : 6 stores
Line 0xea20636e6c0 : 1 stores
Line 0x98f569099480 : 1 stores
Line 0xea20636f6c0 : 1 stores
Line 0xe8035e376900 : 1 stores
Line 0xea20638dc80 : 4 stores
Line 0xe8035e378080 : 4 stores
Line 0x98f5690b91c0 : 2 stores
Line 0xea20638f400 : 4 stores
Line 0x98f5690b81c0 : 1 stores
Line 0xea20638e400 : 3 stores
Line 0x98f569098580 : 2 stores
Line 0xea20636e7c0 : 2 stores
Line 0x98f569099580 : 3 stores
Line 0xea20636f7c0 : 3 stores
Line 0xe8035e3768c0 : 2 stores
Line 0xea20638dc40 : 5 stores
Line 0x98f569098500 : 5 stores
Line 0xea20636e740 : 1 stores
Line 0xe8035e376980 : 1 stores
Line 0xea20638dd00 : 6 stores
Line 0x98f56907afc0 : 1 stores
Line 0xea206351200 : 1 stores
Line 0xe8035e378100 : 6 stores
Line 0x98f5690b9240 : 1 stores
Line 0xea20638f480 : 2 stores
Line 0x98f5690b8240 : 4 stores
Line 0xea20638e480 : 2 stores
Line 0x98f569099500 : 3 stores
Line 0xea20636f740 : 1 stores
Line 0xe8035e376940 : 4 stores
Line 0xea20638dcc0 : 2 stores
Line 0x98f5690985c0 : 6 stores
Line 0xea20636e800 : 1 stores
Line 0x98f5690995c0 : 1 stores
Line 0xea20636f800 : 1 stores
Line 0xe8035e376a40 : 1 stores
Line 0xea20638ddc0 : 4 stores
Line 0xe8035e3781c0 : 4 stores
Line 0x98f5690b9300 : 2 stores
Line 0xea20638f540 : 4 stores
Line 0x98f5690b8300 : 1 stores
Line 0xea20638e540 : 3 stores
Line 0x98f5690986c0 : 2 stores
Line 0xea20636e900 : 2 stores
Line 0x98f5690996c0 : 3 stores
Line 0xea20636f900 : 3 stores
Line 0xe8035e376a00 : 2 stores
Line 0xea20638dd80 : 5 stores
Line 0x98f569098640 : 5 stores
Line 0xea20636e880 : 1 stores
Line 0xe8035e376ac0 : 1 stores
Line 0xea20638de40 : 6 stores
Line 0xea206351340 : 1 stores
Line 0xe8035e378240 : 6 stores
Line 0x98f5690b9380 : 1 stores
Line 0xea20638f5c0 : 2 stores
Line 0x98f5690b8380 : 4 stores
Line 0xea20638e5c0 : 2 stores
Line 0x98f569099640 : 3 stores
Line 0xea20636f880 : 1 stores
Line 0xe8035e376a80 : 4 stores
Line 0xea20638de00 : 2 stores
Line 0x98f569098700 : 6 stores
Line 0xea20636e940 : 1 stores
Line 0x98f569099700 : 1 stores
Line 0xea20636f940 : 1 stores
Line 0xe8035e376b80 : 1 stores
Line 0xea20638df00 : 4 stores
Line 0xe8035e378300 : 4 stores
Line 0x98f5690b9440 : 2 stores
Line 0xea20638f680 : 4 stores
Line 0x98f5690b8440 : 1 stores
Line 0xea20638e680 : 3 stores
Line 0x98f569098800 : 2 stores
Line 0xea20636ea40 : 2 stores
Line 0x98f569099800 : 3 stores
Line 0xea20636fa40 : 3 stores
Line 0xe8035e376b40 : 2 stores
Line 0xea20638dec0 : 5 stores
Line 0x98f569098780 : 5 stores
Line 0xea20636e9c0 : 1 stores
Line 0xea206351480 : 1 stores
Line 0xe8035e376c00 : 1 stores
Line 0xea20638df80 : 6 stores
Line 0x98f5690b84c0 : 4 stores
Line 0xea20638e700 : 2 stores
Line 0xe8035e378380 : 6 stores
Line 0x98f5690b94c0 : 1 stores
Line 0xea20638f700 : 2 stores
Line 0x98f569099780 : 3 stores
Line 0xea20636f9c0 : 1 stores
Line 0xe8035e376bc0 : 4 stores
Line 0xea20638df40 : 2 stores
Line 0x98f569099840 : 1 stores
Line 0xea20636fa80 : 1 stores
Line 0x98f569098840 : 6 stores
Line 0xea20636ea80 : 1 stores
Line 0x98f5690b8580 : 1 stores
Line 0xea20638e7c0 : 3 stores
Line 0xe8035e378440 : 4 stores
Line 0x98f5690b9580 : 2 stores
Line 0xea20638f7c0 : 4 stores
Line 0x98f569099940 : 3 stores
Line 0xea20636fb80 : 3 stores
Line 0x98f569098940 : 2 stores
Line 0xea20636eb80 : 2 stores
Line 0x98f5690988c0 : 5 stores
Line 0xea20636eb00 : 1 stores
Line 0xea2063515c0 : 1 stores
Line 0xe8035e379cc0 : 3 stores
Line 0x98f5690bae00 : 1 stores
Line 0xea206391040 : 4 stores
Line 0xe8035e379c80 : 2 stores
Line 0x98f5690badc0 : 3 stores
Line 0xea206391000 : 5 stores
Line 0xe8035e379d40 : 3 stores
Line 0x98f5690bae80 : 3 stores
Line 0xea2063910c0 : 6 stores
Line 0x98f5690b8600 : 4 stores
Line 0xea20638e840 : 2 stores
Line 0xe8035e3784c0 : 6 stores
Line 0x98f5690b9600 : 1 stores
Line 0xea20638f840 : 2 stores
Line 0x98f5690998c0 : 3 stores
Line 0xea20636fb00 : 1 stores
Line 0xe8035e379d00 : 1 stores
Line 0x98f5690bae40 : 2 stores
Line 0xea206391080 : 2 stores
Line 0x98f569099980 : 1 stores
Line 0xea20636fbc0 : 1 stores
Line 0x98f569098980 : 6 stores
Line 0xea20636ebc0 : 1 stores
Line 0xe8035e379e00 : 3 stores
Line 0x98f5690baf40 : 1 stores
Line 0xea206391180 : 4 stores
Line 0x98f5690b86c0 : 1 stores
Line 0xea20638e900 : 3 stores
Line 0xe8035e378580 : 4 stores
Line 0x98f5690b96c0 : 2 stores
Line 0xea20638f900 : 4 stores
Line 0x98f569099a80 : 3 stores
Line 0xea20636fcc0 : 3 stores
Line 0x98f569098a80 : 2 stores
Line 0xea20636ecc0 : 2 stores
Line 0xe8035e379dc0 : 2 stores
Line 0x98f5690baf00 : 3 stores
Line 0xea206391140 : 5 stores
Line 0x98f569098a00 : 5 stores
Line 0xea20636ec40 : 1 stores
Line 0xea206351700 : 1 stores
Line 0xe8035e379e80 : 3 stores
Line 0x98f5690bafc0 : 3 stores
Line 0xea206391200 : 6 stores
Line 0x98f5690b8740 : 4 stores
Line 0xea20638e980 : 2 stores
Line 0xe8035e378600 : 6 stores
Line 0x98f5690b9740 : 1 stores
Line 0xea20638f980 : 2 stores
Line 0x98f569099a00 : 3 stores
Line 0xea20636fc40 : 1 stores
Line 0xe8035e379e40 : 1 stores
Line 0x98f5690baf80 : 2 stores
Line 0xea2063911c0 : 2 stores
Line 0x98f569099ac0 : 1 stores
Line 0xea20636fd00 : 1 stores
Line 0x98f569098ac0 : 6 stores
Line 0xea20636ed00 : 1 stores
Line 0xe8035e379f40 : 3 stores
Line 0xea2063912c0 : 4 stores
Line 0x98f5690b8800 : 1 stores
Line 0xea20638ea40 : 3 stores
Line 0xe8035e3786c0 : 4 stores
Line 0x98f5690b9800 : 2 stores
Line 0xea20638fa40 : 4 stores
Line 0x98f569099bc0 : 3 stores
Line 0xea20636fe00 : 3 stores
Line 0x98f569098bc0 : 2 stores
Line 0xea20636ee00 : 2 stores
Line 0xe8035e379f00 : 2 stores
Line 0xea206391280 : 5 stores
Line 0x98f569098b40 : 5 stores
Line 0xea20636ed80 : 1 stores
Line 0xea206351840 : 1 stores
Line 0xe8035e379fc0 : 3 stores
Line 0xea206391340 : 6 stores
Line 0x98f5690b8880 : 4 stores
Line 0xea20638eac0 : 2 stores
Line 0xe8035e378740 : 6 stores
Line 0x98f5690b9880 : 1 stores
Line 0xea20638fac0 : 2 stores
Line 0x98f569099b40 : 3 stores
Line 0xea20636fd80 : 1 stores
Line 0xe8035e379f80 : 1 stores
Line 0xea206391300 : 2 stores
Line 0x98f569099c00 : 1 stores
Line 0xea20636fe40 : 1 stores
Line 0x98f569098c00 : 6 stores
Line 0xea20636ee40 : 1 stores
Line 0xe8035e37a080 : 1 stores
Line 0xea206391400 : 4 stores
Line 0x98f5690b8940 : 1 stores
Line 0xea20638eb80 : 3 stores
Line 0xe8035e378800 : 4 stores
Line 0x98f5690b9940 : 2 stores
Line 0xea20638fb80 : 4 stores
Line 0x98f569099d00 : 3 stores
Line 0xea20636ff40 : 3 stores
Line 0x98f569098d00 : 2 stores
Line 0xea20636ef40 : 2 stores
Line 0xe8035e37a040 : 2 stores
Line 0xea2063913c0 : 5 stores
Line 0x98f569098c80 : 5 stores
Line 0xea20636eec0 : 1 stores
Line 0xea206351980 : 1 stores
Line 0xe8035e37a100 : 1 stores
Line 0xea206391480 : 6 stores
Line 0x98f5690b89c0 : 4 stores
Line 0xea20638ec00 : 2 stores
Line 0xe8035e378880 : 6 stores
Line 0x98f5690b99c0 : 1 stores
Line 0xea20638fc00 : 2 stores
Line 0x98f569099c80 : 3 stores
Line 0xea20636fec0 : 1 stores
Line 0xe8035e37a0c0 : 4 stores
Line 0xea206391440 : 2 stores
Line 0x98f569099d40 : 1 stores
Line 0xea20636ff80 : 1 stores
Line 0x98f569098d40 : 6 stores
Line 0xea20636ef80 : 1 stores
Line 0xe8035e37a1c0 : 1 stores
Line 0xea206391540 : 4 stores
Line 0x98f5690b8a80 : 1 stores
Line 0xea20638ecc0 : 3 stores
Line 0xe8035e378940 : 4 stores
Line 0x98f5690b9a80 : 2 stores
Line 0xea20638fcc0 : 4 stores
Line 0xea206372080 : 3 stores
Line 0x98f56909ce40 : 4 stores
Line 0xea206373080 : 2 stores
Line 0xe8035e37a180 : 2 stores
Line 0xea206391500 : 5 stores
Line 0x98f56909cdc0 : 1 stores
Line 0xea206373000 : 1 stores
Line 0xea206351ac0 : 1 stores
Line 0xe8035e37a240 : 1 stores
Line 0xea2063915c0 : 6 stores
Line 0x98f5690b8b00 : 4 stores
Line 0xea20638ed40 : 2 stores
Line 0xe8035e3789c0 : 6 stores
Line 0x98f5690b9b00 : 1 stores
Line 0xea20638fd40 : 2 stores
Line 0xea206372000 : 1 stores
Line 0xe8035e37a200 : 4 stores
Line 0xea206391580 : 2 stores
Line 0xea2063720c0 : 1 stores
Line 0x98f56909ce80 : 2 stores
Line 0xea2063730c0 : 1 stores
Line 0xe8035e37a300 : 1 stores
Line 0xea206391680 : 4 stores
Line 0x98f5690b8bc0 : 1 stores
Line 0xea20638ee00 : 3 stores
Line 0xe8035e378a80 : 4 stores
Line 0x98f5690b9bc0 : 2 stores
Line 0xea20638fe00 : 4 stores
Line 0xea2063721c0 : 3 stores
Line 0x98f56909cf80 : 4 stores
Line 0xea2063731c0 : 2 stores
Line 0xe8035e37a2c0 : 2 stores
Line 0xea206391640 : 5 stores
Line 0x98f56909cf00 : 1 stores
Line 0xea206373140 : 1 stores
Line 0xea206351c00 : 1 stores
Line 0xe8035e37a380 : 1 stores
Line 0xea206391700 : 6 stores
Line 0x98f5690b8c40 : 4 stores
Line 0xea20638ee80 : 2 stores
Line 0xe8035e378b00 : 6 stores
Line 0x98f5690b9c40 : 1 stores
Line 0xea20638fe80 : 2 stores
Line 0xea206372140 : 1 stores
Line 0xe8035e37a340 : 4 stores
Line 0xea2063916c0 : 2 stores
Line 0x98f56909cfc0 : 2 stores
Line 0xea206373200 : 1 stores
Line 0xea206372200 : 1 stores
Line 0xe8035e37a440 : 1 stores
Line 0xea2063917c0 : 4 stores
Line 0xe8035e378bc0 : 4 stores
Line 0x98f5690b9d00 : 2 stores
Line 0xea20638ff40 : 4 stores
Line 0x98f5690b8d00 : 1 stores
Line 0xea20638ef40 : 3 stores
Line 0x98f56909d0c0 : 3 stores
Line 0xea206373300 : 2 stores
Line 0x98f56909c0c0 : 2 stores
Line 0xea206372300 : 3 stores
Line 0xe8035e37a400 : 2 stores
Line 0xea206391780 : 5 stores
Line 0x98f56909d040 : 3 stores
Line 0xea206373280 : 1 stores
Line 0xe8035e37a4c0 : 1 stores
Line 0xea206391840 : 6 stores
Line 0xea206351d40 : 1 stores
Line 0xe8035e378c40 : 6 stores
Line 0x98f5690b9d80 : 1 stores
Line 0xea20638ffc0 : 2 stores
Line 0x98f5690b8d80 : 4 stores
Line 0xea20638efc0 : 2 stores
Line 0x98f56909c040 : 5 stores
Line 0xea206372280 : 1 stores
Line 0xe8035e37a480 : 4 stores
Line 0xea206391800 : 2 stores
Line 0x98f56909d100 : 1 stores
Line 0xea206373340 : 1 stores
Line 0x98f56909c100 : 6 stores
Line 0xea206372340 : 1 stores
Line 0xe8035e37a580 : 1 stores
Line 0xea206391900 : 4 stores
Line 0xe8035e37ad00 : 1 stores
Line 0xea206392080 : 4 stores
Line 0x98f5690bce40 : 6 stores
Line 0xea206393080 : 3 stores
Line 0x98f56909d200 : 3 stores
Line 0xea206373440 : 2 stores
Line 0x98f56909c200 : 2 stores
Line 0xea206372440 : 3 stores
Line 0xe8035e37a540 : 2 stores
Line 0xea2063918c0 : 5 stores
Line 0x98f56909d180 : 3 stores
Line 0xea2063733c0 : 1 stores
Line 0xe8035e37a600 : 1 stores
Line 0xea206391980 : 6 stores
Line 0xea206351e80 : 1 stores
Line 0xe8035e37ad80 : 1 stores
Line 0xea206392100 : 2 stores
Line 0x98f5690bcec0 : 5 stores
Line 0xea206393100 : 2 stores
Line 0x98f56909c180 : 5 stores
Line 0xea2063723c0 : 1 stores
Line 0xe8035e37a5c0 : 4 stores
Line 0xea206391940 : 2 stores
Line 0x98f56909d240 : 1 stores
Line 0xea206373480 : 1 stores
Line 0x98f56909c240 : 6 stores
Line 0xea206372480 : 1 stores
Line 0xe8035e37a6c0 : 1 stores
Line 0xea206391a40 : 4 stores
Line 0xe8035e37ae40 : 1 stores
Line 0xea2063921c0 : 4 stores
Line 0x98f5690bcf80 : 6 stores
Line 0xea2063931c0 : 3 stores
Line 0x98f56909d340 : 3 stores
Line 0xea206373580 : 2 stores
Line 0x98f56909c340 : 2 stores
Line 0xea206372580 : 3 stores
Line 0xe8035e37a680 : 2 stores
Line 0xea206391a00 : 5 stores
Line 0x98f56909d2c0 : 3 stores
Line 0xea206373500 : 1 stores
Line 0xe8035e37a740 : 1 stores
Line 0xea206391ac0 : 6 stores
Line 0xea206351fc0 : 1 stores
Line 0xe8035e37aec0 : 1 stores
Line 0x98f5690bc000 : 4 stores
Line 0xea206392240 : 2 stores
Line 0xea206393240 : 2 stores
Line 0x98f56909c2c0 : 5 stores
Line 0xea206372500 : 1 stores
Line 0xe8035e37a700 : 4 stores
Line 0xea206391a80 : 2 stores
Line 0x98f56909d380 : 1 stores
Line 0xea2063735c0 : 1 stores
Line 0x98f56909c380 : 6 stores
Line 0xea2063725c0 : 1 stores
Line 0xe8035e37a800 : 1 stores
Line 0xea206391b80 : 4 stores
Line 0xe8035e37af80 : 1 stores
Line 0x98f5690bc0c0 : 1 stores
Line 0xea206392300 : 4 stores
Line 0xea206393300 : 3 stores
Line 0x98f56909d480 : 3 stores
Line 0xea2063736c0 : 2 stores
Line 0x98f56909c480 : 2 stores
Line 0xea2063726c0 : 3 stores
Line 0xe8035e37a7c0 : 2 stores
Line 0xea206391b40 : 5 stores
Line 0x98f56909d400 : 3 stores
Line 0xea206373640 : 1 stores
Line 0xe8035e37a880 : 1 stores
Line 0xea206391c00 : 6 stores
Line 0x98f56907eec0 : 1 stores
Line 0xea206355100 : 1 stores
Line 0x98f5690bc140 : 4 stores
Line 0xea206392380 : 2 stores
Line 0xe8035e37c000 : 6 stores
Line 0xea206393380 : 2 stores
Line 0x98f56909c400 : 5 stores
Line 0xea206372640 : 1 stores
Line 0xe8035e37a840 : 4 stores
Line 0xea206391bc0 : 2 stores
Line 0x98f56909d4c0 : 1 stores
Line 0xea206373700 : 1 stores
Line 0x98f56909c4c0 : 6 stores
Line 0xea206372700 : 1 stores
Line 0xe8035e37a940 : 1 stores
Line 0xea206391cc0 : 4 stores
Line 0x98f5690bc200 : 1 stores
Line 0xea206392440 : 4 stores
Line 0xe8035e37c0c0 : 4 stores
Line 0xea206393440 : 3 stores
Line 0x98f56909d5c0 : 3 stores
Line 0xea206373800 : 2 stores
Line 0x98f56909c5c0 : 2 stores
Line 0xea206372800 : 3 stores
Line 0xe8035e37a900 : 2 stores
Line 0xea206391c80 : 5 stores
Line 0x98f56909d540 : 3 stores
Line 0xea206373780 : 1 stores
Line 0xe8035e37a9c0 : 1 stores
Line 0xea206391d40 : 6 stores
Line 0x98f56907f000 : 1 stores
Line 0xea206355240 : 1 stores
Line 0x98f5690bc280 : 4 stores
Line 0xea2063924c0 : 2 stores
Line 0xe8035e37c140 : 6 stores
Line 0xea2063934c0 : 2 stores
Line 0x98f56909c540 : 5 stores
Line 0xea206372780 : 1 stores
Line 0xe8035e37a980 : 4 stores
Line 0xea206391d00 : 2 stores
Line 0x98f56909d600 : 1 stores
Line 0xea206373840 : 1 stores
Line 0x98f56909c600 : 6 stores
Line 0xea206372840 : 1 stores
Line 0xe8035e37aa80 : 1 stores
Line 0xea206391e00 : 4 stores
Line 0x98f5690bc340 : 1 stores
Line 0xea206392580 : 4 stores
Line 0xe8035e37c200 : 4 stores
Line 0xea206393580 : 3 stores
Line 0x98f56909d700 : 3 stores
Line 0xea206373940 : 2 stores
Line 0x98f56909c700 : 2 stores
Line 0xea206372940 : 3 stores
Line 0xe8035e37aa40 : 2 stores
Line 0xea206391dc0 : 5 stores
Line 0x98f56909d680 : 3 stores
Line 0xea2063738c0 : 1 stores
Line 0xe8035e37ab00 : 1 stores
Line 0xea206391e80 : 6 stores
Line 0x98f56907f140 : 1 stores
Line 0xea206355380 : 1 stores
Line 0x98f5690bc3c0 : 4 stores
Line 0xea206392600 : 2 stores
Line 0xe8035e37c280 : 6 stores
Line 0xea206393600 : 2 stores
Line 0x98f56909c680 : 5 stores
Line 0xea2063728c0 : 1 stores
Line 0xe8035e37aac0 : 4 stores
Line 0xea206391e40 : 2 stores
Line 0x98f56909d740 : 1 stores
Line 0xea206373980 : 1 stores
Line 0x98f56909c740 : 6 stores
Line 0xea206372980 : 1 stores
Line 0xe8035e37abc0 : 1 stores
Line 0xea206391f40 : 4 stores
Line 0x98f5690bc480 : 1 stores
Line 0xea2063926c0 : 4 stores
Line 0xe8035e37c340 : 4 stores
Line 0xea2063936c0 : 3 stores
Line 0x98f56909d840 : 3 stores
Line 0xea206373a80 : 2 stores
Line 0x98f56909c840 : 2 stores
Line 0xea206372a80 : 3 stores
Line 0xe8035e37ab80 : 2 stores
Line 0xea206391f00 : 5 stores
Line 0x98f56909d7c0 : 3 stores
Line 0xea206373a00 : 1 stores
Line 0x98f56907f280 : 1 stores
Line 0xea2063554c0 : 1 stores
Line 0xe8035e37ac40 : 1 stores
Line 0xea206391fc0 : 6 stores
Line 0xe8035e37c3c0 : 6 stores
Line 0xea206393740 : 2 stores
Line 0x98f5690bc500 : 4 stores
Line 0xea206392740 : 2 stores
Line 0x98f56909c7c0 : 5 stores
Line 0xea206372a00 : 1 stores
Line 0xe8035e37ac00 : 4 stores
Line 0xea206391f80 : 2 stores
Line 0x98f56909c880 : 6 stores
Line 0xea206372ac0 : 1 stores
Line 0x98f56909d880 : 1 stores
Line 0xea206373ac0 : 1 stores
Line 0xe8035e37c480 : 4 stores
Line 0xea206393800 : 3 stores
Line 0x98f5690bc5c0 : 1 stores
Line 0xea206392800 : 4 stores
Line 0x98f56909c980 : 2 stores
Line 0xea206372bc0 : 3 stores
Line 0x98f56909d980 : 3 stores
Line 0xea206373bc0 : 2 stores
Line 0xe8035e37dd00 : 2 stores
Line 0xea206395080 : 4 stores
Line 0xe8035e37dcc0 : 2 stores
Line 0xea206395040 : 5 stores
Line 0x98f56909d900 : 3 stores
Line 0xea206373b40 : 1 stores
Line 0x98f56907f3c0 : 1 stores
Line 0xea206355600 : 1 stores
Line 0xe8035e37dd80 : 4 stores
Line 0xea206395100 : 6 stores
Line 0xe8035e37c500 : 6 stores
Line 0xea206393880 : 2 stores
Line 0x98f5690bc640 : 4 stores
Line 0xea206392880 : 2 stores
Line 0x98f56909c900 : 5 stores
Line 0xea206372b40 : 1 stores
Line 0xe8035e37dd40 : 1 stores
Line 0xea2063950c0 : 2 stores
Line 0x98f56909c9c0 : 6 stores
Line 0xea206372c00 : 1 stores
Line 0x98f56909d9c0 : 1 stores
Line 0xea206373c00 : 1 stores
Line 0xe8035e37de40 : 2 stores
Line 0xea2063951c0 : 4 stores
Line 0xe8035e37c5c0 : 4 stores
Line 0xea206393940 : 3 stores
Line 0x98f5690bc700 : 1 stores
Line 0xea206392940 : 4 stores
Line 0x98f56909cac0 : 2 stores
Line 0xea206372d00 : 3 stores
Line 0x98f56909dac0 : 3 stores
Line 0xea206373d00 : 2 stores
Line 0xe8035e37de00 : 2 stores
Line 0xea206395180 : 5 stores
Line 0x98f56909da40 : 3 stores
Line 0xea206373c80 : 1 stores
Line 0x98f56907f500 : 1 stores
Line 0xea206355740 : 1 stores
Line 0xe8035e37dec0 : 4 stores
Line 0xea206395240 : 6 stores
Line 0xe8035e37c640 : 6 stores
Line 0xea2063939c0 : 2 stores
Line 0x98f5690bc780 : 4 stores
Line 0xea2063929c0 : 2 stores
Line 0x98f56909ca40 : 5 stores
Line 0xea206372c80 : 1 stores
Line 0xe8035e37de80 : 1 stores
Line 0xea206395200 : 2 stores
Line 0x98f56909cb00 : 6 stores
Line 0xea206372d40 : 1 stores
Line 0x98f56909db00 : 1 stores
Line 0xea206373d40 : 1 stores
Line 0xe8035e37df80 : 2 stores
Line 0xea206395300 : 4 stores
Line 0xe8035e37c700 : 4 stores
Line 0xea206393a80 : 3 stores
Line 0x98f5690bc840 : 1 stores
Line 0xea206392a80 : 4 stores
Line 0x98f56909cc00 : 2 stores
Line 0xea206372e40 : 3 stores
Line 0x98f56909dc00 : 3 stores
Line 0xea206373e40 : 2 stores
Line 0xe8035e37df40 : 2 stores
Line 0xea2063952c0 : 5 stores
Line 0x98f56909db80 : 3 stores
Line 0xea206373dc0 : 1 stores
Line 0x98f56907f640 : 1 stores
Line 0xea206355880 : 1 stores
Line 0xe8035e37e000 : 1 stores
Line 0xea206395380 : 6 stores
Line 0xe8035e37c780 : 6 stores
Line 0xea206393b00 : 2 stores
Line 0x98f5690bc8c0 : 4 stores
Line 0xea206392b00 : 2 stores
Line 0x98f56909cb80 : 5 stores
Line 0xea206372dc0 : 1 stores
Line 0xe8035e37dfc0 : 1 stores
Line 0xea206395340 : 2 stores
Line 0x98f56909cc40 : 6 stores
Line 0xea206372e80 : 1 stores
Line 0x98f56909dc40 : 1 stores
Line 0xea206373e80 : 1 stores
Line 0xe8035e37e0c0 : 1 stores
Line 0xea206395440 : 4 stores
Line 0xe8035e37c840 : 4 stores
Line 0xea206393bc0 : 3 stores
Line 0x98f5690bc980 : 1 stores
Line 0xea206392bc0 : 4 stores
Line 0x98f56909cd40 : 2 stores
Line 0xea206372f80 : 3 stores
Line 0x98f56909dd40 : 3 stores
Line 0xea206373f80 : 2 stores
Line 0xe8035e37e080 : 3 stores
Line 0xea206395400 : 5 stores
Line 0x98f56909dcc0 : 3 stores
Line 0xea206373f00 : 1 stores
Line 0x98f56907f780 : 1 stores
Line 0xea2063559c0 : 1 stores
Line 0xe8035e37e140 : 1 stores
Line 0xea2063954c0 : 6 stores
Line 0xe8035e37c8c0 : 6 stores
Line 0xea206393c40 : 2 stores
Line 0x98f5690bca00 : 4 stores
Line 0xea206392c40 : 2 stores
Line 0x98f56909ccc0 : 5 stores
Line 0xea206372f00 : 1 stores
Line 0xe8035e37e100 : 3 stores
Line 0xea206395480 : 2 stores
Line 0x98f56909cd80 : 6 stores
Line 0xea206372fc0 : 1 stores
Line 0x98f56909dd80 : 1 stores
Line 0xea206373fc0 : 1 stores
Line 0xe8035e37e200 : 1 stores
Line 0xea206395580 : 4 stores
Line 0xe8035e37c980 : 4 stores
Line 0xea206393d00 : 3 stores
Line 0x98f5690bcac0 : 1 stores
Line 0xea206392d00 : 4 stores
Line 0xea2063760c0 : 3 stores
Line 0xe8035e37e1c0 : 3 stores
Line 0xea206395540 : 5 stores
Line 0x98f56907f8c0 : 1 stores
Line 0xea206355b00 : 1 stores
Line 0xe8035e37e280 : 1 stores
Line 0xea206395600 : 6 stores
Line 0xe8035e37ca00 : 6 stores
Line 0xea206393d80 : 2 stores
Line 0x98f5690bcb40 : 4 stores
Line 0xea206392d80 : 2 stores
Line 0xea206376040 : 1 stores
Line 0xe8035e37e240 : 3 stores
Line 0xea2063955c0 : 2 stores
Line 0xea206376100 : 1 stores
Line 0xe8035e37e340 : 1 stores
Line 0xea2063956c0 : 4 stores
Line 0xe8035e37cac0 : 4 stores
Line 0xea206393e40 : 3 stores
Line 0x98f5690bcc00 : 1 stores
Line 0xea206392e40 : 4 stores
Line 0xea206376200 : 3 stores
Line 0xe8035e37e300 : 3 stores
Line 0xea206395680 : 5 stores
Line 0x98f56907fa00 : 1 stores
Line 0xea206355c40 : 1 stores
Line 0xe8035e37e3c0 : 1 stores
Line 0xea206395740 : 6 stores
Line 0xe8035e37cb40 : 6 stores
Line 0xea206393ec0 : 2 stores
Line 0x98f5690bcc80 : 4 stores
Line 0xea206392ec0 : 2 stores
Line 0xea206376180 : 1 stores
Line 0xe8035e37e380 : 3 stores
Line 0xea206395700 : 2 stores
Line 0x98f5690a0000 : 6 stores
Line 0xea206376240 : 1 stores
Line 0xe8035e37e480 : 1 stores
Line 0xea206395800 : 4 stores
Line 0x98f5690bcd40 : 1 stores
Line 0xea206392f80 : 4 stores
Line 0xe8035e37cc00 : 4 stores
Line 0xea206393f80 : 3 stores
Line 0xe8035e37e440 : 3 stores
Line 0xea2063957c0 : 5 stores
Line 0xe8035e37e500 : 1 stores
Line 0xea206395880 : 6 stores
Line 0x98f56907fb40 : 1 stores
Line 0xea206355d80 : 1 stores
Line 0xe8035e37ec80 : 1 stores
Line 0xea206396000 : 2 stores
Line 0xea206397000 : 2 stores
Line 0xe8035e37e4c0 : 3 stores
Line 0xea206395840 : 2 stores
Line 0x6c6f1e454100 : 1 stores
Line 0x98f5690a0140 : 6 stores
Line 0xea206376380 : 1 stores
Line 0xe8035e37e5c0 : 1 stores
Line 0xea206395940 : 4 stores
Line 0xea2063970c0 : 3 stores
Line 0xe8035e37ed40 : 1 stores
Line 0xea2063960c0 : 4 stores
Line 0xe8035e37e580 : 3 stores
Line 0xea206395900 : 5 stores
Line 0x98f56907fc80 : 1 stores
Line 0xea206355ec0 : 1 stores
Line 0xe8035e37e640 : 1 stores
Line 0xea2063959c0 : 6 stores
Line 0xea206397140 : 2 stores
Line 0xe8035e37edc0 : 1 stores
Line 0xea206396140 : 2 stores
Line 0xe8035e37e600 : 3 stores
Line 0xea206395980 : 2 stores
Line 0x6c6f1e454240 : 1 stores
Line 0x98f5690a0280 : 6 stores
Line 0xea2063764c0 : 1 stores
Line 0xe8035e37e700 : 1 stores
Line 0xea206395a80 : 4 stores
Line 0xe8035e37ee80 : 1 stores
Line 0xea206396200 : 4 stores
Line 0xea206397200 : 3 stores
Line 0xe8035e37e6c0 : 3 stores
Line 0xea206395a40 : 5 stores
Line 0xe8035e37e780 : 1 stores
Line 0xea206395b00 : 6 stores
Line 0x98f569082dc0 : 4 stores
Line 0xea206359000 : 1 stores
Line 0xe8035e37ef00 : 1 stores
Line 0xea206396280 : 2 stores
Line 0xea206397280 : 2 stores
Line 0xe8035e37e740 : 3 stores
Line 0xea206395ac0 : 2 stores
Line 0x6c6f1e454380 : 1 stores
Line 0x98f5690a03c0 : 6 stores
Line 0xea206376600 : 1 stores
Line 0xe8035e37e840 : 1 stores
Line 0xea206395bc0 : 4 stores
Line 0xe8035e37efc0 : 1 stores
Line 0xea206396340 : 4 stores
Line 0xea206397340 : 3 stores
Line 0x6c6f1e455480 : 1 stores
Line 0x98f5690a14c0 : 4 stores
Line 0xea206377700 : 2 stores
Line 0xe8035e37e800 : 3 stores
Line 0xea206395b80 : 5 stores
Line 0x6c6f1e455400 : 1 stores
Line 0x98f5690a1440 : 2 stores
Line 0xea206377680 : 1 stores
Line 0xe8035e37e8c0 : 1 stores
Line 0xea206395c40 : 6 stores
Line 0x98f569082f00 : 4 stores
Line 0xea206359140 : 1 stores
Line 0xea2063963c0 : 2 stores
Line 0xe8035e380040 : 6 stores
Line 0xea2063973c0 : 2 stores
Line 0xe8035e37e880 : 3 stores
Line 0xea206395c00 : 2 stores
Line 0x6c6f1e4544c0 : 1 stores
Line 0x98f5690a0500 : 6 stores
Line 0xea206376740 : 1 stores
Line 0xe8035e37e980 : 1 stores
Line 0xea206395d00 : 4 stores
Line 0xea206396480 : 4 stores
Line 0xe8035e380100 : 4 stores
Line 0xea206397480 : 3 stores
Line 0x6c6f1e4555c0 : 1 stores
Line 0x98f5690a1600 : 4 stores
Line 0xea206377840 : 2 stores
Line 0xe8035e37e940 : 3 stores
Line 0xea206395cc0 : 5 stores
Line 0x6c6f1e455540 : 1 stores
Line 0x98f5690a1580 : 2 stores
Line 0xea2063777c0 : 1 stores
Line 0xe8035e37ea00 : 1 stores
Line 0xea206395d80 : 6 stores
Line 0xea206359280 : 1 stores
Line 0xea206396500 : 2 stores
Line 0xe8035e380180 : 6 stores
Line 0xea206397500 : 2 stores
Line 0xe8035e37e9c0 : 3 stores
Line 0xea206395d40 : 2 stores
Line 0x6c6f1e454600 : 1 stores
Line 0x98f5690a0640 : 6 stores
Line 0xea206376880 : 1 stores
Line 0xe8035e37eac0 : 1 stores
Line 0xea206395e40 : 4 stores
Line 0xea2063965c0 : 4 stores
Line 0xe8035e380240 : 4 stores
Line 0xea2063975c0 : 3 stores
Line 0x6c6f1e455700 : 1 stores
Line 0x98f5690a1740 : 4 stores
Line 0xea206377980 : 2 stores
Line 0xe8035e37ea80 : 3 stores
Line 0xea206395e00 : 5 stores
Line 0x6c6f1e455680 : 1 stores
Line 0x98f5690a16c0 : 2 stores
Line 0xea206377900 : 1 stores
Line 0xe8035e37eb40 : 1 stores
Line 0xea206395ec0 : 6 stores
Line 0xea2063593c0 : 1 stores
Line 0xea206396640 : 2 stores
Line 0xe8035e3802c0 : 6 stores
Line 0xea206397640 : 2 stores
Line 0xe8035e37eb00 : 3 stores
Line 0xea206395e80 : 2 stores
Line 0x6c6f1e454740 : 1 stores
Line 0x98f5690a0780 : 6 stores
Line 0xea2063769c0 : 1 stores
Line 0xe8035e37ec00 : 1 stores
Line 0xea206395f80 : 4 stores
Line 0xe8035e380380 : 4 stores
Line 0xea206397700 : 3 stores
Line 0xea206396700 : 4 stores
Line 0x6c6f1e455840 : 1 stores
Line 0x98f5690a1880 : 4 stores
Line 0xea206377ac0 : 2 stores
Line 0xe8035e37ebc0 : 3 stores
Line 0xea206395f40 : 5 stores
Line 0x6c6f1e4557c0 : 1 stores
Line 0x98f5690a1800 : 2 stores
Line 0xea206377a40 : 1 stores
Line 0xea206359500 : 1 stores
Line 0xe8035e380400 : 6 stores
Line 0xea206397780 : 2 stores
Line 0xea206396780 : 2 stores
Line 0xe8035e381c80 : 3 stores
Line 0xea206399000 : 6 stores
Line 0xe8035e37ec40 : 3 stores
Line 0xea206395fc0 : 2 stores
Line 0x6c6f1e454880 : 1 stores
Line 0x98f5690a08c0 : 6 stores
Line 0xea206376b00 : 1 stores
Line 0xe8035e381d40 : 3 stores
Line 0xea2063990c0 : 4 stores
Line 0xe8035e3804c0 : 4 stores
Line 0xea206397840 : 3 stores
Line 0xea206396840 : 4 stores
Line 0x6c6f1e455980 : 1 stores
Line 0x98f5690a19c0 : 4 stores
Line 0xea206377c00 : 2 stores
Line 0xe8035e381d00 : 2 stores
Line 0xea206399080 : 5 stores
Line 0x6c6f1e455900 : 1 stores
Line 0x98f5690a1940 : 2 stores
Line 0xea206377b80 : 1 stores
Line 0xea206359640 : 1 stores
Line 0xe8035e381dc0 : 3 stores
Line 0xea206399140 : 6 stores
Line 0xe8035e380540 : 6 stores
Line 0xea2063978c0 : 2 stores
Line 0xea2063968c0 : 2 stores
Line 0xe8035e381d80 : 1 stores
Line 0xea206399100 : 2 stores
Line 0x6c6f1e4549c0 : 1 stores
Line 0x98f5690a0a00 : 6 stores
Line 0xea206376c40 : 1 stores
Line 0xe8035e381e80 : 3 stores
Line 0xea206399200 : 4 stores
Line 0xe8035e380600 : 4 stores
Line 0xea206397980 : 3 stores
Line 0xea206396980 : 4 stores
Line 0x6c6f1e455ac0 : 1 stores
Line 0x98f5690a1b00 : 4 stores
Line 0xea206377d40 : 2 stores
Line 0xe8035e381e40 : 2 stores
Line 0xea2063991c0 : 5 stores
Line 0x6c6f1e455a40 : 1 stores
Line 0x98f5690a1a80 : 2 stores
Line 0xea206377cc0 : 1 stores
Line 0xea206359780 : 1 stores
Line 0xe8035e381f00 : 3 stores
Line 0xea206399280 : 6 stores
Line 0xe8035e380680 : 6 stores
Line 0xea206397a00 : 2 stores
Line 0xea206396a00 : 2 stores
Line 0xe8035e381ec0 : 1 stores
Line 0xea206399240 : 2 stores
Line 0x6c6f1e454b00 : 1 stores
Line 0x98f5690a0b40 : 6 stores
Line 0xea206376d80 : 1 stores
Line 0xe8035e380740 : 4 stores
Line 0xea206397ac0 : 3 stores
Line 0xea206396ac0 : 4 stores
Line 0x6c6f1e455c00 : 1 stores
Line 0x98f5690a1c40 : 4 stores
Line 0xea206377e80 : 2 stores
Line 0x6c6f1e455b80 : 1 stores
Line 0x98f5690a1bc0 : 2 stores
Line 0xea206377e00 : 1 stores
Line 0xea2063598c0 : 1 stores
Line 0xe8035e3807c0 : 6 stores
Line 0xea206397b40 : 2 stores
Line 0xea206396b40 : 2 stores
Line 0x6c6f1e454c40 : 1 stores
Line 0x98f5690a0c80 : 6 stores
Line 0xea206376ec0 : 1 stores
Line 0xe8035e380880 : 4 stores
Line 0xea206397c00 : 3 stores
Line 0xea206396c00 : 4 stores
Line 0x6c6f1e455d40 : 1 stores
Line 0x98f5690a1d80 : 4 stores
Line 0xea206377fc0 : 2 stores
Line 0x6c6f1e455cc0 : 1 stores
Line 0x98f5690a1d00 : 2 stores
Line 0xea206377f40 : 1 stores
Line 0xea206359a00 : 1 stores
Line 0xe8035e380900 : 6 stores
Line 0xea206397c80 : 2 stores
Line 0xea206396c80 : 2 stores
Line 0xea20637a000 : 1 stores
Line 0xe8035e3809c0 : 4 stores
Line 0xea206397d40 : 3 stores
Line 0xea206396d40 : 4 stores
Line 0xea20637a100 : 3 stores
Line 0xea206359b40 : 1 stores
Line 0xea206396dc0 : 2 stores
Line 0xe8035e380a40 : 6 stores
Line 0xea206397dc0 : 2 stores
Line 0xea20637a080 : 1 stores
Line 0xea20637a140 : 1 stores
Line 0xea206396e80 : 4 stores
Line 0xe8035e380b00 : 4 stores
Line 0xea206397e80 : 3 stores
Line 0x98f5690a4000 : 2 stores
Line 0xea20637a240 : 3 stores
Line 0xea206359c80 : 1 stores
Line 0xea206396f00 : 2 stores
Line 0xe8035e380b80 : 6 stores
Line 0xea206397f00 : 2 stores
Line 0xea20637a1c0 : 1 stores
Line 0x98f5690a5040 : 1 stores
Line 0xea20637b280 : 1 stores
Line 0x6c6f1e458000 : 1 stores
Line 0x98f5690a4040 : 6 stores
Line 0xea20637a280 : 1 stores
Line 0xea206396fc0 : 4 stores
Line 0xe8035e380c40 : 4 stores
Line 0xea206397fc0 : 3 stores
Line 0x98f5690a5140 : 3 stores
Line 0xea20637b380 : 2 stores
Line 0x98f5690a50c0 : 3 stores
Line 0xea20637b300 : 1 stores
Line 0xea206359dc0 : 1 stores
Line 0x98f5690a5180 : 1 stores
Line 0xea20637b3c0 : 1 stores
Line 0x6c6f1e458140 : 1 stores
Line 0x98f5690a4180 : 6 stores
Line 0xea20637a3c0 : 1 stores
Line 0x98f5690a5280 : 3 stores
Line 0xea20637b4c0 : 2 stores
Line 0x98f5690a5200 : 3 stores
Line 0xea20637b440 : 1 stores
Line 0xea206359f00 : 1 stores
Line 0x98f5690a52c0 : 1 stores
Line 0xea20637b500 : 1 stores
Line 0x6c6f1e458280 : 1 stores
Line 0x98f5690a42c0 : 6 stores
Line 0xea20637a500 : 1 stores
Line 0x98f5690a53c0 : 3 stores
Line 0xea20637b600 : 2 stores
Line 0x98f5690a5340 : 3 stores
Line 0xea20637b580 : 1 stores
Line 0x98f569086e00 : 1 stores
Line 0xea20635d040 : 1 stores
Line 0xea20639b2c0 : 2 stores
Line 0x98f5690a5400 : 1 stores
Line 0xea20637b640 : 1 stores
Line 0x6c6f1e4583c0 : 1 stores
Line 0x98f5690a4400 : 6 stores
Line 0xea20637a640 : 1 stores
Line 0xe8035e384000 : 4 stores
Line 0xea20639b380 : 3 stores
Line 0x98f5690a5500 : 3 stores
Line 0xea20637b740 : 2 stores
Line 0x98f5690a5480 : 3 stores
Line 0xea20637b6c0 : 1 stores
Line 0x98f569086f40 : 1 stores
Line 0xea20635d180 : 1 stores
Line 0xe8035e384080 : 6 stores
Line 0xea20639b400 : 2 stores
Line 0x98f5690a5540 : 1 stores
Line 0xea20637b780 : 1 stores
Line 0x6c6f1e458500 : 1 stores
Line 0x98f5690a4540 : 6 stores
Line 0xea20637a780 : 1 stores
Line 0xe8035e384140 : 4 stores
Line 0xea20639b4c0 : 3 stores
Line 0x98f5690a5640 : 3 stores
Line 0xea20637b880 : 2 stores
Line 0x98f5690a55c0 : 3 stores
Line 0xea20637b800 : 1 stores
Line 0xea20635d2c0 : 1 stores
Line 0xe8035e3841c0 : 6 stores
Line 0xea20639b540 : 2 stores
Line 0x6c6f1e458640 : 1 stores
Line 0x98f5690a4680 : 6 stores
Line 0xea20637a8c0 : 1 stores
Line 0x98f5690a5680 : 1 stores
Line 0xea20637b8c0 : 1 stores
Line 0xe8035e384280 : 4 stores
Line 0xea20639b600 : 3 stores
Line 0x98f5690a5780 : 3 stores
Line 0xea20637b9c0 : 2 stores
Line 0x98f5690a5700 : 3 stores
Line 0xea20637b940 : 1 stores
Line 0xea20635d400 : 1 stores
Line 0xe8035e384300 : 6 stores
Line 0xea20639b680 : 2 stores
Line 0x6c6f1e458780 : 1 stores
Line 0x98f5690a47c0 : 6 stores
Line 0xea20637aa00 : 1 stores
Line 0x98f5690a57c0 : 1 stores
Line 0xea20637ba00 : 1 stores
Line 0xe8035e3843c0 : 4 stores
Line 0xea20639b740 : 3 stores
Line 0x98f5690a58c0 : 3 stores
Line 0xea20637bb00 : 2 stores
Line 0x98f5690a5840 : 3 stores
Line 0xea20637ba80 : 1 stores
Line 0xea20635d540 : 1 stores
Line 0xe8035e384440 : 6 stores
Line 0xea20639b7c0 : 2 stores
Line 0x6c6f1e4588c0 : 1 stores
Line 0x98f5690a4900 : 6 stores
Line 0xea20637ab40 : 1 stores
Line 0x98f5690a5900 : 1 stores
Line 0xea20637bb40 : 1 stores
Line 0xe8035e384500 : 4 stores
Line 0xea20639b880 : 3 stores
Line 0x98f5690a5a00 : 3 stores
Line 0xea20637bc40 : 2 stores
Line 0x98f5690a5980 : 3 stores
Line 0xea20637bbc0 : 1 stores
Line 0xea20635d680 : 1 stores
Line 0xe8035e384580 : 6 stores
Line 0xea20639b900 : 2 stores
Line 0x6c6f1e458a00 : 1 stores
Line 0x98f5690a4a40 : 6 stores
Line 0xea20637ac80 : 1 stores
Line 0x98f5690a5a40 : 1 stores
Line 0xea20637bc80 : 1 stores
Line 0xe8035e384640 : 4 stores
Line 0xea20639b9c0 : 3 stores
Line 0x98f5690a5b40 : 3 stores
Line 0xea20637bd80 : 2 stores
Line 0x98f5690a5ac0 : 3 stores
Line 0xea20637bd00 : 1 stores
Line 0xea20635d7c0 : 1 stores
Line 0xe8035e3846c0 : 6 stores
Line 0xea20639ba40 : 2 stores
Line 0x6c6f1e458b40 : 1 stores
Line 0x98f5690a4b80 : 6 stores
Line 0xea20637adc0 : 1 stores
Line 0x98f5690a5b80 : 1 stores
Line 0xea20637bdc0 : 1 stores
Line 0xe8035e384780 : 4 stores
Line 0xea20639bb00 : 3 stores
Line 0x98f5690a5c80 : 3 stores
Line 0xea20637bec0 : 2 stores
Line 0x98f5690a5c00 : 3 stores
Line 0xea20637be40 : 1 stores
Line 0xea20635d900 : 1 stores
Line 0xe8035e384800 : 6 stores
Line 0xea20639bb80 : 2 stores
Line 0x6c6f1e458c80 : 1 stores
Line 0x98f5690a4cc0 : 6 stores
Line 0xea20637af00 : 1 stores
Line 0x98f5690a5cc0 : 1 stores
Line 0xea20637bf00 : 1 stores
Line 0xe8035e3848c0 : 4 stores
Line 0xea20639bc40 : 3 stores
Line 0xea20637e000 : 3 stores
Line 0x98f5690a8dc0 : 4 stores
Line 0xea20637f000 : 2 stores
Line 0x98f5690a5d40 : 3 stores
Line 0xea20637bf80 : 1 stores
Line 0xea20635da40 : 1 stores
Line 0xe8035e384940 : 6 stores
Line 0xea20639bcc0 : 2 stores
Line 0x98f5690a8e00 : 2 stores
Line 0xea20637f040 : 1 stores
Line 0xea20637e040 : 1 stores
Line 0xe8035e384a00 : 4 stores
Line 0xea20639bd80 : 3 stores
Line 0x98f5690a8f00 : 4 stores
Line 0xea20637f140 : 2 stores
Line 0xea20637e140 : 3 stores
Line 0x98f5690a8e80 : 1 stores
Line 0xea20637f0c0 : 1 stores
Line 0xea20635db80 : 1 stores
Line 0xe8035e384a80 : 6 stores
Line 0xea20639be00 : 2 stores
Line 0xea20637e0c0 : 1 stores
Line 0xea20637e180 : 1 stores
Line 0x98f5690a8f40 : 2 stores
Line 0xea20637f180 : 1 stores
Line 0xe8035e384b40 : 4 stores
Line 0xea20639bec0 : 3 stores
Line 0x98f5690a8040 : 2 stores
Line 0xea20637e280 : 3 stores
Line 0x98f5690a9040 : 3 stores
Line 0xea20637f280 : 2 stores
Line 0x98f5690a8fc0 : 1 stores
Line 0xea20637f200 : 1 stores
Line 0xea20635dcc0 : 1 stores
Line 0xe8035e384bc0 : 6 stores
Line 0xea20639bf40 : 2 stores
Line 0xea20637e200 : 1 stores
Line 0x98f5690a8080 : 6 stores
Line 0xea20637e2c0 : 1 stores
Line 0x98f5690a9080 : 1 stores
Line 0xea20637f2c0 : 1 stores
Line 0x98f5690a8180 : 2 stores
Line 0xea20637e3c0 : 3 stores
Line 0x98f5690a9180 : 3 stores
Line 0xea20637f3c0 : 2 stores
Line 0x98f5690a9100 : 3 stores
Line 0xea20637f340 : 1 stores
Line 0xea20635de00 : 1 stores
Line 0x98f5690a8100 : 5 stores
Line 0xea20637e340 : 1 stores
Line 0x98f5690a81c0 : 6 stores
Line 0xea20637e400 : 1 stores
Line 0x98f5690a91c0 : 1 stores
Line 0xea20637f400 : 1 stores
Line 0x98f5690a82c0 : 2 stores
Line 0xea20637e500 : 3 stores
Line 0x98f5690a92c0 : 3 stores
Line 0xea20637f500 : 2 stores
Line 0x98f5690a9240 : 3 stores
Line 0xea20637f480 : 1 stores
Line 0xea20635df40 : 1 stores
Line 0x98f5690a8240 : 5 stores
Line 0xea20637e480 : 1 stores
Line 0x98f5690a8300 : 6 stores
Line 0xea20637e540 : 1 stores
Line 0x98f5690a9300 : 1 stores
Line 0xea20637f540 : 1 stores
Line 0x98f5690a8400 : 2 stores
Line 0xea20637e640 : 3 stores
Line 0x98f5690a9400 : 3 stores
Line 0xea20637f640 : 2 stores
Line 0x98f5690a9380 : 3 stores
Line 0xea20637f5c0 : 1 stores
Line 0x98f56908ae40 : 1 stores
Line 0xea206361080 : 1 stores
Line 0xea20639f300 : 2 stores
Line 0x98f5690a8380 : 5 stores
Line 0xea20637e5c0 : 1 stores
Line 0x98f5690a9440 : 1 stores
Line 0xea20637f680 : 1 stores
Line 0x98f5690a8440 : 6 stores
Line 0xea20637e680 : 1 stores
Line 0xe8035e388040 : 4 stores
Line 0xea20639f3c0 : 4 stores
Line 0x98f5690a9540 : 3 stores
Line 0xea20637f780 : 2 stores
Line 0x98f5690a8540 : 2 stores
Line 0xea20637e780 : 3 stores
Line 0x98f5690a94c0 : 3 stores
Line 0xea20637f700 : 1 stores
Line 0x98f56908af80 : 1 stores
Line 0xea2063611c0 : 1 stores
Line 0xe8035e3880c0 : 6 stores
Line 0xea20639f440 : 2 stores
Line 0x98f5690a84c0 : 5 stores
Line 0xea20637e700 : 1 stores
Line 0x98f5690a9580 : 1 stores
Line 0xea20637f7c0 : 1 stores
Line 0x98f5690a8580 : 6 stores
Line 0xea20637e7c0 : 1 stores
Line 0xe8035e388180 : 4 stores
Line 0xea20639f500 : 4 stores
Line 0x98f5690a9680 : 3 stores
Line 0xea20637f8c0 : 2 stores
Line 0x98f5690a8680 : 2 stores
Line 0xea20637e8c0 : 3 stores
Line 0x98f5690a9600 : 3 stores
Line 0xea20637f840 : 1 stores
Line 0xea206361300 : 1 stores
Line 0xe8035e388200 : 6 stores
Line 0xea20639f580 : 2 stores
Line 0x98f5690a8600 : 5 stores
Line 0xea20637e840 : 1 stores
Line 0x98f5690a96c0 : 1 stores
Line 0xea20637f900 : 1 stores
Line 0x98f5690a86c0 : 6 stores
Line 0xea20637e900 : 1 stores
Line 0xe8035e3882c0 : 4 stores
Line 0xea20639f640 : 4 stores
Line 0x98f5690a97c0 : 3 stores
Line 0xea20637fa00 : 2 stores
Line 0x98f5690a87c0 : 2 stores
Line 0xea20637ea00 : 3 stores
Line 0x98f5690a9740 : 3 stores
Line 0xea20637f980 : 1 stores
Line 0xea206361440 : 1 stores
Line 0xe8035e388340 : 6 stores
Line 0xea20639f6c0 : 2 stores
Line 0x98f5690a8740 : 5 stores
Line 0xea20637e980 : 1 stores
Line 0x98f5690a9800 : 1 stores
Line 0xea20637fa40 : 1 stores
Line 0x98f5690a8800 : 6 stores
Line 0xea20637ea40 : 1 stores
Line 0xe8035e388400 : 4 stores
Line 0xea20639f780 : 4 stores
Line 0x98f5690a9900 : 3 stores
Line 0xea20637fb40 : 2 stores
Line 0x98f5690a8900 : 2 stores
Line 0xea20637eb40 : 3 stores
Line 0x98f5690a9880 : 3 stores
Line 0xea20637fac0 : 1 stores
Line 0xea206361580 : 1 stores
Line 0xe8035e388480 : 6 stores
Line 0xea20639f800 : 2 stores
Line 0x98f5690a8880 : 5 stores
Line 0xea20637eac0 : 1 stores
Line 0x98f5690a9940 : 1 stores
Line 0xea20637fb80 : 1 stores
Line 0x98f5690a8940 : 6 stores
Line 0xea20637eb80 : 1 stores
Line 0xe8035e388540 : 4 stores
Line 0xea20639f8c0 : 4 stores
Line 0x98f5690a9a40 : 3 stores
Line 0xea20637fc80 : 2 stores
Line 0x98f5690a8a40 : 2 stores
Line 0xea20637ec80 : 3 stores
Line 0x98f5690a99c0 : 3 stores
Line 0xea20637fc00 : 1 stores
Line 0xea2063616c0 : 1 stores
Line 0xe8035e3885c0 : 6 stores
Line 0xea20639f940 : 2 stores
Line 0x98f5690a89c0 : 5 stores
Line 0xea20637ec00 : 1 stores
Line 0x98f5690a9a80 : 1 stores
Line 0xea20637fcc0 : 1 stores
Line 0x98f5690a8a80 : 6 stores
Line 0xea20637ecc0 : 1 stores
Line 0xe8035e388680 : 4 stores
Line 0xea20639fa00 : 4 stores
Line 0x98f5690a9b80 : 3 stores
Line 0xea20637fdc0 : 2 stores
Line 0x98f5690a8b80 : 2 stores
Line 0xea20637edc0 : 3 stores
Line 0x98f5690a9b00 : 3 stores
Line 0xea20637fd40 : 1 stores
Line 0xea206361800 : 1 stores
Line 0xe8035e388700 : 6 stores
Line 0xea20639fa80 : 2 stores
Line 0x98f5690a8b00 : 5 stores
Line 0xea20637ed40 : 1 stores
Line 0x98f5690a9bc0 : 1 stores
Line 0xea20637fe00 : 1 stores
Line 0x98f5690a8bc0 : 6 stores
Line 0xea20637ee00 : 1 stores
Line 0xe8035e3887c0 : 4 stores
Line 0xea20639fb40 : 4 stores
Line 0x98f5690a9cc0 : 3 stores
Line 0xea20637ff00 : 2 stores
Line 0x98f5690a8cc0 : 2 stores
Line 0xea20637ef00 : 3 stores
Line 0x98f5690a9c40 : 3 stores
Line 0xea20637fe80 : 1 stores
Line 0xea206361940 : 1 stores
Line 0xe8035e388840 : 6 stores
Line 0xea20639fbc0 : 2 stores
Line 0x98f5690a8c40 : 5 stores
Line 0xea20637ee80 : 1 stores
Line 0x98f5690a9d00 : 1 stores
Line 0xea20637ff40 : 1 stores
Line 0x98f5690a8d00 : 6 stores
Line 0xea20637ef40 : 1 stores
Line 0xe8035e388900 : 4 stores
Line 0xea20639fc80 : 4 stores
Line 0x98f5690ace00 : 4 stores
Line 0xea206383040 : 2 stores
Line 0xea206382040 : 3 stores
Line 0x98f5690a9d80 : 3 stores
Line 0xea20637ffc0 : 1 stores
Line 0xea206361a80 : 1 stores
Line 0xe8035e388980 : 6 stores
Line 0xea20639fd00 : 2 stores
Line 0x98f5690a8d80 : 5 stores
Line 0xea20637efc0 : 1 stores
Line 0x98f5690ace40 : 2 stores
Line 0xea206383080 : 1 stores
Line 0xea206382080 : 1 stores
Line 0xe8035e388a40 : 4 stores
Line 0xea20639fdc0 : 4 stores
Line 0x98f5690acf40 : 4 stores
Line 0xea206383180 : 2 stores
Line 0xea206382180 : 3 stores
Line 0x98f5690acec0 : 1 stores
Line 0xea206383100 : 1 stores
Line 0xea206361bc0 : 1 stores
Line 0xe8035e388ac0 : 6 stores
Line 0xea20639fe40 : 2 stores
Line 0xea206382100 : 1 stores
Line 0x98f5690acf80 : 2 stores
Line 0xea2063831c0 : 1 stores
Line 0xea2063821c0 : 1 stores
Line 0xe8035e388b80 : 4 stores
Line 0xea20639ff00 : 4 stores
Line 0x98f5690ad080 : 4 stores
Line 0xea2063832c0 : 2 stores
Line 0x98f5690ac080 : 2 stores
Line 0xea2063822c0 : 3 stores
Line 0x98f5690ad000 : 2 stores
Line 0xea206383240 : 1 stores
Line 0xea206361d00 : 1 stores
Line 0xe8035e388c00 : 6 stores
Line 0xea20639ff80 : 2 stores
Line 0x98f5690ac000 : 5 stores
Line 0xea206382240 : 1 stores
Line 0x98f5690ad0c0 : 1 stores
Line 0xea206383300 : 1 stores
Line 0x98f5690ac0c0 : 6 stores
Line 0xea206382300 : 1 stores
Line 0x98f5690ad1c0 : 4 stores
Line 0xea206383400 : 2 stores
Line 0x98f5690ac1c0 : 2 stores
Line 0xea206382400 : 3 stores
Line 0x98f5690ad140 : 2 stores
Line 0xea206383380 : 1 stores
Line 0xea206361e40 : 1 stores
Line 0x98f5690ac140 : 5 stores
Line 0xea206382380 : 1 stores
Line 0x98f5690ad200 : 1 stores
Line 0xea206383440 : 1 stores
Line 0x98f5690ac200 : 6 stores
Line 0xea206382440 : 1 stores
Line 0x98f5690ad300 : 4 stores
Line 0xea206383540 : 2 stores
Line 0x98f5690ac300 : 2 stores
Line 0xea206382540 : 3 stores
Line 0x98f5690ad280 : 2 stores
Line 0xea2063834c0 : 1 stores
Line 0xea206361f80 : 1 stores
Line 0x98f5690ac280 : 5 stores
Line 0xea2063824c0 : 1 stores
Line 0x98f5690ac340 : 6 stores
Line 0xea206382580 : 1 stores
Line 0x98f5690ad340 : 1 stores
Line 0xea206383580 : 1 stores
Line 0xea2063a32c0 : 3 stores
Line 0x98f5690ac440 : 2 stores
Line 0xea206382680 : 3 stores
Line 0x98f5690ad440 : 4 stores
Line 0xea206383680 : 2 stores
Line 0x98f5690ad3c0 : 2 stores
Line 0xea206383600 : 1 stores
Line 0x98f56908ee80 : 1 stores
Line 0xea2063650c0 : 1 stores
Line 0xea2063a3340 : 2 stores
Line 0x98f5690ac3c0 : 5 stores
Line 0xea206382600 : 1 stores
Line 0x98f5690ac480 : 6 stores
Line 0xea2063826c0 : 1 stores
Line 0x98f5690ad480 : 1 stores
Line 0xea2063836c0 : 1 stores
Line 0xe8035e38c080 : 4 stores
Line 0xea2063a3400 : 3 stores
Line 0x98f5690ac580 : 2 stores
Line 0xea2063827c0 : 3 stores
Line 0x98f5690ad580 : 4 stores
Line 0xea2063837c0 : 2 stores
Line 0x98f5690ad500 : 2 stores
Line 0xea206383740 : 1 stores
Line 0x98f56908efc0 : 1 stores
Line 0xea206365200 : 1 stores
Line 0xe8035e38c100 : 6 stores
Line 0xea2063a3480 : 2 stores
Line 0x98f5690ac500 : 5 stores
Line 0xea206382740 : 1 stores
Line 0x98f5690ac5c0 : 6 stores
Line 0xea206382800 : 1 stores
Line 0x98f5690ad5c0 : 1 stores
Line 0xea206383800 : 1 stores
Line 0xe8035e38c1c0 : 4 stores
Line 0xea2063a3540 : 3 stores
Line 0x98f5690ac6c0 : 2 stores
Line 0xea206382900 : 3 stores
Line 0x98f5690ad6c0 : 4 stores
Line 0xea206383900 : 2 stores
Line 0x98f5690ad640 : 2 stores
Line 0xea206383880 : 1 stores
Line 0xea206365340 : 1 stores
Line 0xe8035e38c240 : 6 stores
Line 0xea2063a35c0 : 2 stores
Line 0x98f5690ac640 : 5 stores
Line 0xea206382880 : 1 stores
Line 0x98f5690ac700 : 6 stores
Line 0xea206382940 : 1 stores
Line 0x98f5690ad700 : 1 stores
Line 0xea206383940 : 1 stores
Line 0xe8035e38c300 : 4 stores
Line 0xea2063a3680 : 3 stores
Line 0x98f5690ac800 : 2 stores
Line 0xea206382a40 : 3 stores
Line 0x98f5690ad800 : 4 stores
Line 0xea206383a40 : 2 stores
Line 0x98f5690ad780 : 2 stores
Line 0xea2063839c0 : 1 stores
Line 0xea206365480 : 1 stores
Line 0xe8035e38c380 : 6 stores
Line 0xea2063a3700 : 2 stores
Line 0x98f5690ac780 : 5 stores
Line 0xea2063829c0 : 1 stores
Line 0x98f5690ac840 : 6 stores
Line 0xea206382a80 : 1 stores
Line 0x98f5690ad840 : 1 stores
Line 0xea206383a80 : 1 stores
Line 0xe8035e38c440 : 4 stores
Line 0xea2063a37c0 : 3 stores
Line 0x98f5690ac940 : 2 stores
Line 0xea206382b80 : 3 stores
Line 0x98f5690ad940 : 4 stores
Line 0xea206383b80 : 2 stores
Line 0x98f5690ad8c0 : 2 stores
Line 0xea206383b00 : 1 stores
Line 0xea2063655c0 : 1 stores
Line 0xe8035e38c4c0 : 6 stores
Line 0xea2063a3840 : 2 stores
Line 0x98f5690ac8c0 : 5 stores
Line 0xea206382b00 : 1 stores
Line 0x98f5690ac980 : 6 stores
Line 0xea206382bc0 : 1 stores
Line 0x98f5690ad980 : 1 stores
Line 0xea206383bc0 : 1 stores
Line 0xe8035e38c580 : 4 stores
Line 0xea2063a3900 : 3 stores
Line 0x98f5690aca80 : 2 stores
Line 0xea206382cc0 : 3 stores
Line 0x98f5690ada80 : 4 stores
Line 0xea206383cc0 : 2 stores
Line 0x98f5690ada00 : 2 stores
Line 0xea206383c40 : 1 stores
Line 0xea206365700 : 1 stores
Line 0xe8035e38c600 : 6 stores
Line 0xea2063a3980 : 2 stores
Line 0x98f5690aca00 : 5 stores
Line 0xea206382c40 : 1 stores
Line 0x98f5690acac0 : 6 stores
Line 0xea206382d00 : 1 stores
Line 0x98f5690adac0 : 1 stores
Line 0xea206383d00 : 1 stores
Line 0xe8035e38c6c0 : 4 stores
Line 0xea2063a3a40 : 3 stores
Line 0x98f5690acbc0 : 2 stores
Line 0xea206382e00 : 3 stores
Line 0x98f5690adbc0 : 4 stores
Line 0xea206383e00 : 2 stores
Line 0x98f5690adb40 : 2 stores
Line 0xea206383d80 : 1 stores
Line 0xea206365840 : 1 stores
Line 0xe8035e38c740 : 6 stores
Line 0xea2063a3ac0 : 2 stores
Line 0x98f5690acb40 : 5 stores
Line 0xea206382d80 : 1 stores
Line 0x98f5690acc00 : 6 stores
Line 0xea206382e40 : 1 stores
Line 0x98f5690adc00 : 1 stores
Line 0xea206383e40 : 1 stores
Line 0xe8035e38c800 : 4 stores
Line 0xea2063a3b80 : 3 stores
Line 0x98f5690acd00 : 2 stores
Line 0xea206382f40 : 3 stores
Line 0x98f5690add00 : 4 stores
Line 0xea206383f40 : 2 stores
Line 0x98f5690adc80 : 2 stores
Line 0xea206383ec0 : 1 stores
Line 0xea206365980 : 1 stores
Line 0xe8035e38c880 : 6 stores
Line 0xea2063a3c00 : 2 stores
Line 0x98f5690acc80 : 5 stores
Line 0xea206382ec0 : 1 stores
Line 0x98f5690add40 : 1 stores
Line 0xea206383f80 : 1 stores
Line 0x98f5690acd40 : 6 stores
Line 0xea206382f80 : 1 stores
Line 0xe8035e38c940 : 4 stores
Line 0xea2063a3cc0 : 3 stores
Line 0x98f5690b0e40 : 4 stores
Line 0xea206387080 : 2 stores
Line 0xea206386080 : 3 stores
Line 0x98f5690b0dc0 : 1 stores
Line 0xea206387000 : 1 stores
Line 0xea206365ac0 : 1 stores
Line 0xe8035e38c9c0 : 6 stores
Line 0xea2063a3d40 : 2 stores
Line 0xea206386000 : 1 stores
Line 0xea2063860c0 : 1 stores
Line 0x98f5690b0e80 : 2 stores
Line 0xea2063870c0 : 1 stores
Line 0xe8035e38ca80 : 4 stores
Line 0xea2063a3e00 : 3 stores
Line 0xea2063861c0 : 3 stores
Line 0x98f5690b0f80 : 4 stores
Line 0xea2063871c0 : 2 stores
Line 0x98f5690b0f00 : 1 stores
Line 0xea206387140 : 1 stores
Line 0xea206365c00 : 1 stores
Line 0xe8035e38cb00 : 6 stores
Line 0xea2063a3e80 : 2 stores
Line 0xea206386140 : 1 stores
Line 0xea206386200 : 1 stores
Line 0x98f5690b0fc0 : 2 stores
Line 0xea206387200 : 1 stores
Line 0xe8035e38cbc0 : 4 stores
Line 0xea2063a3f40 : 3 stores
Line 0x98f5690b00c0 : 2 stores
Line 0xea206386300 : 3 stores
Line 0x98f5690b10c0 : 3 stores
Line 0xea206387300 : 2 stores
Line 0x98f5690b1040 : 3 stores
Line 0xea206387280 : 1 stores
Line 0xea206365d40 : 1 stores
Line 0xe8035e38cc40 : 6 stores
Line 0xea2063a3fc0 : 2 stores
Line 0x98f5690b0040 : 5 stores
Line 0xea206386280 : 1 stores
Line 0x98f5690b0100 : 6 stores
Line 0xea206386340 : 1 stores
Line 0x98f5690b1100 : 1 stores
Line 0xea206387340 : 1 stores
Line 0x98f5690b0200 : 2 stores
Line 0xea206386440 : 3 stores
Line 0x98f5690b1200 : 3 stores
Line 0xea206387440 : 2 stores
Line 0x98f5690b1180 : 3 stores
Line 0xea2063873c0 : 1 stores
Line 0xea206365e80 : 1 stores
Line 0x98f5690b0180 : 5 stores
Line 0xea2063863c0 : 1 stores
Line 0x98f5690b0240 : 6 stores
Line 0xea206386480 : 1 stores
Line 0x98f5690b1240 : 1 stores
Line 0xea206387480 : 1 stores
Line 0x98f5690b0340 : 2 stores
Line 0xea206386580 : 3 stores
Line 0x98f5690b1340 : 3 stores
Line 0xea206387580 : 2 stores
Line 0x98f5690b12c0 : 3 stores
Line 0xea206387500 : 1 stores
Line 0xea206365fc0 : 1 stores
Line 0x98f5690b02c0 : 5 stores
Line 0xea206386500 : 1 stores
Line 0x98f5690b0380 : 6 stores
Line 0xea2063865c0 : 1 stores
Line 0x98f5690b1380 : 1 stores
Line 0xea2063875c0 : 1 stores
Line 0x8ad3301338c0 : 1 stores
Line 0xea2063a7300 : 4 stores
Line 0x98f5690b0480 : 2 stores
Line 0xea2063866c0 : 3 stores
Line 0x98f5690b1480 : 3 stores
Line 0xea2063876c0 : 2 stores
Line 0x98f5690b1400 : 3 stores
Line 0xea206387640 : 1 stores
Line 0x98f569092ec0 : 1 stores
Line 0xea206369100 : 1 stores
Line 0xe8035e390000 : 6 stores
Line 0x8ad330133940 : 1 stores
Line 0xea2063a7380 : 2 stores
Line 0x98f5690b0400 : 5 stores
Line 0xea206386640 : 1 stores
Line 0x98f5690b14c0 : 1 stores
Line 0xea206387700 : 1 stores
Line 0x98f5690b04c0 : 6 stores
Line 0xea206386700 : 1 stores
Line 0xe8035e3900c0 : 4 stores
Line 0x8ad330133a00 : 1 stores
Line 0xea2063a7440 : 4 stores
Line 0x98f5690b15c0 : 3 stores
Line 0xea206387800 : 2 stores
Line 0x98f5690b05c0 : 2 stores
Line 0xea206386800 : 3 stores
Line 0x98f5690b1540 : 3 stores
Line 0xea206387780 : 1 stores
Line 0xea206369240 : 1 stores
Line 0xe8035e390140 : 6 stores
Line 0x8ad330133a80 : 1 stores
Line 0xea2063a74c0 : 2 stores
Line 0x98f5690b0540 : 5 stores
Line 0xea206386780 : 1 stores
Line 0x98f5690b0600 : 6 stores
Line 0xea206386840 : 1 stores
Line 0x98f5690b1600 : 1 stores
Line 0xea206387840 : 1 stores
Line 0xe8035e390200 : 4 stores
Line 0x8ad330133b40 : 1 stores
Line 0xea2063a7580 : 4 stores
Line 0x98f5690b0700 : 2 stores
Line 0xea206386940 : 3 stores
Line 0x98f5690b1700 : 3 stores
Line 0xea206387940 : 2 stores
Line 0x98f5690b1680 : 3 stores
Line 0xea2063878c0 : 1 stores
Line 0xea206369380 : 1 stores
Line 0xe8035e390280 : 6 stores
Line 0x8ad330133bc0 : 1 stores
Line 0xea2063a7600 : 2 stores
Line 0x98f5690b0680 : 5 stores
Line 0xea2063868c0 : 1 stores
Line 0x98f5690b0740 : 6 stores
Line 0xea206386980 : 1 stores
Line 0x98f5690b1740 : 1 stores
Line 0xea206387980 : 1 stores
Line 0xe8035e390340 : 4 stores
Line 0x8ad330133c80 : 1 stores
Line 0xea2063a76c0 : 4 stores
Line 0x98f5690b0840 : 2 stores
Line 0xea206386a80 : 3 stores
Line 0x98f5690b1840 : 3 stores
Line 0xea206387a80 : 2 stores
Line 0x98f5690b17c0 : 3 stores
Line 0xea206387a00 : 1 stores
Line 0xea2063694c0 : 1 stores
Line 0xe8035e3903c0 : 6 stores
Line 0x8ad330133d00 : 1 stores
Line 0xea2063a7740 : 2 stores
Line 0x98f5690b07c0 : 5 stores
Line 0xea206386a00 : 1 stores
Line 0x98f5690b0880 : 6 stores
Line 0xea206386ac0 : 1 stores
Line 0x98f5690b1880 : 1 stores
Line 0xea206387ac0 : 1 stores
Line 0xe8035e390480 : 4 stores
Line 0x8ad330133dc0 : 1 stores
Line 0xea2063a7800 : 4 stores
Line 0x98f5690b0980 : 2 stores
Line 0xea206386bc0 : 3 stores
Line 0x98f5690b1980 : 3 stores
Line 0xea206387bc0 : 2 stores
Line 0x98f5690b1900 : 3 stores
Line 0xea206387b40 : 1 stores
Line 0xea206369600 : 1 stores
Line 0xe8035e390500 : 6 stores
Line 0x8ad330133e40 : 1 stores
Line 0xea2063a7880 : 2 stores
Line 0x98f5690b0900 : 5 stores
Line 0xea206386b40 : 1 stores
Line 0x98f5690b09c0 : 6 stores
Line 0xea206386c00 : 1 stores
Line 0x98f5690b19c0 : 1 stores
Line 0xea206387c00 : 1 stores
Line 0xe8035e3905c0 : 4 stores
Line 0x8ad330133f00 : 1 stores
Line 0xea2063a7940 : 4 stores
Line 0x98f5690b0ac0 : 2 stores
Line 0xea206386d00 : 3 stores
Line 0x98f5690b1ac0 : 3 stores
Line 0xea206387d00 : 2 stores
Line 0x98f5690b1a40 : 3 stores
Line 0xea206387c80 : 1 stores
Line 0xea206369740 : 1 stores
Line 0xe8035e390640 : 6 stores
Line 0x8ad330133f80 : 1 stores
Line 0xea2063a79c0 : 2 stores
Line 0x98f5690b0a40 : 5 stores
Line 0xea206386c80 : 1 stores
Line 0x98f5690b0b00 : 6 stores
Line 0xea206386d40 : 1 stores
Line 0x98f5690b1b00 : 1 stores
Line 0xea206387d40 : 1 stores
Line 0xe8035e390700 : 4 stores
Line 0x8ad330134040 : 4 stores
Line 0xea2063a7a80 : 4 stores
Line 0x98f5690b0c00 : 2 stores
Line 0xea206386e40 : 3 stores
Line 0x98f5690b1c00 : 3 stores
Line 0xea206387e40 : 2 stores
Line 0x98f5690b1b80 : 3 stores
Line 0xea206387dc0 : 1 stores
Line 0xea206369880 : 1 stores
Line 0xe8035e390780 : 6 stores
Line 0x8ad3301340c0 : 2 stores
Line 0xea2063a7b00 : 2 stores
Line 0x98f5690b0b80 : 5 stores
Line 0xea206386dc0 : 1 stores
Line 0x98f5690b0c40 : 6 stores
Line 0xea206386e80 : 1 stores
Line 0x98f5690b1c40 : 1 stores
Line 0xea206387e80 : 1 stores
Line 0xe8035e390840 : 4 stores
Line 0x8ad330134180 : 4 stores
Line 0xea2063a7bc0 : 4 stores
Line 0x98f5690b0d40 : 2 stores
Line 0xea206386f80 : 3 stores
Line 0x98f5690b1d40 : 3 stores
Line 0xea206387f80 : 2 stores
Line 0x98f5690b1cc0 : 3 stores
Line 0xea206387f00 : 1 stores
Line 0xea2063699c0 : 1 stores
Line 0xe8035e3908c0 : 6 stores
Line 0x8ad330134200 : 2 stores
Line 0xea2063a7c40 : 2 stores
Line 0x98f5690b0cc0 : 5 stores
Line 0xea206386f00 : 1 stores
Line 0x98f5690b0d80 : 6 stores
Line 0xea206386fc0 : 1 stores
Line 0x98f5690b1d80 : 1 stores
Line 0xea206387fc0 : 1 stores
Line 0xe8035e390980 : 4 stores
Line 0x8ad3301342c0 : 4 stores
Line 0xea2063a7d00 : 4 stores
Line 0xe8035e372d40 : 2 stores
Line 0xea20638a0c0 : 3 stores
Line 0x98f5690b4e80 : 4 stores
Line 0xea20638b0c0 : 2 stores
Line 0x98f5690b4e00 : 1 stores
Line 0xea20638b040 : 1 stores
Line 0xea206369b00 : 1 stores
Line 0xe8035e390a00 : 6 stores
Line 0x8ad330134340 : 2 stores
Line 0xea2063a7d80 : 2 stores
Line 0xe8035e372cc0 : 3 stores
Line 0xea20638a040 : 1 stores
Line 0xe8035e372d80 : 3 stores
Line 0xea20638a100 : 1 stores
Line 0x98f5690b4ec0 : 2 stores
Line 0xea20638b100 : 1 stores
Line 0xe8035e390ac0 : 4 stores
Line 0x8ad330134400 : 4 stores
Line 0xea2063a7e40 : 4 stores
Line 0xe8035e372e80 : 2 stores
Line 0xea20638a200 : 3 stores
Line 0x98f5690b4fc0 : 4 stores
Line 0xea20638b200 : 2 stores
Line 0x98f5690b4f40 : 1 stores
Line 0xea20638b180 : 1 stores
Line 0xea206369c40 : 1 stores
Line 0xe8035e390b40 : 6 stores
Line 0x8ad330134480 : 2 stores
Line 0xea2063a7ec0 : 2 stores
Line 0xe8035e372e00 : 3 stores
Line 0xea20638a180 : 1 stores
Line 0x98f5690b5000 : 1 stores
Line 0xea20638b240 : 1 stores
Line 0xe8035e372ec0 : 3 stores
Line 0x98f5690b4000 : 6 stores
Line 0xea20638a240 : 1 stores
Line 0xe8035e390c00 : 4 stores
Line 0x8ad330134540 : 4 stores
Line 0xea2063a7f80 : 4 stores
Line 0x98f5690b5100 : 4 stores
Line 0xea20638b340 : 2 stores
Line 0xe8035e372fc0 : 2 stores
Line 0x98f5690b4100 : 2 stores
Line 0xea20638a340 : 3 stores
Line 0x98f5690b5080 : 2 stores
Line 0xea20638b2c0 : 1 stores
Line 0xea206369d80 : 1 stores
Line 0x8ad3301375c0 : 1 stores
Line 0xea2063ab000 : 2 stores
Line 0xe8035e372f40 : 3 stores
Line 0x98f5690b4080 : 5 stores
Line 0xea20638a2c0 : 1 stores
Line 0xe8035e374000 : 5 stores
Line 0x98f5690b5140 : 1 stores
Line 0xea20638b380 : 1 stores
Line 0x98f5690b4140 : 6 stores
Line 0xea20638a380 : 1 stores
Line 0x8ad330137680 : 1 stores
Line 0xea2063ab0c0 : 3 stores
Line 0xe8035e374100 : 1 stores
Line 0x98f5690b5240 : 4 stores
Line 0xea20638b480 : 2 stores
Line 0x98f5690b4240 : 2 stores
Line 0xea20638a480 : 3 stores
Line 0xe8035e374080 : 2 stores
Line 0x98f5690b51c0 : 2 stores
Line 0xea20638b400 : 1 stores
Line 0xea206369ec0 : 1 stores
Line 0x8ad330137700 : 1 stores
Line 0xea2063ab140 : 2 stores
Line 0x98f5690b41c0 : 5 stores
Line 0xea20638a400 : 1 stores
Line 0x98f5690b4280 : 6 stores
Line 0xea20638a4c0 : 1 stores
Line 0xe8035e374140 : 5 stores
Line 0x98f5690b5280 : 1 stores
Line 0xea20638b4c0 : 1 stores
Line 0x8ad3301377c0 : 1 stores
Line 0xea2063ab200 : 3 stores
Line 0x98f5690b4380 : 2 stores
Line 0xea20638a5c0 : 3 stores
Line 0xe8035e374240 : 1 stores
Line 0x98f5690b5380 : 4 stores
Line 0xea20638b5c0 : 2 stores
Line 0xe8035e3741c0 : 2 stores
Line 0x98f5690b5300 : 2 stores
Line 0xea20638b540 : 1 stores
Line 0x98f569096dc0 : 1 stores
Line 0xea20636d000 : 1 stores
Line 0x8ad330137840 : 1 stores
Line 0xea2063ab280 : 2 stores
Line 0x98f5690b4300 : 5 stores
Line 0xea20638a540 : 1 stores
Line 0x98f5690b43c0 : 6 stores
Line 0xea20638a600 : 1 stores
Line 0xe8035e374280 : 5 stores
Line 0x98f5690b53c0 : 1 stores
Line 0xea20638b600 : 1 stores
Line 0x8ad330137900 : 1 stores
Line 0xea2063ab340 : 3 stores
Line 0xe8035e392fc0 : 1 stores
Line 0x8ad330136900 : 4 stores
Line 0xea2063aa340 : 4 stores
Line 0x98f5690b44c0 : 2 stores
Line 0xea20638a700 : 3 stores
Line 0xe8035e374380 : 1 stores
Line 0x98f5690b54c0 : 4 stores
Line 0xea20638b700 : 2 stores
Line 0xe8035e374300 : 2 stores
Line 0x98f5690b5440 : 2 stores
Line 0xea20638b680 : 1 stores
Line 0x98f569096f00 : 1 stores
Line 0xea20636d140 : 1 stores
Line 0xe8035e394040 : 6 stores
Line 0x8ad330137980 : 1 stores
Line 0xea2063ab3c0 : 2 stores
Line 0x8ad330136980 : 6 stores
Line 0xea2063aa3c0 : 2 stores
Line 0x98f5690b4440 : 5 stores
Line 0xea20638a680 : 1 stores
Line 0x98f5690b4500 : 6 stores
Line 0xea20638a740 : 1 stores
Line 0xe8035e3743c0 : 5 stores
Line 0x98f5690b5500 : 1 stores
Line 0xea20638b740 : 1 stores
Line 0xe8035e394100 : 4 stores
Line 0x8ad330137a40 : 1 stores
Line 0xea2063ab480 : 3 stores
Line 0x8ad330136a40 : 4 stores
Line 0xea2063aa480 : 4 stores
Line 0x98f5690b4600 : 2 stores
Line 0xea20638a840 : 3 stores
Line 0xe8035e3744c0 : 1 stores
Line 0x98f5690b5600 : 4 stores
Line 0xea20638b840 : 2 stores
Line 0xe8035e374440 : 2 stores
Line 0x98f5690b5580 : 2 stores
Line 0xea20638b7c0 : 1 stores
Line 0xea20636d280 : 1 stores
Line 0x8ad330136ac0 : 6 stores
Line 0xea2063aa500 : 2 stores
Line 0xe8035e394180 : 6 stores
Line 0x8ad330137ac0 : 1 stores
Line 0xea2063ab500 : 2 stores
Line 0x98f5690b4580 : 5 stores
Line 0xea20638a7c0 : 1 stores
Line 0xe8035e374500 : 5 stores
Line 0x98f5690b5640 : 1 stores
Line 0xea20638b880 : 1 stores
Line 0x98f5690b4640 : 6 stores
Line 0xea20638a880 : 1 stores
Line 0x8ad330136b80 : 4 stores
Line 0xea2063aa5c0 : 4 stores
Line 0xe8035e394240 : 4 stores
Line 0x8ad330137b80 : 1 stores
Line 0xea2063ab5c0 : 3 stores
Line 0xe8035e374600 : 1 stores
Line 0x98f5690b5740 : 4 stores
Line 0xea20638b980 : 2 stores
Line 0x98f5690b4740 : 2 stores
Line 0xea20638a980 : 3 stores
Line 0xe8035e374580 : 2 stores
Line 0x98f5690b56c0 : 2 stores
Line 0xea20638b900 : 1 stores
Line 0xea20636d3c0 : 1 stores
Line 0x8ad330136c00 : 6 stores
Line 0xea2063aa640 : 2 stores
Line 0xe8035e3942c0 : 6 stores
Line 0x8ad330137c00 : 1 stores
Line 0xea2063ab640 : 2 stores
Line 0x98f5690b46c0 : 5 stores
Line 0xea20638a900 : 1 stores
Line 0xe8035e374640 : 5 stores
Line 0x98f5690b5780 : 1 stores
Line 0xea20638b9c0 : 1 stores
Line 0x98f5690b4780 : 6 stores
Line 0xea20638a9c0 : 1 stores
Line 0x8ad330136cc0 : 4 stores
Line 0xea2063aa700 : 4 stores
Line 0xe8035e394380 : 4 stores
Line 0x8ad330137cc0 : 1 stores
Line 0xea2063ab700 : 3 stores
Line 0xe8035e374740 : 1 stores
Line 0x98f5690b5880 : 4 stores
Line 0xea20638bac0 : 2 stores
Line 0x98f5690b4880 : 2 stores
Line 0xea20638aac0 : 3 stores
Line 0xe8035e3746c0 : 2 stores
Line 0x98f5690b5800 : 2 stores
Line 0xea20638ba40 : 1 stores
Line 0xea20636d500 : 1 stores
Line 0xe8035e395c80 : 3 stores
Line 0xea2063ad000 : 6 stores
Line 0x8ad330136d40 : 6 stores
Line 0xea2063aa780 : 2 stores
Line 0xe8035e394400 : 6 stores
Line 0x8ad330137d40 : 1 stores
Line 0xea2063ab780 : 2 stores
Line 0x98f5690b4800 : 5 stores
Line 0xea20638aa40 : 1 stores
Line 0xe8035e374780 : 5 stores
Line 0x98f5690b58c0 : 1 stores
Line 0xea20638bb00 : 1 stores
Line 0x98f5690b48c0 : 6 stores
Line 0xea20638ab00 : 1 stores
Line 0xe8035e395d40 : 3 stores
Line 0xea2063ad0c0 : 4 stores
Line 0x8ad330136e00 : 4 stores
Line 0xea2063aa840 : 4 stores
Line 0xe8035e3944c0 : 4 stores
Line 0x8ad330137e00 : 1 stores
Line 0xea2063ab840 : 3 stores
Line 0xe8035e374880 : 1 stores
Line 0x98f5690b59c0 : 4 stores
Line 0xea20638bc00 : 2 stores
Line 0x98f5690b49c0 : 2 stores
Line 0xea20638ac00 : 3 stores
Line 0xe8035e395d00 : 2 stores
Line 0xea2063ad080 : 5 stores
Line 0xe8035e374800 : 2 stores
Line 0x98f5690b5940 : 2 stores
Line 0xea20638bb80 : 1 stores
Line 0xe8035e395dc0 : 3 stores
Line 0xea2063ad140 : 6 stores
Line 0xea20636d640 : 1 stores
Line 0x8ad330136e80 : 6 stores
Line 0xea2063aa8c0 : 2 stores
Line 0xe8035e394540 : 6 stores
Line 0x8ad330137e80 : 1 stores
Line 0xea2063ab8c0 : 2 stores
Line 0x98f5690b4940 : 5 stores
Line 0xea20638ab80 : 1 stores
Line 0xe8035e395d80 : 1 stores
Line 0xea2063ad100 : 2 stores
Line 0xe8035e3748c0 : 5 stores
Line 0x98f5690b5a00 : 1 stores
Line 0xea20638bc40 : 1 stores
Line 0x98f5690b4a00 : 6 stores
Line 0xea20638ac40 : 1 stores
Line 0xe8035e395e80 : 3 stores
Line 0xea2063ad200 : 4 stores
Line 0x8ad330136f40 : 4 stores
Line 0xea2063aa980 : 4 stores
Line 0xe8035e394600 : 4 stores
Line 0x8ad330137f40 : 1 stores
Line 0xea2063ab980 : 3 stores
Line 0xe8035e3749c0 : 1 stores
Line 0x98f5690b5b00 : 4 stores
Line 0xea20638bd40 : 2 stores
Line 0x98f5690b4b00 : 2 stores
Line 0xea20638ad40 : 3 stores
Line 0xe8035e395e40 : 2 stores
Line 0xea2063ad1c0 : 5 stores
Line 0xe8035e374940 : 2 stores
Line 0x98f5690b5a80 : 2 stores
Line 0xea20638bcc0 : 1 stores
Line 0xea20636d780 : 1 stores
Line 0xe8035e395f00 : 3 stores
Line 0xea2063ad280 : 6 stores
Line 0xe8035e394680 : 6 stores
Line 0x8ad330137fc0 : 1 stores
Line 0xea2063aba00 : 2 stores
Line 0x8ad330136fc0 : 6 stores
Line 0xea2063aaa00 : 2 stores
Line 0x98f5690b4a80 : 5 stores
Line 0xea20638acc0 : 1 stores
Line 0xe8035e395ec0 : 1 stores
Line 0xea2063ad240 : 2 stores
Line 0x98f5690b4b40 : 6 stores
Line 0xea20638ad80 : 1 stores
Line 0xe8035e374a00 : 5 stores
Line 0x98f5690b5b40 : 1 stores
Line 0xea20638bd80 : 1 stores
Line 0xe8035e395fc0 : 3 stores
Line 0xea2063ad340 : 4 stores
Line 0xe8035e394740 : 4 stores
Line 0x8ad330138080 : 4 stores
Line 0xea2063abac0 : 3 stores
Line 0x8ad330137080 : 3 stores
Line 0xea2063aaac0 : 4 stores
Line 0x98f5690b4c40 : 2 stores
Line 0xea20638ae80 : 3 stores
Line 0xe8035e374b00 : 1 stores
Line 0x98f5690b5c40 : 4 stores
Line 0xea20638be80 : 2 stores
Line 0xe8035e395f80 : 2 stores
Line 0xea2063ad300 : 5 stores
Line 0xe8035e374a80 : 2 stores
Line 0x98f5690b5bc0 : 2 stores
Line 0xea20638be00 : 1 stores
Line 0xea20636d8c0 : 1 stores
Line 0xe8035e396040 : 1 stores
Line 0xea2063ad3c0 : 6 stores
Line 0xe8035e3947c0 : 6 stores
Line 0x8ad330138100 : 2 stores
Line 0xea2063abb40 : 2 stores
Line 0x8ad330137100 : 2 stores
Line 0xea2063aab40 : 2 stores
Line 0x98f5690b4bc0 : 5 stores
Line 0xea20638ae00 : 1 stores
Line 0xe8035e396000 : 4 stores
Line 0xea2063ad380 : 2 stores
Line 0x98f5690b4c80 : 6 stores
Line 0xea20638aec0 : 1 stores
Line 0xe8035e374b40 : 5 stores
Line 0x98f5690b5c80 : 1 stores
Line 0xea20638bec0 : 1 stores
Line 0xe8035e396100 : 1 stores
Line 0xea2063ad480 : 4 stores
Line 0xe8035e394880 : 4 stores
Line 0x8ad3301381c0 : 4 stores
Line 0xea2063abc00 : 3 stores
Line 0x8ad3301371c0 : 3 stores
Line 0xea2063aac00 : 4 stores
Line 0x98f5690b4d80 : 2 stores
Line 0xea20638afc0 : 3 stores
Line 0xe8035e374c40 : 1 stores
Line 0x98f5690b5d80 : 4 stores
Line 0xea20638bfc0 : 2 stores
Line 0xe8035e3960c0 : 2 stores
Line 0xea2063ad440 : 5 stores
Line 0xe8035e374bc0 : 2 stores
Line 0x98f5690b5d00 : 2 stores
Line 0xea20638bf40 : 1 stores
Line 0xea20636da00 : 1 stores
Line 0xe8035e396180 : 1 stores
Line 0xea2063ad500 : 6 stores
Line 0xe8035e394900 : 6 stores
Line 0x8ad330138240 : 2 stores
Line 0xea2063abc80 : 2 stores
Line 0x8ad330137240 : 2 stores
Line 0xea2063aac80 : 2 stores
Line 0x98f5690b4d00 : 5 stores
Line 0xea20638af40 : 1 stores
Line 0xe8035e396140 : 4 stores
Line 0xea2063ad4c0 : 2 stores
Line 0xe8035e376c80 : 2 stores
Line 0xea20638e000 : 1 stores
Line 0x98f5690b8dc0 : 2 stores
Line 0xea20638f000 : 1 stores
Line 0xe8035e396240 : 1 stores
Line 0xea2063ad5c0 : 4 stores
Line 0xe8035e3949c0 : 4 stores
Line 0x8ad330138300 : 4 stores
Line 0xea2063abd40 : 3 stores
Line 0x8ad330137300 : 3 stores
Line 0xea2063aad40 : 4 stores
Line 0xe8035e376d80 : 2 stores
Line 0xea20638e100 : 3 stores
Line 0x98f5690b8ec0 : 4 stores
Line 0xea20638f100 : 2 stores
Line 0xe8035e396200 : 2 stores
Line 0xea2063ad580 : 5 stores
Line 0x98f5690b8e40 : 1 stores
Line 0xea20638f080 : 1 stores
Line 0xea20636db40 : 1 stores
Line 0xe8035e3962c0 : 1 stores
Line 0xea2063ad640 : 6 stores
Line 0xe8035e394a40 : 6 stores
Line 0x8ad330138380 : 2 stores
Line 0xea2063abdc0 : 2 stores
Line 0x8ad330137380 : 2 stores
Line 0xea2063aadc0 : 2 stores
Line 0xe8035e376d00 : 4 stores
Line 0xea20638e080 : 1 stores
Line 0xe8035e396280 : 4 stores
Line 0xea2063ad600 : 2 stores
Line 0xe8035e376dc0 : 2 stores
Line 0xea20638e140 : 1 stores
Line 0x98f5690b8f00 : 2 stores
Line 0xea20638f140 : 1 stores
Line 0xe8035e396380 : 1 stores
Line 0xea2063ad700 : 4 stores
Line 0xe8035e394b00 : 4 stores
Line 0x8ad330138440 : 4 stores
Line 0xea2063abe80 : 3 stores
Line 0x8ad330137440 : 3 stores
Line 0xea2063aae80 : 4 stores
Line 0xe8035e376ec0 : 2 stores
Line 0x98f5690b8000 : 2 stores
Line 0xea20638e240 : 3 stores
Line 0x98f5690b9000 : 4 stores
Line 0xea20638f240 : 2 stores
Line 0xe8035e396340 : 2 stores
Line 0xea2063ad6c0 : 5 stores
Line 0x98f5690b8f80 : 1 stores
Line 0xea20638f1c0 : 1 stores
Line 0xea20636dc80 : 1 stores
Line 0xe8035e396400 : 1 stores
Line 0xea2063ad780 : 6 stores
Line 0xe8035e394b80 : 6 stores
Line 0x8ad3301384c0 : 2 stores
Line 0xea2063abf00 : 2 stores
Line 0x8ad3301374c0 : 2 stores
Line 0xea2063aaf00 : 2 stores
Line 0xe8035e376e40 : 4 stores
Line 0xea20638e1c0 : 1 stores
Line 0xe8035e3963c0 : 4 stores
Line 0xea2063ad740 : 2 stores
Line 0x98f5690b9040 : 1 stores
Line 0xea20638f280 : 1 stores
Line 0xe8035e376f00 : 2 stores
Line 0x98f5690b8040 : 6 stores
Line 0xea20638e280 : 1 stores
Line 0xe8035e3964c0 : 1 stores
Line 0xea2063ad840 : 4 stores
Line 0x8ad330137580 : 3 stores
Line 0xea2063aafc0 : 4 stores
Line 0xe8035e394c40 : 4 stores
Line 0x8ad330138580 : 4 stores
Line 0xea2063abfc0 : 3 stores
Line 0xe8035e378000 : 1 stores
Line 0x98f5690b9140 : 4 stores
Line 0xea20638f380 : 2 stores
Line 0x98f5690b8140 : 2 stores
Line 0xea20638e380 : 3 stores
Line 0xe8035e396480 : 2 stores
Line 0xea2063ad800 : 5 stores
Line 0x98f5690b90c0 : 2 stores
Line 0xea20638f300 : 1 stores
Line 0xe8035e396540 : 1 stores
Line 0xea2063ad8c0 : 6 stores
Line 0xea20636ddc0 : 1 stores
Line 0xe8035e396cc0 : 1 stores
Line 0x8ad33013a600 : 6 stores
Line 0xea2063ae040 : 2 stores
Line 0x8ad33013b600 : 1 stores
Line 0xea2063af040 : 2 stores
Line 0xe8035e376f80 : 4 stores
Line 0x98f5690b80c0 : 5 stores
Line 0xea20638e300 : 1 stores
Line 0xe8035e396500 : 4 stores
Line 0xea2063ad880 : 2 stores
Line 0xe8035e378040 : 5 stores
Line 0x98f5690b9180 : 1 stores
Line 0xea20638f3c0 : 1 stores
Line 0x98f5690b8180 : 6 stores
Line 0xea20638e3c0 : 1 stores
Line 0xe8035e396600 : 1 stores
Line 0xea2063ad980 : 4 stores
Line 0xe8035e396d80 : 1 stores
Line 0x8ad33013a6c0 : 4 stores
Line 0xea2063ae100 : 4 stores
Line 0x8ad33013b6c0 : 1 stores
Line 0xea2063af100 : 3 stores
Line 0xe8035e378140 : 1 stores
Line 0x98f5690b9280 : 4 stores
Line 0xea20638f4c0 : 2 stores
Line 0x98f5690b8280 : 2 stores
Line 0xea20638e4c0 : 3 stores
Line 0xe8035e3965c0 : 2 stores
Line 0xea2063ad940 : 5 stores
Line 0xe8035e3780c0 : 2 stores
Line 0x98f5690b9200 : 2 stores
Line 0xea20638f440 : 1 stores
Line 0xe8035e396680 : 1 stores
Line 0xea2063ada00 : 6 stores
Line 0xea20636df00 : 1 stores
Line 0xe8035e396e00 : 1 stores
Line 0x8ad33013a740 : 6 stores
Line 0xea2063ae180 : 2 stores
Line 0x8ad33013b740 : 1 stores
Line 0xea2063af180 : 2 stores
Line 0x98f5690b8200 : 5 stores
Line 0xea20638e440 : 1 stores
Line 0xe8035e396640 : 4 stores
Line 0xea2063ad9c0 : 2 stores
Line 0xe8035e378180 : 5 stores
Line 0x98f5690b92c0 : 1 stores
Line 0xea20638f500 : 1 stores
Line 0x98f5690b82c0 : 6 stores
Line 0xea20638e500 : 1 stores
Line 0xe8035e396740 : 1 stores
Line 0x8ad33013a080 : 4 stores
Line 0xea2063adac0 : 4 stores
Line 0xe8035e396ec0 : 1 stores
Line 0x8ad33013a800 : 4 stores
Line 0xea2063ae240 : 4 stores
Line 0x8ad33013b800 : 1 stores
Line 0xea2063af240 : 3 stores
Line 0xe8035e378280 : 1 stores
Line 0x98f5690b93c0 : 4 stores
Line 0xea20638f600 : 2 stores
Line 0x98f5690b83c0 : 2 stores
Line 0xea20638e600 : 3 stores
Line 0xe8035e396700 : 2 stores
Line 0x8ad33013a040 : 5 stores
Line 0xea2063ada80 : 5 stores
Line 0xe8035e378200 : 2 stores
Line 0x98f5690b9340 : 2 stores
Line 0xea20638f580 : 1 stores
Line 0xe8035e3967c0 : 1 stores
Line 0x8ad33013a100 : 6 stores
Line 0xea2063adb40 : 6 stores
Line 0x98f56909ae00 : 1 stores
Line 0xea206371040 : 1 stores
Line 0xe8035e396f40 : 1 stores
Line 0x8ad33013a880 : 6 stores
Line 0xea2063ae2c0 : 2 stores
Line 0x8ad33013b880 : 1 stores
Line 0xea2063af2c0 : 2 stores
Line 0x98f5690b8340 : 5 stores
Line 0xea20638e580 : 1 stores
Line 0xe8035e396780 : 4 stores
Line 0x8ad33013a0c0 : 2 stores
Line 0xea2063adb00 : 2 stores
Line 0xe8035e3782c0 : 5 stores
Line 0x98f5690b9400 : 1 stores
Line 0xea20638f640 : 1 stores
Line 0x98f5690b8400 : 6 stores
Line 0xea20638e640 : 1 stores
Line 0xe8035e396880 : 1 stores
Line 0x8ad33013a1c0 : 4 stores
Line 0xea2063adc00 : 4 stores
Line 0x8ad33013a940 : 4 stores
Line 0xea2063ae380 : 4 stores
Line 0xe8035e398000 : 4 stores
Line 0x8ad33013b940 : 1 stores
Line 0xea2063af380 : 3 stores
Line 0xe8035e3783c0 : 1 stores
Line 0x98f5690b9500 : 4 stores
Line 0xea20638f740 : 2 stores
Line 0x98f5690b8500 : 2 stores
Line 0xea20638e740 : 3 stores
Line 0xe8035e396840 : 2 stores
Line 0x8ad33013a180 : 5 stores
Line 0xea2063adbc0 : 5 stores
Line 0xe8035e378340 : 2 stores
Line 0x98f5690b9480 : 2 stores
Line 0xea20638f6c0 : 1 stores
Line 0x98f56909af40 : 1 stores
Line 0xea206371180 : 1 stores
Line 0xe8035e396900 : 1 stores
Line 0x8ad33013a240 : 6 stores
Line 0xea2063adc80 : 6 stores
Line 0xe8035e398080 : 6 stores
Line 0x8ad33013b9c0 : 1 stores
Line 0xea2063af400 : 2 stores
Line 0x8ad33013a9c0 : 6 stores
Line 0xea2063ae400 : 2 stores
Line 0x98f5690b8480 : 5 stores
Line 0xea20638e6c0 : 1 stores
Line 0xe8035e3968c0 : 4 stores
Line 0x8ad33013a200 : 2 stores
Line 0xea2063adc40 : 2 stores
Line 0x98f5690b8540 : 6 stores
Line 0xea20638e780 : 1 stores
Line 0xe8035e378400 : 5 stores
Line 0x98f5690b9540 : 1 stores
Line 0xea20638f780 : 1 stores
Line 0xe8035e3969c0 : 1 stores
Line 0x8ad33013a300 : 4 stores
Line 0xea2063add40 : 4 stores
Line 0xe8035e398140 : 4 stores
Line 0x8ad33013ba80 : 1 stores
Line 0xea2063af4c0 : 3 stores
Line 0x8ad33013aa80 : 4 stores
Line 0xea2063ae4c0 : 4 stores
Line 0x98f5690b8640 : 2 stores
Line 0xea20638e880 : 3 stores
Line 0xe8035e378500 : 1 stores
Line 0x98f5690b9640 : 4 stores
Line 0xea20638f880 : 2 stores
Line 0xe8035e396980 : 2 stores
Line 0x8ad33013a2c0 : 5 stores
Line 0xea2063add00 : 5 stores
Line 0xe8035e378480 : 2 stores
Line 0x98f5690b95c0 : 2 stores
Line 0xea20638f800 : 1 stores
Line 0xea2063712c0 : 1 stores
Line 0xe8035e396a40 : 1 stores
Line 0x8ad33013a380 : 6 stores
Line 0xea2063addc0 : 6 stores
Line 0xe8035e3981c0 : 6 stores
Line 0x8ad33013bb00 : 1 stores
Line 0xea2063af540 : 2 stores
Line 0x8ad33013ab00 : 6 stores
Line 0xea2063ae540 : 2 stores
Line 0x98f5690b85c0 : 5 stores
Line 0xea20638e800 : 1 stores
Line 0xe8035e396a00 : 4 stores
Line 0x8ad33013a340 : 2 stores
Line 0xea2063add80 : 2 stores
Line 0x98f5690b8680 : 6 stores
Line 0xea20638e8c0 : 1 stores
Line 0xe8035e378540 : 5 stores
Line 0x98f5690b9680 : 1 stores
Line 0xea20638f8c0 : 1 stores
Line 0xe8035e396b00 : 1 stores
Line 0x8ad33013a440 : 4 stores
Line 0xea2063ade80 : 4 stores
Line 0xe8035e398280 : 4 stores
Line 0x8ad33013bbc0 : 1 stores
Line 0xea2063af600 : 3 stores
Line 0x8ad33013abc0 : 4 stores
Line 0xea2063ae600 : 4 stores
Line 0x98f5690b8780 : 2 stores
Line 0xea20638e9c0 : 3 stores
Line 0xe8035e378640 : 1 stores
Line 0x98f5690b9780 : 4 stores
Line 0xea20638f9c0 : 2 stores
Line 0xe8035e396ac0 : 2 stores
Line 0x8ad33013a400 : 5 stores
Line 0xea2063ade40 : 5 stores
Line 0xe8035e3785c0 : 2 stores
Line 0x98f5690b9700 : 2 stores
Line 0xea20638f940 : 1 stores
Line 0xea206371400 : 1 stores
Line 0xe8035e396b80 : 1 stores
Line 0x8ad33013a4c0 : 6 stores
Line 0xea2063adf00 : 6 stores
Line 0xe8035e398300 : 6 stores
Line 0x8ad33013bc40 : 1 stores
Line 0xea2063af680 : 2 stores
Line 0x8ad33013ac40 : 6 stores
Line 0xea2063ae680 : 2 stores
Line 0x98f5690b8700 : 5 stores
Line 0xea20638e940 : 1 stores
Line 0xe8035e396b40 : 4 stores
Line 0x8ad33013a480 : 2 stores
Line 0xea2063adec0 : 2 stores
Line 0x98f5690b87c0 : 6 stores
Line 0xea20638ea00 : 1 stores
Line 0xe8035e378680 : 5 stores
Line 0x98f5690b97c0 : 1 stores
Line 0xea20638fa00 : 1 stores
Line 0xe8035e396c40 : 1 stores
Line 0x8ad33013a580 : 4 stores
Line 0xea2063adfc0 : 4 stores
Line 0xe8035e3983c0 : 4 stores
Line 0x8ad33013bd00 : 1 stores
Line 0xea2063af740 : 3 stores
Line 0x8ad33013ad00 : 4 stores
Line 0xea2063ae740 : 4 stores
Line 0x98f5690b88c0 : 2 stores
Line 0xea20638eb00 : 3 stores
Line 0xe8035e378780 : 1 stores
Line 0x98f5690b98c0 : 4 stores
Line 0xea20638fb00 : 2 stores
Line 0xe8035e396c00 : 2 stores
Line 0x8ad33013a540 : 5 stores
Line 0xea2063adf80 : 5 stores
Line 0xe8035e378700 : 2 stores
Line 0x98f5690b9840 : 2 stores
Line 0xea20638fa80 : 1 stores
Line 0xea206371540 : 1 stores
Line 0xe8035e398440 : 6 stores
Line 0x8ad33013bd80 : 1 stores
Line 0xea2063af7c0 : 2 stores
Line 0x8ad33013ad80 : 6 stores
Line 0xea2063ae7c0 : 2 stores
Line 0x98f5690b8840 : 5 stores
Line 0xea20638ea80 : 1 stores
Line 0x98f5690b8900 : 6 stores
Line 0xea20638eb40 : 1 stores
Line 0xe8035e3787c0 : 5 stores
Line 0x98f5690b9900 : 1 stores
Line 0xea20638fb40 : 1 stores
Line 0xe8035e398500 : 4 stores
Line 0x8ad33013be40 : 1 stores
Line 0xea2063af880 : 3 stores
Line 0x8ad33013ae40 : 4 stores
Line 0xea2063ae880 : 4 stores
Line 0x98f5690b8a00 : 2 stores
Line 0xea20638ec40 : 3 stores
Line 0xe8035e3788c0 : 1 stores
Line 0x98f5690b9a00 : 4 stores
Line 0xea20638fc40 : 2 stores
Line 0xe8035e378840 : 2 stores
Line 0x98f5690b9980 : 2 stores
Line 0xea20638fbc0 : 1 stores
Line 0xea206371680 : 1 stores
Line 0xe8035e398580 : 6 stores
Line 0x8ad33013bec0 : 1 stores
Line 0xea2063af900 : 2 stores
Line 0x8ad33013aec0 : 6 stores
Line 0xea2063ae900 : 2 stores
Line 0x98f5690b8980 : 5 stores
Line 0xea20638ebc0 : 1 stores
Line 0x98f5690b8a40 : 6 stores
Line 0xea20638ec80 : 1 stores
Line 0xe8035e378900 : 5 stores
Line 0x98f5690b9a40 : 1 stores
Line 0xea20638fc80 : 1 stores
Line 0xe8035e398640 : 4 stores
Line 0x8ad33013bf80 : 1 stores
Line 0xea2063af9c0 : 3 stores
Line 0x8ad33013af80 : 4 stores
Line 0xea2063ae9c0 : 4 stores
Line 0x98f5690b8b40 : 2 stores
Line 0xea20638ed80 : 3 stores
Line 0xe8035e378a00 : 1 stores
Line 0x98f5690b9b40 : 4 stores
Line 0xea20638fd80 : 2 stores
Line 0xe8035e378980 : 2 stores
Line 0x98f5690b9ac0 : 2 stores
Line 0xea20638fd00 : 1 stores
Line 0xea2063717c0 : 1 stores
Line 0xe8035e3986c0 : 6 stores
Line 0x8ad33013c000 : 2 stores
Line 0xea2063afa40 : 2 stores
Line 0x8ad33013b000 : 2 stores
Line 0xea2063aea40 : 2 stores
Line 0x98f5690b8ac0 : 5 stores
Line 0xea20638ed00 : 1 stores
Line 0x98f5690b8b80 : 6 stores
Line 0xea20638edc0 : 1 stores
Line 0xe8035e378a40 : 5 stores
Line 0x98f5690b9b80 : 1 stores
Line 0xea20638fdc0 : 1 stores
Line 0xe8035e398780 : 4 stores
Line 0x8ad33013c0c0 : 4 stores
Line 0xea2063afb00 : 3 stores
Line 0x8ad33013b0c0 : 3 stores
Line 0xea2063aeb00 : 4 stores
Line 0x98f5690b8c80 : 2 stores
Line 0xea20638eec0 : 3 stores
Line 0xe8035e378b40 : 1 stores
Line 0x98f5690b9c80 : 4 stores
Line 0xea20638fec0 : 2 stores
Line 0xe8035e378ac0 : 2 stores
Line 0x98f5690b9c00 : 2 stores
Line 0xea20638fe40 : 1 stores
Line 0xea206371900 : 1 stores
Line 0xe8035e398800 : 6 stores
Line 0x8ad33013c140 : 2 stores
Line 0xea2063afb80 : 2 stores
Line 0x8ad33013b140 : 2 stores
Line 0xea2063aeb80 : 2 stores
Line 0x98f5690b8c00 : 5 stores
Line 0xea20638ee40 : 1 stores
Line 0xe8035e378b80 : 5 stores
Line 0x98f5690b9cc0 : 1 stores
Line 0xea20638ff00 : 1 stores
Line 0x98f5690b8cc0 : 6 stores
Line 0xea20638ef00 : 1 stores
Line 0x8ad33013b200 : 3 stores
Line 0xea2063aec40 : 4 stores
Line 0xe8035e3988c0 : 4 stores
Line 0x8ad33013c200 : 4 stores
Line 0xea2063afc40 : 3 stores
Line 0xe8035e37ac80 : 2 stores
Line 0xea206392000 : 2 stores
Line 0x98f5690bcdc0 : 4 stores
Line 0xea206393000 : 3 stores
Line 0xe8035e378c00 : 2 stores
Line 0x98f5690b9d40 : 2 stores
Line 0xea20638ff80 : 1 stores
Line 0xea206371a40 : 1 stores
Line 0x8ad33013b280 : 2 stores
Line 0xea2063aecc0 : 2 stores
Line 0xe8035e398940 : 6 stores
Line 0x8ad33013c280 : 2 stores
Line 0xea2063afcc0 : 2 stores
Line 0x98f5690b8d40 : 5 stores
Line 0xea20638ef80 : 1 stores
Line 0xe8035e37acc0 : 2 stores
Line 0xea206392040 : 1 stores
Line 0x98f5690bce00 : 2 stores
Line 0xea206393040 : 1 stores
Line 0x8ad33013b340 : 3 stores
Line 0xea2063aed80 : 4 stores
Line 0xe8035e398a00 : 4 stores
Line 0x8ad33013c340 : 4 stores
Line 0xea2063afd80 : 3 stores
Line 0xe8035e37adc0 : 2 stores
Line 0xea206392140 : 2 stores
Line 0x98f5690bcf00 : 4 stores
Line 0xea206393140 : 3 stores
Line 0xe8035e37ad40 : 4 stores
Line 0xea2063920c0 : 1 stores
Line 0xea206371b80 : 1 stores
Line 0x8ad33013b3c0 : 2 stores
Line 0xea2063aee00 : 2 stores
Line 0xe8035e398a80 : 6 stores
Line 0x8ad33013c3c0 : 2 stores
Line 0xea2063afe00 : 2 stores
Line 0x98f5690bce80 : 1 stores
Line 0xea2063930c0 : 1 stores
Line 0xe8035e37ae00 : 2 stores
Line 0xea206392180 : 1 stores
Line 0x98f5690bcf40 : 2 stores
Line 0xea206393180 : 1 stores
Line 0x8ad33013b480 : 3 stores
Line 0xea2063aeec0 : 4 stores
Line 0xe8035e398b40 : 4 stores
Line 0x8ad33013c480 : 4 stores
Line 0xea2063afec0 : 3 stores
Line 0xe8035e37af00 : 2 stores
Line 0x98f5690bc040 : 2 stores
Line 0xea206392280 : 2 stores
Line 0xea206393280 : 3 stores
Line 0xe8035e37ae80 : 4 stores
Line 0xea206392200 : 1 stores
Line 0xea206371cc0 : 1 stores
Line 0x8ad33013b500 : 2 stores
Line 0xea2063aef40 : 2 stores
Line 0xe8035e398bc0 : 6 stores
Line 0x8ad33013c500 : 2 stores
Line 0xea2063aff40 : 2 stores
Line 0x98f5690bcfc0 : 1 stores
Line 0xea206393200 : 1 stores
Line 0xe8035e37af40 : 2 stores
Line 0x98f5690bc080 : 6 stores
Line 0xea2063922c0 : 1 stores
Line 0xea2063932c0 : 1 stores
Line 0x98f5690bc180 : 2 stores
Line 0xea2063923c0 : 2 stores
Line 0xa1abd7f32000 : 4 stores
Line 0xe8035e37c040 : 1 stores
Line 0xea2063933c0 : 3 stores
Line 0xe8035e37afc0 : 4 stores
Line 0x98f5690bc100 : 5 stores
Line 0xea206392340 : 1 stores
Line 0xea206371e00 : 1 stores
Line 0xa1abd7f32080 : 2 stores
Line 0xea206393340 : 1 stores
Line 0x98f5690bc1c0 : 6 stores
Line 0xea206392400 : 1 stores
Line 0xe8035e37c080 : 5 stores
Line 0xea206393400 : 1 stores
Line 0xa1abd7f32140 : 4 stores
Line 0x98f5690bc2c0 : 2 stores
Line 0xea206392500 : 2 stores
Line 0xe8035e37c180 : 1 stores
Line 0xea206393500 : 3 stores
Line 0x98f5690bc240 : 5 stores
Line 0xea206392480 : 1 stores
Line 0xea206371f40 : 1 stores
Line 0xa1abd7f321c0 : 2 stores
Line 0xe8035e37c100 : 2 stores
Line 0xea206393480 : 1 stores
Line 0x98f5690bc300 : 6 stores
Line 0xea206392540 : 1 stores
Line 0xe8035e37c1c0 : 5 stores
Line 0xea206393540 : 1 stores
Line 0xa1abd7f32280 : 4 stores
Line 0x98f5690bc400 : 2 stores
Line 0xea206392640 : 2 stores
Line 0xe8035e37c2c0 : 1 stores
Line 0xea206393640 : 3 stores
Line 0x98f5690bc380 : 5 stores
Line 0xea2063925c0 : 1 stores
Line 0x98f56909ee40 : 1 stores
Line 0xea206375080 : 1 stores
Line 0xa1abd7f32300 : 2 stores
Line 0xe8035e37c240 : 2 stores
Line 0xea2063935c0 : 1 stores
Line 0x98f5690bc440 : 6 stores
Line 0xea206392680 : 1 stores
Line 0xe8035e37c300 : 5 stores
Line 0xea206393680 : 1 stores
Line 0xa1abd7f323c0 : 4 stores
Line 0x98f5690bc540 : 2 stores
Line 0xea206392780 : 2 stores
Line 0xe8035e37c400 : 1 stores
Line 0xea206393780 : 3 stores
Line 0x98f5690bc4c0 : 5 stores
Line 0xea206392700 : 1 stores
Line 0x98f56909ef80 : 1 stores
Line 0xea2063751c0 : 1 stores
Line 0xa1abd7f32440 : 2 stores
Line 0xe8035e37c380 : 2 stores
Line 0xea206393700 : 1 stores
Line 0xe8035e37c440 : 5 stores
Line 0xea2063937c0 : 1 stores
Line 0x98f5690bc580 : 6 stores
Line 0xea2063927c0 : 1 stores
Line 0xa1abd7f32500 : 4 stores
Line 0xe8035e37c540 : 1 stores
Line 0xea2063938c0 : 3 stores
Line 0x98f5690bc680 : 2 stores
Line 0xea2063928c0 : 2 stores
Line 0x98f5690bc600 : 5 stores
Line 0xea206392840 : 1 stores
Line 0xea206375300 : 1 stores
Line 0xa1abd7f32580 : 2 stores
Line 0xe8035e37c4c0 : 2 stores
Line 0xea206393840 : 1 stores
Line 0xe8035e37c580 : 5 stores
Line 0xea206393900 : 1 stores
Line 0x98f5690bc6c0 : 6 stores
Line 0xea206392900 : 1 stores
Line 0xa1abd7f32640 : 4 stores
Line 0xe8035e37c680 : 1 stores
Line 0xea206393a00 : 3 stores
Line 0x98f5690bc7c0 : 2 stores
Line 0xea206392a00 : 2 stores
Line 0x98f5690bc740 : 5 stores
Line 0xea206392980 : 1 stores
Line 0xea206375440 : 1 stores
Line 0xa1abd7f31f40 : 6 stores
Line 0xa1abd7f326c0 : 2 stores
Line 0xe8035e37c600 : 2 stores
Line 0xea206393980 : 1 stores
Line 0xa1abd7f31f00 : 2 stores
Line 0xe8035e37c6c0 : 5 stores
Line 0xea206393a40 : 1 stores
Line 0x98f5690bc800 : 6 stores
Line 0xea206392a40 : 1 stores
Line 0xa1abd7f32780 : 4 stores
Line 0xe8035e37c7c0 : 1 stores
Line 0xea206393b40 : 3 stores
Line 0x98f5690bc900 : 2 stores
Line 0xea206392b40 : 2 stores
Line 0xa1abd7f31fc0 : 5 stores
Line 0x98f5690bc880 : 5 stores
Line 0xea206392ac0 : 1 stores
Line 0xea206375580 : 1 stores
Line 0xa1abd7f32800 : 2 stores
Line 0xe8035e37c740 : 2 stores
Line 0xea206393ac0 : 1 stores
Line 0xe8035e37c800 : 5 stores
Line 0xea206393b80 : 1 stores
Line 0x98f5690bc940 : 6 stores
Line 0xea206392b80 : 1 stores
Line 0xa1abd7f328c0 : 4 stores
Line 0xe8035e37c900 : 1 stores
Line 0xea206393c80 : 3 stores
Line 0x98f5690bca40 : 2 stores
Line 0xea206392c80 : 2 stores
Line 0x98f5690bc9c0 : 5 stores
Line 0xea206392c00 : 1 stores
Line 0xea2063756c0 : 1 stores
Line 0xe8035e37c880 : 2 stores
Line 0xea206393c00 : 1 stores
Line 0xe8035e37c940 : 5 stores
Line 0xea206393cc0 : 1 stores
Line 0x98f5690bca80 : 6 stores
Line 0xea206392cc0 : 1 stores
Line 0xe8035e37ca40 : 1 stores
Line 0xea206393dc0 : 3 stores
Line 0x98f5690bcb80 : 2 stores
Line 0xea206392dc0 : 2 stores
Line 0x98f5690bcb00 : 5 stores
Line 0xea206392d40 : 1 stores
Line 0xea206375800 : 1 stores
Line 0xe8035e37c9c0 : 2 stores
Line 0xea206393d40 : 1 stores
Line 0xe8035e37ca80 : 5 stores
Line 0xea206393e00 : 1 stores
Line 0x98f5690bcbc0 : 6 stores
Line 0xea206392e00 : 1 stores
Line 0xe8035e37cb80 : 1 stores
Line 0xea206393f00 : 3 stores
Line 0x98f5690bccc0 : 2 stores
Line 0xea206392f00 : 2 stores
Line 0x98f5690bcc40 : 5 stores
Line 0xea206392e80 : 1 stores
Line 0xea206375940 : 1 stores
Line 0xe8035e37cb00 : 2 stores
Line 0xea206393e80 : 1 stores
Line 0x98f5690bcd00 : 6 stores
Line 0xea206392f40 : 1 stores
Line 0xe8035e37cbc0 : 5 stores
Line 0xea206393f40 : 1 stores
Line 0xea206397040 : 3 stores
Line 0xe8035e37ecc0 : 2 stores
Line 0xea206396040 : 2 stores
Line 0x98f5690bcd80 : 5 stores
Line 0xea206392fc0 : 1 stores
Line 0xea206375a80 : 1 stores
Line 0xe8035e37cc40 : 2 stores
Line 0xea206393fc0 : 1 stores
Line 0xea206397080 : 1 stores
Line 0xe8035e37ed00 : 3 stores
Line 0xea206396080 : 1 stores
Line 0xea206397180 : 3 stores
Line 0xe8035e37ee00 : 2 stores
Line 0xea206396180 : 2 stores
Line 0xe8035e37ed80 : 3 stores
Line 0xea206396100 : 1 stores
Line 0xea206375bc0 : 1 stores
Line 0xea206397100 : 1 stores
Line 0xe8035e37ee40 : 3 stores
Line 0xea2063961c0 : 1 stores
Line 0xea2063971c0 : 1 stores
Line 0xe8035e37ef40 : 2 stores
Line 0xea2063962c0 : 2 stores
Line 0xea2063972c0 : 3 stores
Line 0xe8035e37eec0 : 3 stores
Line 0xea206396240 : 1 stores
Line 0xea206375d00 : 1 stores
Line 0xea206397240 : 1 stores
Line 0xe8035e37ef80 : 3 stores
Line 0xea206396300 : 1 stores
Line 0xea206397300 : 1 stores
Line 0xa1abd7f36040 : 4 stores
Line 0xea206396400 : 2 stores
Line 0xe8035e380080 : 1 stores
Line 0xea206397400 : 3 stores
Line 0xea206396380 : 1 stores
Line 0xea206375e40 : 1 stores
Line 0xa1abd7f360c0 : 2 stores
Line 0xe8035e380000 : 2 stores
Line 0xea206397380 : 1 stores
Line 0xea206396440 : 1 stores
Line 0xe8035e3800c0 : 5 stores
Line 0xea206397440 : 1 stores
Line 0xa1abd7f36180 : 4 stores
Line 0xea206396540 : 2 stores
Line 0xe8035e3801c0 : 1 stores
Line 0xea206397540 : 3 stores
Line 0xea2063964c0 : 1 stores
Line 0xea206375f80 : 1 stores
Line 0xa1abd7f36200 : 2 stores
Line 0xe8035e380140 : 2 stores
Line 0xea2063974c0 : 1 stores
Line 0xea206396580 : 1 stores
Line 0xe8035e380200 : 5 stores
Line 0xea206397580 : 1 stores
Line 0xa1abd7f362c0 : 4 stores
Line 0xea206396680 : 2 stores
Line 0xe8035e380300 : 1 stores
Line 0xea206397680 : 3 stores
Line 0xea206396600 : 1 stores
Line 0xa1abd7f36340 : 2 stores
Line 0xe8035e380280 : 2 stores
Line 0xea206397600 : 1 stores
Line 0xe8035e380340 : 5 stores
Line 0xea2063976c0 : 1 stores
Line 0xea2063966c0 : 1 stores
Line 0xa1abd7f36400 : 4 stores
Line 0xe8035e380440 : 1 stores
Line 0xea2063977c0 : 3 stores
Line 0xea2063967c0 : 2 stores
Line 0xea206396740 : 1 stores
Line 0xa1abd7f36480 : 2 stores
Line 0xe8035e3803c0 : 2 stores
Line 0xea206397740 : 1 stores
Line 0xe8035e380480 : 5 stores
Line 0xea206397800 : 1 stores
Line 0xea206396800 : 1 stores
Line 0xa1abd7f36540 : 4 stores
Line 0xe8035e380580 : 1 stores
Line 0xea206397900 : 3 stores
Line 0xea206396900 : 2 stores
Line 0xea206396880 : 1 stores
Line 0xea206379340 : 1 stores
Line 0xa1abd7f365c0 : 2 stores
Line 0xe8035e380500 : 2 stores
Line 0xea206397880 : 1 stores
Line 0xe8035e3805c0 : 5 stores
Line 0xea206397940 : 1 stores
Line 0xea206396940 : 1 stores
Line 0xa1abd7f35f00 : 4 stores
Line 0xa1abd7f36680 : 4 stores
Line 0xe8035e3806c0 : 1 stores
Line 0xea206397a40 : 3 stores
Line 0xea206396a40 : 2 stores
Line 0xea2063969c0 : 1 stores
Line 0xea206379480 : 1 stores
Line 0xa1abd7f35f80 : 6 stores
Line 0xa1abd7f36700 : 2 stores
Line 0xe8035e380640 : 2 stores
Line 0xea2063979c0 : 1 stores
Line 0xa1abd7f35f40 : 2 stores
Line 0xe8035e380700 : 5 stores
Line 0xea206397a80 : 1 stores
Line 0xea206396a80 : 1 stores
Line 0xa1abd7f367c0 : 4 stores
Line 0xe8035e380800 : 1 stores
Line 0xea206397b80 : 3 stores
Line 0xea206396b80 : 2 stores
Line 0x98f5690a0080 : 5 stores
Line 0xea2063762c0 : 1 stores
Line 0x6c6f1e454040 : 4 stores
Line 0x98f5690a0040 : 1 stores
Line 0xea206376280 : 3 stores
Line 0x6c6f1e454000 : 5 stores
Line 0xea206396b00 : 1 stores
Line 0xea2063795c0 : 1 stores
Line 0x98f5690a0100 : 2 stores
Line 0xea206376340 : 3 stores
Line 0x6c6f1e4540c0 : 6 stores
Line 0xa1abd7f36840 : 2 stores
Line 0xe8035e380780 : 2 stores
Line 0xea206397b00 : 1 stores
Line 0x98f5690a00c0 : 4 stores
Line 0xea206376300 : 2 stores
Line 0x6c6f1e454080 : 2 stores
Line 0xe8035e380840 : 5 stores
Line 0xea206397bc0 : 1 stores
Line 0xea206396bc0 : 1 stores
Line 0x98f5690a01c0 : 5 stores
Line 0xea206376400 : 1 stores
Line 0x6c6f1e454180 : 4 stores
Line 0xe8035e380940 : 1 stores
Line 0xea206397cc0 : 3 stores
Line 0xea206396cc0 : 2 stores
Line 0x98f5690a0180 : 1 stores
Line 0xea2063763c0 : 3 stores
Line 0x6c6f1e454140 : 5 stores
Line 0xea206396c40 : 1 stores
Line 0xea206379700 : 1 stores
Line 0x98f5690a0240 : 2 stores
Line 0xea206376480 : 3 stores
Line 0x6c6f1e454200 : 6 stores
Line 0xe8035e3808c0 : 2 stores
Line 0xea206397c40 : 1 stores
Line 0x98f5690a0200 : 4 stores
Line 0xea206376440 : 2 stores
Line 0x6c6f1e4541c0 : 2 stores
Line 0xe8035e380980 : 5 stores
Line 0xea206397d00 : 1 stores
Line 0xea206396d00 : 1 stores
Line 0x98f5690a0300 : 5 stores
Line 0xea206376540 : 1 stores
Line 0x6c6f1e4542c0 : 4 stores
Line 0xe8035e380a80 : 1 stores
Line 0xea206397e00 : 3 stores
Line 0xea206396e00 : 2 stores
Line 0x98f5690a02c0 : 1 stores
Line 0xea206376500 : 3 stores
Line 0x6c6f1e454280 : 5 stores
Line 0xea206396d80 : 1 stores
Line 0xea206379840 : 1 stores
Line 0x98f5690a0380 : 2 stores
Line 0xea2063765c0 : 3 stores
Line 0x6c6f1e454340 : 6 stores
Line 0xe8035e380a00 : 2 stores
Line 0xea206397d80 : 1 stores
Line 0x98f5690a0340 : 4 stores
Line 0xea206376580 : 2 stores
Line 0x6c6f1e454300 : 2 stores
Line 0xea206396e40 : 1 stores
Line 0xe8035e380ac0 : 5 stores
Line 0xea206397e40 : 1 stores
Line 0x98f5690a0440 : 5 stores
Line 0xea206376680 : 1 stores
Line 0x6c6f1e454400 : 4 stores
Line 0xea206396f40 : 2 stores
Line 0xe8035e380bc0 : 1 stores
Line 0xea206397f40 : 3 stores
Line 0x98f5690a0400 : 1 stores
Line 0xea206376640 : 3 stores
Line 0x6c6f1e4543c0 : 5 stores
Line 0xea206396ec0 : 1 stores
Line 0x98f5690a04c0 : 2 stores
Line 0xea206376700 : 3 stores
Line 0x6c6f1e454480 : 6 stores
Line 0xea206379980 : 1 stores
Line 0xe8035e380b40 : 2 stores
Line 0xea206397ec0 : 1 stores
Line 0x98f5690a0480 : 4 stores
Line 0xea2063766c0 : 2 stores
Line 0x6c6f1e454440 : 2 stores
Line 0xea206396f80 : 1 stores
Line 0xe8035e380c00 : 5 stores
Line 0xea206397f80 : 1 stores
Line 0x98f5690a0580 : 5 stores
Line 0xea2063767c0 : 1 stores
Line 0x6c6f1e454540 : 4 stores
Line 0x98f5690a0540 : 1 stores
Line 0xea206376780 : 3 stores
Line 0x6c6f1e454500 : 5 stores
Line 0x98f5690a0600 : 2 stores
Line 0xea206376840 : 3 stores
Line 0x6c6f1e4545c0 : 6 stores
Line 0xea206379ac0 : 1 stores
Line 0x98f5690a05c0 : 4 stores
Line 0xea206376800 : 2 stores
Line 0x6c6f1e454580 : 2 stores
Line 0x98f5690a06c0 : 5 stores
Line 0xea206376900 : 1 stores
Line 0x6c6f1e454680 : 4 stores
Line 0x98f5690a0680 : 1 stores
Line 0xea2063768c0 : 3 stores
Line 0x6c6f1e454640 : 5 stores
Line 0x98f5690a0740 : 2 stores
Line 0xea206376980 : 3 stores
Line 0x6c6f1e454700 : 6 stores
Line 0xea206379c00 : 1 stores
Line 0x98f5690a0700 : 4 stores
Line 0xea206376940 : 2 stores
Line 0x6c6f1e4546c0 : 2 stores
Line 0x98f5690a0800 : 5 stores
Line 0xea206376a40 : 1 stores
Line 0x6c6f1e4547c0 : 4 stores
Line 0xea20639b300 : 3 stores
Line 0x98f5690a07c0 : 1 stores
Line 0xea206376a00 : 3 stores
Line 0x6c6f1e454780 : 5 stores
Line 0x98f5690a0880 : 2 stores
Line 0xea206376ac0 : 3 stores
Line 0x6c6f1e454840 : 6 stores
Line 0xea206379d40 : 1 stores
Line 0x98f5690a0840 : 4 stores
Line 0xea206376a80 : 2 stores
Line 0x6c6f1e454800 : 2 stores
Line 0xea20639b340 : 1 stores
Line 0x98f5690a0940 : 5 stores
Line 0xea206376b80 : 1 stores
Line 0x6c6f1e454900 : 4 stores
Line 0x98f5690a10c0 : 1 stores
Line 0xea206377300 : 2 stores
Line 0x6c6f1e455080 : 4 stores
Line 0x98f5690a20c0 : 1 stores
Line 0x6c6f1e456080 : 3 stores
Line 0xe8035e3840c0 : 1 stores
Line 0xea20639b440 : 3 stores
Line 0x98f5690a0900 : 1 stores
Line 0xea206376b40 : 3 stores
Line 0x6c6f1e4548c0 : 5 stores
Line 0x98f5690a09c0 : 2 stores
Line 0xea206376c00 : 3 stores
Line 0x6c6f1e454980 : 6 stores
Line 0xea206379e80 : 1 stores
Line 0x98f5690a1140 : 1 stores
Line 0xea206377380 : 1 stores
Line 0x6c6f1e455100 : 2 stores
Line 0x98f5690a2140 : 1 stores
Line 0x6c6f1e456100 : 2 stores
Line 0xe8035e384040 : 2 stores
Line 0xea20639b3c0 : 1 stores
Line 0x98f5690a0980 : 4 stores
Line 0xea206376bc0 : 2 stores
Line 0x6c6f1e454940 : 2 stores
Line 0xe8035e384100 : 5 stores
Line 0xea20639b480 : 1 stores
Line 0x98f5690a0a80 : 5 stores
Line 0xea206376cc0 : 1 stores
Line 0x6c6f1e454a40 : 4 stores
Line 0x98f5690a1200 : 1 stores
Line 0xea206377440 : 2 stores
Line 0x6c6f1e4551c0 : 4 stores
Line 0x98f5690a2200 : 1 stores
Line 0x6c6f1e4561c0 : 3 stores
Line 0xe8035e384200 : 1 stores
Line 0xea20639b580 : 3 stores
Line 0x98f5690a0a40 : 1 stores
Line 0xea206376c80 : 3 stores
Line 0x6c6f1e454a00 : 5 stores
Line 0xea206379fc0 : 1 stores
Line 0x98f5690a0b00 : 2 stores
Line 0xea206376d40 : 3 stores
Line 0x6c6f1e454ac0 : 6 stores
Line 0x98f5690a2280 : 1 stores
Line 0x6c6f1e456240 : 2 stores
Line 0x98f5690a1280 : 1 stores
Line 0xea2063774c0 : 1 stores
Line 0x6c6f1e455240 : 2 stores
Line 0xe8035e384180 : 2 stores
Line 0xea20639b500 : 1 stores
Line 0x98f5690a0ac0 : 4 stores
Line 0xea206376d00 : 2 stores
Line 0x6c6f1e454a80 : 2 stores
Line 0xe8035e384240 : 5 stores
Line 0xea20639b5c0 : 1 stores
Line 0x98f5690a0bc0 : 5 stores
Line 0xea206376e00 : 1 stores
Line 0x6c6f1e454b80 : 4 stores
Line 0x98f5690a2340 : 1 stores
Line 0x6c6f1e456300 : 3 stores
Line 0x98f5690a1340 : 1 stores
Line 0xea206377580 : 2 stores
Line 0x6c6f1e455300 : 4 stores
Line 0xe8035e384340 : 1 stores
Line 0xea20639b6c0 : 3 stores
Line 0x98f5690a0b80 : 1 stores
Line 0xea206376dc0 : 3 stores
Line 0x6c6f1e454b40 : 5 stores
Line 0x98f5690a6ec0 : 1 stores
Line 0xea20637d100 : 1 stores
Line 0x98f5690a0c40 : 2 stores
Line 0xea206376e80 : 3 stores
Line 0x6c6f1e454c00 : 6 stores
Line 0x98f5690a23c0 : 1 stores
Line 0x6c6f1e456380 : 2 stores
Line 0x98f5690a13c0 : 1 stores
Line 0xea206377600 : 1 stores
Line 0x6c6f1e455380 : 2 stores
Line 0xe8035e3842c0 : 2 stores
Line 0xea20639b640 : 1 stores
Line 0x98f5690a0c00 : 4 stores
Line 0xea206376e40 : 2 stores
Line 0x6c6f1e454bc0 : 2 stores
Line 0xe8035e384380 : 5 stores
Line 0xea20639b700 : 1 stores
Line 0x98f5690a0d00 : 5 stores
Line 0xea206376f40 : 1 stores
Line 0x6c6f1e454cc0 : 4 stores
Line 0x98f5690a2480 : 1 stores
Line 0x6c6f1e456440 : 3 stores
Line 0x98f5690a1480 : 1 stores
Line 0xea2063776c0 : 2 stores
Line 0x6c6f1e455440 : 4 stores
Line 0xe8035e384480 : 1 stores
Line 0xea20639b800 : 3 stores
Line 0x98f5690a0cc0 : 1 stores
Line 0xea206376f00 : 3 stores
Line 0x6c6f1e454c80 : 5 stores
Line 0xea20637d240 : 1 stores
Line 0x98f5690a0d80 : 2 stores
Line 0xea206376fc0 : 3 stores
Line 0x6c6f1e454d40 : 6 stores
Line 0x98f5690a2500 : 1 stores
Line 0x6c6f1e4564c0 : 2 stores
Line 0x98f5690a1500 : 1 stores
Line 0xea206377740 : 1 stores
Line 0x6c6f1e4554c0 : 2 stores
Line 0xe8035e384400 : 2 stores
Line 0xea20639b780 : 1 stores
Line 0x98f5690a0d40 : 4 stores
Line 0xea206376f80 : 2 stores
Line 0x6c6f1e454d00 : 2 stores
Line 0xe8035e3844c0 : 5 stores
Line 0xea20639b840 : 1 stores
Line 0x98f5690a0e40 : 5 stores
Line 0xea206377080 : 2 stores
Line 0x6c6f1e454e00 : 4 stores
Line 0x98f5690a25c0 : 1 stores
Line 0x6c6f1e456580 : 3 stores
Line 0x98f5690a15c0 : 1 stores
Line 0xea206377800 : 2 stores
Line 0x6c6f1e455580 : 4 stores
Line 0xe8035e3845c0 : 1 stores
Line 0xea20639b940 : 3 stores
Line 0x98f5690a0e00 : 1 stores
Line 0xea206377040 : 1 stores
Line 0x6c6f1e454dc0 : 5 stores
Line 0xea20637d380 : 1 stores
Line 0x98f5690a0ec0 : 2 stores
Line 0xea206377100 : 1 stores
Line 0x6c6f1e454e80 : 6 stores
Line 0x98f5690a2640 : 1 stores
Line 0x6c6f1e456600 : 2 stores
Line 0x98f5690a1640 : 1 stores
Line 0xea206377880 : 1 stores
Line 0x6c6f1e455600 : 2 stores
Line 0xe8035e384540 : 2 stores
Line 0xea20639b8c0 : 1 stores
Line 0x98f5690a0e80 : 4 stores
Line 0xea2063770c0 : 2 stores
Line 0x6c6f1e454e40 : 2 stores
Line 0xe8035e384600 : 5 stores
Line 0xea20639b980 : 1 stores
Line 0x98f5690a0f80 : 5 stores
Line 0xea2063771c0 : 2 stores
Line 0x6c6f1e454f40 : 4 stores
Line 0x98f5690a2700 : 1 stores
Line 0x6c6f1e4566c0 : 3 stores
Line 0x98f5690a1700 : 1 stores
Line 0xea206377940 : 2 stores
Line 0x6c6f1e4556c0 : 4 stores
Line 0xe8035e384700 : 1 stores
Line 0xea20639ba80 : 3 stores
Line 0x98f5690a0f40 : 1 stores
Line 0xea206377180 : 1 stores
Line 0x6c6f1e454f00 : 5 stores
Line 0xea20637d4c0 : 1 stores
Line 0x98f5690a1000 : 1 stores
Line 0xea206377240 : 1 stores
Line 0x6c6f1e454fc0 : 6 stores
Line 0x98f5690a2780 : 1 stores
Line 0x6c6f1e456740 : 2 stores
Line 0x98f5690a1780 : 1 stores
Line 0xea2063779c0 : 1 stores
Line 0x6c6f1e455740 : 2 stores
Line 0xe8035e384680 : 2 stores
Line 0xea20639ba00 : 1 stores
Line 0x98f5690a0fc0 : 4 stores
Line 0xea206377200 : 2 stores
Line 0x6c6f1e454f80 : 2 stores
Line 0xe8035e384740 : 5 stores
Line 0xea20639bac0 : 1 stores
Line 0x98f5690a2840 : 1 stores
Line 0x6c6f1e456800 : 3 stores
Line 0x98f5690a1840 : 1 stores
Line 0xea206377a80 : 2 stores
Line 0x6c6f1e455800 : 4 stores
Line 0xe8035e384840 : 1 stores
Line 0xea20639bbc0 : 3 stores
Line 0xea20637d600 : 1 stores
Line 0x98f5690a40c0 : 5 stores
Line 0xea20637a300 : 1 stores
Line 0x6c6f1e458080 : 4 stores
Line 0x98f5690a4080 : 1 stores
Line 0xea20637a2c0 : 3 stores
Line 0x6c6f1e458040 : 5 stores
Line 0x98f5690a4140 : 2 stores
Line 0xea20637a380 : 3 stores
Line 0x6c6f1e458100 : 6 stores
Line 0x98f5690a28c0 : 1 stores
Line 0x6c6f1e456880 : 2 stores
Line 0x98f5690a18c0 : 1 stores
Line 0xea206377b00 : 1 stores
Line 0x6c6f1e455880 : 2 stores
Line 0xe8035e3847c0 : 2 stores
Line 0xea20639bb40 : 1 stores
Line 0x98f5690a4100 : 4 stores
Line 0xea20637a340 : 2 stores
Line 0x6c6f1e4580c0 : 2 stores
Line 0xe8035e384880 : 5 stores
Line 0xea20639bc00 : 1 stores
Line 0x98f5690a4200 : 5 stores
Line 0xea20637a440 : 1 stores
Line 0x6c6f1e4581c0 : 4 stores
Line 0x98f5690a2980 : 1 stores
Line 0x6c6f1e456940 : 3 stores
Line 0x98f5690a1980 : 1 stores
Line 0xea206377bc0 : 2 stores
Line 0x6c6f1e455940 : 4 stores
Line 0xe8035e384980 : 1 stores
Line 0xea20639bd00 : 3 stores
Line 0x98f5690a41c0 : 1 stores
Line 0xea20637a400 : 3 stores
Line 0x6c6f1e458180 : 5 stores
Line 0xea20637d740 : 1 stores
Line 0x98f5690a4280 : 2 stores
Line 0xea20637a4c0 : 3 stores
Line 0x6c6f1e458240 : 6 stores
Line 0x98f5690a2a00 : 1 stores
Line 0x6c6f1e4569c0 : 2 stores
Line 0x98f5690a1a00 : 1 stores
Line 0xea206377c40 : 1 stores
Line 0x6c6f1e4559c0 : 2 stores
Line 0xe8035e384900 : 2 stores
Line 0xea20639bc80 : 1 stores
Line 0x98f5690a4240 : 4 stores
Line 0xea20637a480 : 2 stores
Line 0x6c6f1e458200 : 2 stores
Line 0xe8035e3849c0 : 5 stores
Line 0xea20639bd40 : 1 stores
Line 0x98f5690a4340 : 5 stores
Line 0xea20637a580 : 1 stores
Line 0x6c6f1e458300 : 4 stores
Line 0x98f5690a1ac0 : 1 stores
Line 0xea206377d00 : 2 stores
Line 0x6c6f1e455a80 : 4 stores
Line 0x98f5690a2ac0 : 1 stores
Line 0x6c6f1e456a80 : 3 stores
Line 0xe8035e384ac0 : 1 stores
Line 0xea20639be40 : 3 stores
Line 0x98f5690a4300 : 1 stores
Line 0xea20637a540 : 3 stores
Line 0x6c6f1e4582c0 : 5 stores
Line 0xea20637d880 : 1 stores
Line 0x98f5690a43c0 : 2 stores
Line 0xea20637a600 : 3 stores
Line 0x6c6f1e458380 : 6 stores
Line 0x98f5690a2b40 : 1 stores
Line 0x6c6f1e456b00 : 2 stores
Line 0x98f5690a1b40 : 1 stores
Line 0xea206377d80 : 1 stores
Line 0x6c6f1e455b00 : 2 stores
Line 0xe8035e384a40 : 2 stores
Line 0xea20639bdc0 : 1 stores
Line 0x98f5690a4380 : 4 stores
Line 0xea20637a5c0 : 2 stores
Line 0x6c6f1e458340 : 2 stores
Line 0xe8035e384b00 : 5 stores
Line 0xea20639be80 : 1 stores
Line 0x98f5690a4480 : 5 stores
Line 0xea20637a6c0 : 1 stores
Line 0x6c6f1e458440 : 4 stores
Line 0x98f5690a2c00 : 1 stores
Line 0x6c6f1e456bc0 : 3 stores
Line 0x98f5690a1c00 : 1 stores
Line 0xea206377e40 : 2 stores
Line 0x6c6f1e455bc0 : 4 stores
Line 0xe8035e384c00 : 1 stores
Line 0xea20639bf80 : 3 stores
Line 0x98f5690a4440 : 1 stores
Line 0xea20637a680 : 3 stores
Line 0x6c6f1e458400 : 5 stores
Line 0xea20637d9c0 : 1 stores
Line 0x98f5690a4500 : 2 stores
Line 0xea20637a740 : 3 stores
Line 0x6c6f1e4584c0 : 6 stores
Line 0x98f5690a2c80 : 1 stores
Line 0x6c6f1e456c40 : 2 stores
Line 0x98f5690a1c80 : 1 stores
Line 0xea206377ec0 : 1 stores
Line 0x6c6f1e455c40 : 2 stores
Line 0xe8035e384b80 : 2 stores
Line 0xea20639bf00 : 1 stores
Line 0x98f5690a44c0 : 4 stores
Line 0xea20637a700 : 2 stores
Line 0x6c6f1e458480 : 2 stores
Line 0xe8035e384c40 : 5 stores
Line 0xea20639bfc0 : 1 stores
Line 0x98f5690a45c0 : 5 stores
Line 0xea20637a800 : 1 stores
Line 0x6c6f1e458580 : 4 stores
Line 0x98f5690a2d40 : 1 stores
Line 0x6c6f1e456d00 : 3 stores
Line 0x98f5690a1d40 : 1 stores
Line 0xea206377f80 : 2 stores
Line 0x6c6f1e455d00 : 4 stores
Line 0x98f5690a4580 : 1 stores
Line 0xea20637a7c0 : 3 stores
Line 0x6c6f1e458540 : 5 stores
Line 0xea20637db00 : 1 stores
Line 0x98f5690a4640 : 2 stores
Line 0xea20637a880 : 3 stores
Line 0x6c6f1e458600 : 6 stores
Line 0x98f5690a2dc0 : 1 stores
Line 0xea206379000 : 4 stores
Line 0x6c6f1e456d80 : 2 stores
Line 0x98f5690a1dc0 : 1 stores
Line 0x6c6f1e455d80 : 2 stores
Line 0x98f5690a4600 : 4 stores
Line 0xea20637a840 : 2 stores
Line 0x6c6f1e4585c0 : 2 stores
Line 0x98f5690a4700 : 5 stores
Line 0xea20637a940 : 1 stores
Line 0x6c6f1e4586c0 : 4 stores
Line 0x98f5690a2e80 : 1 stores
Line 0xea2063790c0 : 1 stores
Line 0x6c6f1e456e40 : 3 stores
Line 0x98f5690a1e80 : 1 stores
Line 0x6c6f1e455e40 : 4 stores
Line 0x98f5690a46c0 : 1 stores
Line 0xea20637a900 : 3 stores
Line 0x6c6f1e458680 : 5 stores
Line 0xea20637dc40 : 1 stores
Line 0x98f5690a4780 : 2 stores
Line 0xea20637a9c0 : 3 stores
Line 0x6c6f1e458740 : 6 stores
Line 0x98f5690a2f00 : 1 stores
Line 0xea206379140 : 4 stores
Line 0x6c6f1e456ec0 : 2 stores
Line 0x98f5690a1f00 : 1 stores
Line 0x6c6f1e455ec0 : 2 stores
Line 0x98f5690a4740 : 4 stores
Line 0xea20637a980 : 2 stores
Line 0x6c6f1e458700 : 2 stores
Line 0x98f5690a4840 : 5 stores
Line 0xea20637aa80 : 1 stores
Line 0x6c6f1e458800 : 4 stores
Line 0x98f5690a2fc0 : 1 stores
Line 0xea206379200 : 1 stores
Line 0x6c6f1e456f80 : 3 stores
Line 0x98f5690a1fc0 : 1 stores
Line 0x6c6f1e455f80 : 4 stores
Line 0xea20639f340 : 2 stores
Line 0x98f5690a4800 : 1 stores
Line 0xea20637aa40 : 3 stores
Line 0x6c6f1e4587c0 : 5 stores
Line 0xea20639f2c0 : 1 stores
Line 0xea20637dd80 : 1 stores
Line 0x98f5690a48c0 : 2 stores
Line 0xea20637ab00 : 3 stores
Line 0x6c6f1e458880 : 6 stores
Line 0xe8035e3bd740 : 1 stores
Line 0xd79e62976000 : 2 stores
Line 0xe8035e3be740 : 1 stores
Line 0xd79e62977000 : 2 stores
Line 0x98f5690a4880 : 4 stores
Line 0xea20637aac0 : 2 stores
Line 0x6c6f1e458840 : 2 stores
Line 0xe8035e388000 : 5 stores
Line 0xea20639f380 : 1 stores
Line 0x98f5690a4980 : 5 stores
Line 0xea20637abc0 : 1 stores
Line 0x6c6f1e458940 : 4 stores
Line 0xe8035e3be800 : 2 stores
Line 0xd79e629770c0 : 4 stores
Line 0xe8035e3bd800 : 2 stores
Line 0xd79e629760c0 : 3 stores
Line 0xe8035e388100 : 1 stores
Line 0xea20639f480 : 2 stores
Line 0x98f5690a4940 : 1 stores
Line 0xea20637ab80 : 3 stores
Line 0x6c6f1e458900 : 5 stores
Line 0xe8035e388080 : 2 stores
Line 0xea20639f400 : 1 stores
Line 0x98f5690a4a00 : 2 stores
Line 0xea20637ac40 : 3 stores
Line 0x6c6f1e4589c0 : 6 stores
Line 0xea20637dec0 : 1 stores
Line 0xe8035e3be880 : 1 stores
Line 0xd79e62977140 : 2 stores
Line 0xe8035e3bd880 : 1 stores
Line 0xd79e62976140 : 2 stores
Line 0x98f5690a49c0 : 4 stores
Line 0xea20637ac00 : 2 stores
Line 0x6c6f1e458980 : 2 stores
Line 0xe8035e388140 : 5 stores
Line 0xea20639f4c0 : 1 stores
Line 0x98f5690a4ac0 : 5 stores
Line 0xea20637ad00 : 1 stores
Line 0x6c6f1e458a80 : 4 stores
Line 0xe8035e3be940 : 2 stores
Line 0xd79e62977200 : 4 stores
Line 0xe8035e3bd940 : 2 stores
Line 0xd79e62976200 : 3 stores
Line 0xe8035e388240 : 1 stores
Line 0xea20639f5c0 : 2 stores
Line 0x98f5690a4a80 : 1 stores
Line 0xea20637acc0 : 3 stores
Line 0x6c6f1e458a40 : 5 stores
Line 0xe8035e3881c0 : 2 stores
Line 0xea20639f540 : 1 stores
Line 0x98f5690a4b40 : 2 stores
Line 0xea20637ad80 : 3 stores
Line 0x6c6f1e458b00 : 6 stores
Line 0x98f5690aadc0 : 1 stores
Line 0xea206381000 : 1 stores
Line 0xe8035e3be9c0 : 1 stores
Line 0xd79e62977280 : 2 stores
Line 0xe8035e3bd9c0 : 1 stores
Line 0xd79e62976280 : 2 stores
Line 0x98f5690a4b00 : 4 stores
Line 0xea20637ad40 : 2 stores
Line 0x6c6f1e458ac0 : 2 stores
Line 0xe8035e388280 : 5 stores
Line 0xea20639f600 : 1 stores
Line 0x98f5690a4c00 : 5 stores
Line 0xea20637ae40 : 1 stores
Line 0x6c6f1e458bc0 : 4 stores
Line 0xe8035e3bea80 : 2 stores
Line 0xd79e62977340 : 4 stores
Line 0xe8035e3bda80 : 2 stores
Line 0xd79e62976340 : 3 stores
Line 0xe8035e388380 : 1 stores
Line 0xea20639f700 : 2 stores
Line 0x98f5690a4bc0 : 1 stores
Line 0xea20637ae00 : 3 stores
Line 0x6c6f1e458b80 : 5 stores
Line 0xe8035e388300 : 2 stores
Line 0xea20639f680 : 1 stores
Line 0x98f5690a4c80 : 2 stores
Line 0xea20637aec0 : 3 stores
Line 0x6c6f1e458c40 : 6 stores
Line 0x98f5690aaf00 : 1 stores
Line 0xea206381140 : 1 stores
Line 0xe8035e3beb00 : 1 stores
Line 0xd79e629773c0 : 2 stores
Line 0xe8035e3bdb00 : 1 stores
Line 0xd79e629763c0 : 2 stores
Line 0x98f5690a4c40 : 4 stores
Line 0xea20637ae80 : 2 stores
Line 0x6c6f1e458c00 : 2 stores
Line 0xe8035e3883c0 : 5 stores
Line 0xea20639f740 : 1 stores
Line 0x98f5690a4d40 : 5 stores
Line 0xea20637af80 : 1 stores
Line 0x6c6f1e458d00 : 4 stores
Line 0xe8035e3bebc0 : 2 stores
Line 0xd79e62977480 : 4 stores
Line 0xe8035e3bdbc0 : 2 stores
Line 0xd79e62976480 : 3 stores
Line 0xe8035e3884c0 : 1 stores
Line 0xea20639f840 : 2 stores
Line 0x98f5690a4d00 : 1 stores
Line 0xea20637af40 : 3 stores
Line 0x6c6f1e458cc0 : 5 stores
Line 0xe8035e388440 : 2 stores
Line 0xea20639f7c0 : 1 stores
Line 0x98f5690a4dc0 : 2 stores
Line 0xea20637b000 : 1 stores
Line 0x6c6f1e458d80 : 6 stores
Line 0xea206381280 : 1 stores
Line 0xe8035e3bec40 : 1 stores
Line 0xd79e62977500 : 2 stores
Line 0xe8035e3bdc40 : 1 stores
Line 0xd79e62976500 : 2 stores
Line 0x98f5690a4d80 : 4 stores
Line 0xea20637afc0 : 2 stores
Line 0x6c6f1e458d40 : 2 stores
Line 0xe8035e388500 : 5 stores
Line 0xea20639f880 : 1 stores
Line 0x98f5690a4e80 : 5 stores
Line 0xea20637b0c0 : 2 stores
Line 0x6c6f1e458e40 : 4 stores
Line 0xe8035e3bed00 : 2 stores
Line 0xd79e629775c0 : 4 stores
Line 0xe8035e3bdd00 : 2 stores
Line 0xd79e629765c0 : 3 stores
Line 0xe8035e388600 : 1 stores
Line 0xea20639f980 : 2 stores
Line 0x98f5690a4e40 : 1 stores
Line 0xea20637b080 : 1 stores
Line 0x6c6f1e458e00 : 5 stores
Line 0xe8035e388580 : 2 stores
Line 0xea20639f900 : 1 stores
Line 0x98f5690a4f00 : 2 stores
Line 0xea20637b140 : 1 stores
Line 0x6c6f1e458ec0 : 6 stores
Line 0xea2063813c0 : 1 stores
Line 0xe8035e3bed80 : 1 stores
Line 0xd79e62977640 : 2 stores
Line 0xe8035e3bdd80 : 1 stores
Line 0xd79e62976640 : 2 stores
Line 0x98f5690a4ec0 : 4 stores
Line 0xea20637b100 : 2 stores
Line 0x6c6f1e458e80 : 2 stores
Line 0xe8035e388640 : 5 stores
Line 0xea20639f9c0 : 1 stores
Line 0x98f5690a4fc0 : 5 stores
Line 0xea20637b200 : 2 stores
Line 0x6c6f1e458f80 : 4 stores
Line 0xe8035e3bee40 : 2 stores
Line 0xd79e62977700 : 4 stores
Line 0xe8035e3bde40 : 2 stores
Line 0xd79e62976700 : 3 stores
Line 0xe8035e388740 : 1 stores
Line 0xea20639fac0 : 2 stores
Line 0x98f5690a4f80 : 1 stores
Line 0xea20637b1c0 : 1 stores
Line 0x6c6f1e458f40 : 5 stores
Line 0xe8035e3886c0 : 2 stores
Line 0xea20639fa40 : 1 stores
Line 0xea206381500 : 1 stores
Line 0xe8035e3c0740 : 5 stores
Line 0xd79e62979000 : 6 stores
Line 0xe8035e3beec0 : 1 stores
Line 0xd79e62977780 : 2 stores
Line 0xe8035e3bdec0 : 1 stores
Line 0xd79e62976780 : 2 stores
Line 0x98f5690a5000 : 3 stores
Line 0xea20637b240 : 2 stores
Line 0x6c6f1e458fc0 : 2 stores
Line 0xe8035e388780 : 5 stores
Line 0xea20639fb00 : 1 stores
Line 0xe8035e3c0800 : 6 stores
Line 0xd79e629790c0 : 4 stores
Line 0xe8035e3bef80 : 2 stores
Line 0xd79e62977840 : 4 stores
Line 0xe8035e3bdf80 : 2 stores
Line 0xd79e62976840 : 3 stores
Line 0xe8035e388880 : 1 stores
Line 0xea20639fc00 : 2 stores
Line 0xe8035e3c07c0 : 2 stores
Line 0xd79e62979080 : 5 stores
Line 0xe8035e388800 : 2 stores
Line 0xea20639fb80 : 1 stores
Line 0xe8035e3c0880 : 5 stores
Line 0xd79e62979140 : 6 stores
Line 0xea206381640 : 1 stores
Line 0xd79e629778c0 : 2 stores
Line 0xe8035e3be000 : 4 stores
Line 0xd79e629768c0 : 2 stores
Line 0xe8035e3c0840 : 1 stores
Line 0xd79e62979100 : 2 stores
Line 0xe8035e3888c0 : 5 stores
Line 0xea20639fc40 : 1 stores
Line 0xe8035e3c0940 : 6 stores
Line 0xd79e62979200 : 4 stores
Line 0xd79e62977980 : 4 stores
Line 0xe8035e3be0c0 : 2 stores
Line 0xd79e62976980 : 3 stores
Line 0xe8035e3889c0 : 1 stores
Line 0xea20639fd40 : 2 stores
Line 0xe8035e3c0900 : 2 stores
Line 0xd79e629791c0 : 5 stores
Line 0xe8035e388940 : 2 stores
Line 0xea20639fcc0 : 1 stores
Line 0xe8035e3c09c0 : 5 stores
Line 0xd79e62979280 : 6 stores
Line 0xea206381780 : 1 stores
Line 0xd79e62977a00 : 2 stores
Line 0xe8035e3be140 : 4 stores
Line 0xd79e62976a00 : 2 stores
Line 0xe8035e3c0980 : 1 stores
Line 0xd79e62979240 : 2 stores
Line 0xe8035e388a00 : 5 stores
Line 0xea20639fd80 : 1 stores
Line 0xe8035e3c0a80 : 6 stores
Line 0xd79e62979340 : 4 stores
Line 0xd79e62977ac0 : 4 stores
Line 0xe8035e3be200 : 2 stores
Line 0xd79e62976ac0 : 3 stores
Line 0xe8035e388b00 : 1 stores
Line 0xea20639fe80 : 2 stores
Line 0xe8035e3c0a40 : 2 stores
Line 0xd79e62979300 : 5 stores
Line 0xe8035e388a80 : 2 stores
Line 0xea20639fe00 : 1 stores
Line 0xe8035e3c0b00 : 5 stores
Line 0xd79e629793c0 : 6 stores
Line 0xea2063818c0 : 1 stores
Line 0xd79e62977b40 : 2 stores
Line 0xe8035e3be280 : 4 stores
Line 0xd79e62976b40 : 2 stores
Line 0xe8035e3c0ac0 : 1 stores
Line 0xd79e62979380 : 2 stores
Line 0xe8035e388b40 : 5 stores
Line 0xea20639fec0 : 1 stores
Line 0xe8035e3c0bc0 : 6 stores
Line 0xd79e62979480 : 4 stores
Line 0xd79e62977c00 : 4 stores
Line 0xe8035e3be340 : 2 stores
Line 0xd79e62976c00 : 3 stores
Line 0xe8035e388c40 : 1 stores
Line 0xea20639ffc0 : 2 stores
Line 0xe8035e3c0b80 : 2 stores
Line 0xd79e62979440 : 5 stores
Line 0xe8035e388bc0 : 2 stores
Line 0xea20639ff40 : 1 stores
Line 0xe8035e3c0c40 : 5 stores
Line 0xd79e62979500 : 6 stores
Line 0xea206381a00 : 1 stores
Line 0xd79e62977c80 : 2 stores
Line 0xe8035e3be3c0 : 4 stores
Line 0xd79e62976c80 : 2 stores
Line 0xe8035e3c0c00 : 1 stores
Line 0xd79e629794c0 : 2 stores
Line 0xe8035e3c0d00 : 6 stores
Line 0xd79e629795c0 : 4 stores
Line 0xd79e62977d40 : 4 stores
Line 0xe8035e3be480 : 2 stores
Line 0xd79e62976d40 : 3 stores
Line 0xe8035e3c0cc0 : 2 stores
Line 0xd79e62979580 : 5 stores
Line 0xe8035e3c0d80 : 5 stores
Line 0xd79e62979640 : 6 stores
Line 0xea206381b40 : 1 stores
Line 0xd79e62977dc0 : 2 stores
Line 0xe8035e3be500 : 4 stores
Line 0xd79e62976dc0 : 2 stores
Line 0xe8035e3c0d40 : 1 stores
Line 0xd79e62979600 : 2 stores
Line 0xe8035e3c0e40 : 6 stores
Line 0xd79e62979700 : 4 stores
Line 0xd79e62977e80 : 4 stores
Line 0xe8035e3be5c0 : 2 stores
Line 0xd79e62976e80 : 3 stores
Line 0xe8035e3c0e00 : 2 stores
Line 0xd79e629796c0 : 5 stores
Line 0xea206381c80 : 1 stores
Line 0xe8035e3c0ec0 : 5 stores
Line 0xd79e62979780 : 6 stores
Line 0xe8035e3be640 : 4 stores
Line 0xd79e62976f00 : 2 stores
Line 0xd79e62977f00 : 2 stores
Line 0xe8035e3c0e80 : 1 stores
Line 0xd79e62979740 : 2 stores
Line 0xe8035e3c0f80 : 6 stores
Line 0xd79e62979840 : 4 stores
Line 0xe8035e3be700 : 2 stores
Line 0xd79e62976fc0 : 3 stores
Line 0xd79e62977fc0 : 4 stores
Line 0xe8035e38c000 : 1 stores
Line 0xea2063a3380 : 3 stores
Line 0xe8035e3c0f40 : 2 stores
Line 0xd79e62979800 : 5 stores
Line 0xea206381dc0 : 1 stores
Line 0xe8035e3c1000 : 1 stores
Line 0xd79e629798c0 : 6 stores
Line 0xea2063a3300 : 1 stores
Line 0xe8035e3c1780 : 1 stores
Line 0xd79e6297a040 : 2 stores
Line 0xe8035e3c2780 : 1 stores
Line 0xd79e6297b040 : 2 stores
Line 0xe8035e3c0fc0 : 1 stores
Line 0xd79e62979880 : 2 stores
Line 0xe8035e38c040 : 5 stores
Line 0xea2063a33c0 : 1 stores
Line 0xe8035e3c10c0 : 2 stores
Line 0xd79e62979980 : 4 stores
Line 0xe8035e3c1840 : 2 stores
Line 0xd79e6297a100 : 3 stores
Line 0xe8035e3c2840 : 2 stores
Line 0xd79e6297b100 : 4 stores
Line 0xe8035e38c140 : 1 stores
Line 0xea2063a34c0 : 3 stores
Line 0xe8035e3c1080 : 1 stores
Line 0xd79e62979940 : 5 stores
Line 0xea206381f00 : 1 stores
Line 0xe8035e3c1140 : 1 stores
Line 0xd79e62979a00 : 6 stores
Line 0xe8035e3c18c0 : 1 stores
Line 0xd79e6297a180 : 2 stores
Line 0xe8035e3c28c0 : 1 stores
Line 0xd79e6297b180 : 2 stores
Line 0xe8035e38c0c0 : 2 stores
Line 0xea2063a3440 : 1 stores
Line 0xe8035e3c1100 : 2 stores
Line 0xd79e629799c0 : 2 stores
Line 0xe8035e38c180 : 5 stores
Line 0xea2063a3500 : 1 stores
Line 0xe8035e3c1200 : 2 stores
Line 0xd79e62979ac0 : 4 stores
Line 0xe8035e3c1980 : 2 stores
Line 0xd79e6297a240 : 3 stores
Line 0xe8035e3c2980 : 2 stores
Line 0xd79e6297b240 : 4 stores
Line 0xe8035e38c280 : 1 stores
Line 0xea2063a3600 : 3 stores
Line 0xe8035e3c11c0 : 1 stores
Line 0xd79e62979a80 : 5 stores
Line 0x98f5690aee00 : 1 stores
Line 0xea206385040 : 1 stores
Line 0xe8035e3c1280 : 1 stores
Line 0xd79e62979b40 : 6 stores
Line 0xe8035e3c1a00 : 1 stores
Line 0xd79e6297a2c0 : 2 stores
Line 0xe8035e3c2a00 : 1 stores
Line 0xd79e6297b2c0 : 2 stores
Line 0xe8035e38c200 : 2 stores
Line 0xea2063a3580 : 1 stores
Line 0xe8035e3c1240 : 2 stores
Line 0xd79e62979b00 : 2 stores
Line 0xe8035e38c2c0 : 5 stores
Line 0xea2063a3640 : 1 stores
Line 0xe8035e3c1340 : 2 stores
Line 0xd79e62979c00 : 4 stores
Line 0xe8035e3c1ac0 : 2 stores
Line 0xd79e6297a380 : 3 stores
Line 0xe8035e3c2ac0 : 2 stores
Line 0xd79e6297b380 : 4 stores
Line 0xe8035e38c3c0 : 1 stores
Line 0xea2063a3740 : 3 stores
Line 0xe8035e3c1300 : 1 stores
Line 0xd79e62979bc0 : 5 stores
Line 0x98f5690aef40 : 1 stores
Line 0xea206385180 : 1 stores
Line 0xe8035e3c13c0 : 1 stores
Line 0xd79e62979c80 : 6 stores
Line 0xe8035e3c1b40 : 1 stores
Line 0xd79e6297a400 : 2 stores
Line 0xe8035e3c2b40 : 1 stores
Line 0xd79e6297b400 : 2 stores
Line 0xe8035e38c340 : 2 stores
Line 0xea2063a36c0 : 1 stores
Line 0xe8035e3c1380 : 2 stores
Line 0xd79e62979c40 : 2 stores
Line 0xe8035e38c400 : 5 stores
Line 0xea2063a3780 : 1 stores
Line 0xe8035e3c1480 : 2 stores
Line 0xd79e62979d40 : 4 stores
Line 0xe8035e3c1c00 : 2 stores
Line 0xd79e6297a4c0 : 3 stores
Line 0xe8035e3c2c00 : 2 stores
Line 0xd79e6297b4c0 : 4 stores
Line 0xe8035e38c500 : 1 stores
Line 0xea2063a3880 : 3 stores
Line 0xe8035e3c1440 : 1 stores
Line 0xd79e62979d00 : 5 stores
Line 0xea2063852c0 : 1 stores
Line 0xe8035e3c1500 : 1 stores
Line 0xd79e62979dc0 : 6 stores
Line 0xe8035e3c1c80 : 1 stores
Line 0xd79e6297a540 : 2 stores
Line 0xe8035e3c2c80 : 1 stores
Line 0xd79e6297b540 : 2 stores
Line 0xe8035e38c480 : 2 stores
Line 0xea2063a3800 : 1 stores
Line 0xe8035e3c14c0 : 2 stores
Line 0xd79e62979d80 : 2 stores
Line 0xe8035e38c540 : 5 stores
Line 0xea2063a38c0 : 1 stores
Line 0xe8035e3c15c0 : 2 stores
Line 0xd79e62979e80 : 4 stores
Line 0xe8035e3c1d40 : 2 stores
Line 0xd79e6297a600 : 3 stores
Line 0xe8035e3c2d40 : 2 stores
Line 0xd79e6297b600 : 4 stores
Line 0xe8035e38c640 : 1 stores
Line 0xea2063a39c0 : 3 stores
Line 0xe8035e3c1580 : 1 stores
Line 0xd79e62979e40 : 5 stores
Line 0xea206385400 : 1 stores
Line 0xe8035e3c1640 : 1 stores
Line 0xd79e62979f00 : 6 stores
Line 0xe8035e3c1dc0 : 1 stores
Line 0xd79e6297a680 : 2 stores
Line 0xe8035e3c2dc0 : 1 stores
Line 0xd79e6297b680 : 2 stores
Line 0xe8035e38c5c0 : 2 stores
Line 0xea2063a3940 : 1 stores
Line 0xe8035e3c1600 : 2 stores
Line 0xd79e62979ec0 : 2 stores
Line 0xe8035e38c680 : 5 stores
Line 0xea2063a3a00 : 1 stores
Line 0xe8035e3c1700 : 2 stores
Line 0xd79e62979fc0 : 4 stores
Line 0xe8035e3c1e80 : 2 stores
Line 0xd79e6297a740 : 3 stores
Line 0xe8035e3c2e80 : 2 stores
Line 0xd79e6297b740 : 4 stores
Line 0xe8035e38c780 : 1 stores
Line 0xea2063a3b00 : 3 stores
Line 0xe8035e3c16c0 : 1 stores
Line 0xd79e62979f80 : 5 stores
Line 0xea206385540 : 1 stores
Line 0xe8035e3c1f00 : 1 stores
Line 0xd79e6297a7c0 : 2 stores
Line 0xe8035e3c2f00 : 1 stores
Line 0xd79e6297b7c0 : 2 stores
Line 0xe8035e38c700 : 2 stores
Line 0xea2063a3a80 : 1 stores
Line 0xe8035e3c4780 : 5 stores
Line 0xd79e6297d040 : 6 stores
Line 0xe8035e3c4740 : 1 stores
Line 0xd79e6297d000 : 2 stores
Line 0xe8035e38c7c0 : 5 stores
Line 0xea2063a3b40 : 1 stores
Line 0xe8035e3c4840 : 6 stores
Line 0xd79e6297d100 : 4 stores
Line 0xe8035e3c1fc0 : 2 stores
Line 0xd79e6297a880 : 3 stores
Line 0xe8035e3c2fc0 : 2 stores
Line 0xd79e6297b880 : 4 stores
Line 0xe8035e38c8c0 : 1 stores
Line 0xea2063a3c40 : 3 stores
Line 0xe8035e3c4800 : 2 stores
Line 0xd79e6297d0c0 : 5 stores
Line 0xea206385680 : 1 stores
Line 0xe8035e3c48c0 : 5 stores
Line 0xd79e6297d180 : 6 stores
Line 0xe8035e3c2040 : 3 stores
Line 0xd79e6297a900 : 2 stores
Line 0xd79e6297b900 : 2 stores
Line 0xe8035e38c840 : 2 stores
Line 0xea2063a3bc0 : 1 stores
Line 0xe8035e3c4880 : 1 stores
Line 0xd79e6297d140 : 2 stores
Line 0xe8035e38c900 : 5 stores
Line 0xea2063a3c80 : 1 stores
Line 0xe8035e3c4980 : 6 stores
Line 0xd79e6297d240 : 4 stores
Line 0xd79e6297b9c0 : 4 stores
Line 0xe8035e3c2100 : 3 stores
Line 0xd79e6297a9c0 : 3 stores
Line 0xe8035e38ca00 : 1 stores
Line 0xea2063a3d80 : 3 stores
Line 0xe8035e3c4940 : 2 stores
Line 0xd79e6297d200 : 5 stores
Line 0xe8035e3c4a00 : 5 stores
Line 0xd79e6297d2c0 : 6 stores
Line 0xea2063857c0 : 1 stores
Line 0xd79e6297ba40 : 2 stores
Line 0xe8035e3c2180 : 3 stores
Line 0xd79e6297aa40 : 2 stores
Line 0xe8035e38c980 : 2 stores
Line 0xea2063a3d00 : 1 stores
Line 0xe8035e3c49c0 : 1 stores
Line 0xd79e6297d280 : 2 stores
Line 0xe8035e38ca40 : 5 stores
Line 0xea2063a3dc0 : 1 stores
Line 0xe8035e3c4ac0 : 6 stores
Line 0xd79e6297d380 : 4 stores
Line 0xd79e6297bb00 : 4 stores
Line 0xe8035e3c2240 : 3 stores
Line 0xd79e6297ab00 : 3 stores
Line 0xe8035e38cb40 : 1 stores
Line 0xea2063a3ec0 : 3 stores
Line 0xe8035e3c4a80 : 2 stores
Line 0xd79e6297d340 : 5 stores
Line 0xea206385900 : 1 stores
Line 0xe8035e3c4b40 : 5 stores
Line 0xd79e6297d400 : 6 stores
Line 0xe8035e3c22c0 : 3 stores
Line 0xd79e6297ab80 : 2 stores
Line 0xd79e6297bb80 : 2 stores
Line 0xe8035e38cac0 : 2 stores
Line 0xea2063a3e40 : 1 stores
Line 0xe8035e3c4b00 : 1 stores
Line 0xd79e6297d3c0 : 2 stores
Line 0xe8035e38cb80 : 5 stores
Line 0xea2063a3f00 : 1 stores
Line 0xe8035e3c4c00 : 6 stores
Line 0xd79e6297d4c0 : 4 stores
Line 0xe8035e3c2380 : 3 stores
Line 0xd79e6297ac40 : 3 stores
Line 0xd79e6297bc40 : 4 stores
Line 0xe8035e3c4bc0 : 2 stores
Line 0xd79e6297d480 : 5 stores
Line 0xea206385a40 : 1 stores
Line 0xe8035e3c4c80 : 5 stores
Line 0xd79e6297d540 : 6 stores
Line 0xe8035e3c2400 : 3 stores
Line 0xd79e6297acc0 : 2 stores
Line 0xd79e6297bcc0 : 2 stores
Line 0xe8035e38cc00 : 2 stores
Line 0xea2063a3f80 : 1 stores
Line 0xe8035e3c4c40 : 1 stores
Line 0xd79e6297d500 : 2 stores
Line 0xe8035e3c4d40 : 6 stores
Line 0xd79e6297d600 : 4 stores
Line 0xe8035e3c24c0 : 3 stores
Line 0xd79e6297ad80 : 3 stores
Line 0xd79e6297bd80 : 4 stores
Line 0xe8035e3c4d00 : 2 stores
Line 0xd79e6297d5c0 : 5 stores
Line 0xea206385b80 : 1 stores
Line 0xe8035e3c4dc0 : 5 stores
Line 0xd79e6297d680 : 6 stores
Line 0xe8035e3c2540 : 3 stores
Line 0xd79e6297ae00 : 2 stores
Line 0xd79e6297be00 : 2 stores
Line 0xe8035e3c4d80 : 1 stores
Line 0xd79e6297d640 : 2 stores
Line 0xe8035e3c4e80 : 6 stores
Line 0xd79e6297d740 : 4 stores
Line 0xe8035e3c2600 : 3 stores
Line 0xd79e6297aec0 : 3 stores
Line 0xd79e6297bec0 : 4 stores
Line 0xe8035e3c4e40 : 2 stores
Line 0xd79e6297d700 : 5 stores
Line 0xea206385cc0 : 1 stores
Line 0xe8035e3c4f00 : 5 stores
Line 0xd79e6297d7c0 : 6 stores
Line 0xe8035e3c2680 : 3 stores
Line 0xd79e6297af40 : 2 stores
Line 0xd79e6297bf40 : 2 stores
Line 0xe8035e3c4ec0 : 1 stores
Line 0xd79e6297d780 : 2 stores
Line 0x8ad330133880 : 3 stores
Line 0xea2063a72c0 : 1 stores
Line 0xe8035e3c4fc0 : 6 stores
Line 0xd79e6297d880 : 4 stores
Line 0xe8035e390040 : 1 stores
Line 0x8ad330133980 : 2 stores
Line 0xea2063a73c0 : 2 stores
Line 0xe8035e3c5740 : 2 stores
Line 0xd79e6297e000 : 4 stores
Line 0xe8035e3c6740 : 2 stores
Line 0xd79e6297f000 : 3 stores
Line 0xe8035e3c4f80 : 2 stores
Line 0xd79e6297d840 : 5 stores
Line 0x8ad330133900 : 3 stores
Line 0xea2063a7340 : 1 stores
Line 0xe8035e3c5040 : 1 stores
Line 0xd79e6297d900 : 6 stores
Line 0xea206385e00 : 1 stores
Line 0xe8035e3c57c0 : 1 stores
Line 0xd79e6297e080 : 2 stores
Line 0xe8035e3c67c0 : 1 stores
Line 0xd79e6297f080 : 2 stores
Line 0xe8035e3c5000 : 2 stores
Line 0xd79e6297d8c0 : 2 stores
Line 0xe8035e390080 : 5 stores
Line 0x8ad3301339c0 : 3 stores
Line 0xea2063a7400 : 1 stores
Line 0xe8035e3c5100 : 2 stores
Line 0xd79e6297d9c0 : 4 stores
Line 0xe8035e3c5880 : 2 stores
Line 0xd79e6297e140 : 4 stores
Line 0xe8035e3c6880 : 2 stores
Line 0xd79e6297f140 : 3 stores
Line 0xe8035e390180 : 1 stores
Line 0x8ad330133ac0 : 2 stores
Line 0xea2063a7500 : 2 stores
Line 0xe8035e3c50c0 : 1 stores
Line 0xd79e6297d980 : 5 stores
Line 0xe8035e390100 : 2 stores
Line 0x8ad330133a40 : 3 stores
Line 0xea2063a7480 : 1 stores
Line 0xea206385f40 : 1 stores
Line 0xe8035e3c5180 : 1 stores
Line 0xd79e6297da40 : 6 stores
Line 0xe8035e3c6900 : 1 stores
Line 0xd79e6297f1c0 : 2 stores
Line 0xe8035e3c5900 : 1 stores
Line 0xd79e6297e1c0 : 2 stores
Line 0xe8035e3c5140 : 2 stores
Line 0xd79e6297da00 : 2 stores
Line 0xe8035e3901c0 : 5 stores
Line 0x8ad330133b00 : 3 stores
Line 0xea2063a7540 : 1 stores
Line 0xe8035e3c5240 : 2 stores
Line 0xd79e6297db00 : 4 stores
Line 0xe8035e3c69c0 : 2 stores
Line 0xd79e6297f280 : 3 stores
Line 0xe8035e3c59c0 : 2 stores
Line 0xd79e6297e280 : 4 stores
Line 0xe8035e3902c0 : 1 stores
Line 0x8ad330133c00 : 2 stores
Line 0xea2063a7640 : 2 stores
Line 0xe8035e3c5200 : 1 stores
Line 0xd79e6297dac0 : 5 stores
Line 0xe8035e390240 : 2 stores
Line 0x8ad330133b80 : 3 stores
Line 0xea2063a75c0 : 1 stores
Line 0x98f5690b2e40 : 1 stores
Line 0xea206389080 : 1 stores
Line 0xe8035e3c52c0 : 1 stores
Line 0xd79e6297db80 : 6 stores
Line 0xe8035e3c6a40 : 1 stores
Line 0xd79e6297f300 : 2 stores
Line 0xe8035e3c5a40 : 1 stores
Line 0xd79e6297e300 : 2 stores
Line 0xe8035e3c5280 : 2 stores
Line 0xd79e6297db40 : 2 stores
Line 0xe8035e390300 : 5 stores
Line 0x8ad330133c40 : 3 stores
Line 0xea2063a7680 : 1 stores
Line 0xe8035e3c5380 : 2 stores
Line 0xd79e6297dc40 : 4 stores
Line 0xe8035e3c6b00 : 2 stores
Line 0xd79e6297f3c0 : 3 stores
Line 0xe8035e3c5b00 : 2 stores
Line 0xd79e6297e3c0 : 4 stores
Line 0xe8035e390400 : 1 stores
Line 0x8ad330133d40 : 2 stores
Line 0xea2063a7780 : 2 stores
Line 0xe8035e3c5340 : 1 stores
Line 0xd79e6297dc00 : 5 stores
Line 0xe8035e390380 : 2 stores
Line 0x8ad330133cc0 : 3 stores
Line 0xea2063a7700 : 1 stores
Line 0x98f5690b2f80 : 1 stores
Line 0xea2063891c0 : 1 stores
Line 0xe8035e3c5400 : 1 stores
Line 0xd79e6297dcc0 : 6 stores
Line 0xe8035e3c6b80 : 1 stores
Line 0xd79e6297f440 : 2 stores
Line 0xe8035e3c5b80 : 1 stores
Line 0xd79e6297e440 : 2 stores
Line 0xe8035e3c53c0 : 2 stores
Line 0xd79e6297dc80 : 2 stores
Line 0xe8035e390440 : 5 stores
Line 0x8ad330133d80 : 3 stores
Line 0xea2063a77c0 : 1 stores
Line 0xe8035e3c54c0 : 2 stores
Line 0xd79e6297dd80 : 4 stores
Line 0xe8035e3c6c40 : 2 stores
Line 0xd79e6297f500 : 3 stores
Line 0xe8035e3c5c40 : 2 stores
Line 0xd79e6297e500 : 4 stores
Line 0xe8035e390540 : 1 stores
Line 0x8ad330133e80 : 2 stores
Line 0xea2063a78c0 : 2 stores
Line 0xe8035e3c5480 : 1 stores
Line 0xd79e6297dd40 : 5 stores
Line 0xe8035e3904c0 : 2 stores
Line 0x8ad330133e00 : 3 stores
Line 0xea2063a7840 : 1 stores
Line 0xea206389300 : 1 stores
Line 0xe8035e3c5540 : 1 stores
Line 0xd79e6297de00 : 6 stores
Line 0xe8035e3c6cc0 : 1 stores
Line 0xd79e6297f580 : 2 stores
Line 0xe8035e3c5cc0 : 1 stores
Line 0xd79e6297e580 : 2 stores
Line 0xe8035e3c5500 : 2 stores
Line 0xd79e6297ddc0 : 2 stores
Line 0xe8035e390580 : 5 stores
Line 0x8ad330133ec0 : 3 stores
Line 0xea2063a7900 : 1 stores
Line 0xe8035e3c5600 : 2 stores
Line 0xd79e6297dec0 : 4 stores
Line 0xe8035e3c6d80 : 2 stores
Line 0xd79e6297f640 : 3 stores
Line 0xe8035e3c5d80 : 2 stores
Line 0xd79e6297e640 : 4 stores
Line 0xe8035e390680 : 1 stores
Line 0x8ad330133fc0 : 2 stores
Line 0xea2063a7a00 : 2 stores
Line 0xe8035e3c55c0 : 1 stores
Line 0xd79e6297de80 : 5 stores
Line 0xe8035e390600 : 2 stores
Line 0x8ad330133f40 : 3 stores
Line 0xea2063a7980 : 1 stores
Line 0xe8035e3720c0 : 2 stores
Line 0xea206389440 : 1 stores
Line 0xe8035e3c5680 : 1 stores
Line 0xd79e6297df40 : 6 stores
Line 0xe8035e3c6e00 : 1 stores
Line 0xd79e6297f6c0 : 2 stores
Line 0xe8035e3c5e00 : 1 stores
Line 0xd79e6297e6c0 : 2 stores
Line 0xe8035e3c5640 : 2 stores
Line 0xd79e6297df00 : 2 stores
Line 0xe8035e3906c0 : 5 stores
Line 0x8ad330134000 : 1 stores
Line 0xea2063a7a40 : 1 stores
Line 0xe8035e3c6ec0 : 2 stores
Line 0xd79e6297f780 : 3 stores
Line 0xe8035e3c5ec0 : 2 stores
Line 0xd79e6297e780 : 4 stores
Line 0xe8035e3907c0 : 1 stores
Line 0x8ad330134100 : 2 stores
Line 0xea2063a7b40 : 2 stores
Line 0xe8035e3c5700 : 1 stores
Line 0xd79e6297dfc0 : 5 stores
Line 0xe8035e3c8740 : 6 stores
Line 0xd79e62981000 : 4 stores
Line 0xe8035e390740 : 2 stores
Line 0x8ad330134080 : 1 stores
Line 0xea2063a7ac0 : 1 stores
Line 0xe8035e372200 : 2 stores
Line 0xea206389580 : 1 stores
Line 0xe8035e3c87c0 : 5 stores
Line 0xd79e62981080 : 6 stores
Line 0xe8035e3c6f40 : 1 stores
Line 0xd79e6297f800 : 2 stores
Line 0xe8035e3c5f40 : 1 stores
Line 0xd79e6297e800 : 2 stores
Line 0xe8035e3c8780 : 1 stores
Line 0xd79e62981040 : 2 stores
Line 0xe8035e390800 : 5 stores
Line 0x8ad330134140 : 1 stores
Line 0xea2063a7b80 : 1 stores
Line 0xe8035e3c8880 : 6 stores
Line 0xd79e62981140 : 4 stores
Line 0xd79e6297f8c0 : 3 stores
Line 0xe8035e3c6000 : 3 stores
Line 0xd79e6297e8c0 : 4 stores
Line 0xe8035e390900 : 1 stores
Line 0x8ad330134240 : 2 stores
Line 0xea2063a7c80 : 2 stores
Line 0xe8035e3c8840 : 2 stores
Line 0xd79e62981100 : 5 stores
Line 0xe8035e390880 : 2 stores
Line 0x8ad3301341c0 : 1 stores
Line 0xea2063a7c00 : 1 stores
Line 0xe8035e372340 : 2 stores
Line 0xea2063896c0 : 1 stores
Line 0xe8035e3c8900 : 5 stores
Line 0xd79e629811c0 : 6 stores
Line 0xd79e6297f940 : 2 stores
Line 0xe8035e3c6080 : 3 stores
Line 0xd79e6297e940 : 2 stores
Line 0xe8035e3c88c0 : 1 stores
Line 0xd79e62981180 : 2 stores
Line 0xe8035e390940 : 5 stores
Line 0x8ad330134280 : 1 stores
Line 0xea2063a7cc0 : 1 stores
Line 0xe8035e3c89c0 : 6 stores
Line 0xd79e62981280 : 4 stores
Line 0xd79e6297fa00 : 3 stores
Line 0xe8035e3c6140 : 3 stores
Line 0xd79e6297ea00 : 4 stores
Line 0xe8035e390a40 : 1 stores
Line 0x8ad330134380 : 2 stores
Line 0xea2063a7dc0 : 2 stores
Line 0xe8035e3c8980 : 2 stores
Line 0xd79e62981240 : 5 stores
Line 0xe8035e3909c0 : 2 stores
Line 0x8ad330134300 : 1 stores
Line 0xea2063a7d40 : 1 stores
Line 0xe8035e372480 : 2 stores
Line 0xea206389800 : 1 stores
Line 0xe8035e3c8a40 : 5 stores
Line 0xd79e62981300 : 6 stores
Line 0xd79e6297fa80 : 2 stores
Line 0xe8035e3c61c0 : 3 stores
Line 0xd79e6297ea80 : 2 stores
Line 0xe8035e3c8a00 : 1 stores
Line 0xd79e629812c0 : 2 stores
Line 0xe8035e390a80 : 5 stores
Line 0x8ad3301343c0 : 1 stores
Line 0xea2063a7e00 : 1 stores
Line 0xe8035e3c8b00 : 6 stores
Line 0xd79e629813c0 : 4 stores
Line 0xd79e6297fb40 : 3 stores
Line 0xe8035e3c6280 : 3 stores
Line 0xd79e6297eb40 : 4 stores
Line 0xe8035e390b80 : 1 stores
Line 0x8ad3301344c0 : 2 stores
Line 0xea2063a7f00 : 2 stores
Line 0xe8035e3c8ac0 : 2 stores
Line 0xd79e62981380 : 5 stores
Line 0xe8035e390b00 : 2 stores
Line 0x8ad330134440 : 1 stores
Line 0xea2063a7e80 : 1 stores
Line 0xe8035e3725c0 : 2 stores
Line 0xea206389940 : 1 stores
Line 0xe8035e3c8b80 : 5 stores
Line 0xd79e62981440 : 6 stores
Line 0xd79e6297fbc0 : 2 stores
Line 0xe8035e3c6300 : 3 stores
Line 0xd79e6297ebc0 : 2 stores
Line 0xe8035e3c8b40 : 1 stores
Line 0xd79e62981400 : 2 stores
Line 0xe8035e390bc0 : 5 stores
Line 0x8ad330134500 : 1 stores
Line 0xea2063a7f40 : 1 stores
Line 0xe8035e3c8c40 : 6 stores
Line 0xd79e62981500 : 4 stores
Line 0xe8035e3c63c0 : 3 stores
Line 0xd79e6297ec80 : 4 stores
Line 0xd79e6297fc80 : 3 stores
Line 0x8ad330137600 : 2 stores
Line 0xea2063ab040 : 3 stores
Line 0xe8035e3c8c00 : 2 stores
Line 0xd79e629814c0 : 5 stores
Line 0xe8035e390c40 : 2 stores
Line 0x8ad330134580 : 1 stores
Line 0xea2063a7fc0 : 1 stores
Line 0xe8035e3c8cc0 : 5 stores
Line 0xd79e62981580 : 6 stores
Line 0xe8035e372700 : 2 stores
Line 0xea206389a80 : 1 stores
Line 0xe8035e3c6440 : 3 stores
Line 0xd79e6297ed00 : 2 stores
Line 0xd79e6297fd00 : 2 stores
Line 0xe8035e3c8c80 : 1 stores
Line 0xd79e62981540 : 2 stores
Line 0x8ad330137640 : 3 stores
Line 0xea2063ab080 : 1 stores
Line 0xe8035e3c8d80 : 6 stores
Line 0xd79e62981640 : 4 stores
Line 0xe8035e3c6500 : 3 stores
Line 0xd79e6297edc0 : 4 stores
Line 0xd79e6297fdc0 : 3 stores
Line 0x8ad330137740 : 2 stores
Line 0xea2063ab180 : 3 stores
Line 0xe8035e3c8d40 : 2 stores
Line 0xd79e62981600 : 5 stores
Line 0xe8035e3c8e00 : 5 stores
Line 0xd79e629816c0 : 6 stores
Line 0xe8035e372840 : 2 stores
Line 0xea206389bc0 : 1 stores
Line 0xe8035e3c6580 : 3 stores
Line 0xd79e6297ee40 : 2 stores
Line 0xd79e6297fe40 : 2 stores
Line 0x8ad3301376c0 : 3 stores
Line 0xea2063ab100 : 1 stores
Line 0xe8035e3c8dc0 : 1 stores
Line 0xd79e62981680 : 2 stores
Line 0x8ad330137780 : 3 stores
Line 0xea2063ab1c0 : 1 stores
Line 0xe8035e3c8ec0 : 6 stores
Line 0xd79e62981780 : 4 stores
Line 0xd79e6297ff00 : 3 stores
Line 0xe8035e3c6640 : 3 stores
Line 0xd79e6297ef00 : 4 stores
Line 0x8ad330137880 : 2 stores
Line 0xea2063ab2c0 : 3 stores
Line 0xe8035e392f40 : 2 stores
Line 0x8ad330136880 : 1 stores
Line 0xea2063aa2c0 : 2 stores
Line 0xe8035e3c8e80 : 2 stores
Line 0xd79e62981740 : 5 stores
Line 0xe8035e372980 : 2 stores
Line 0xea206389d00 : 1 stores
Line 0xe8035e3c8f40 : 5 stores
Line 0xd79e62981800 : 6 stores
Line 0xd79e6297ff80 : 2 stores
Line 0xe8035e3c66c0 : 3 stores
Line 0xd79e6297ef80 : 2 stores
Line 0x8ad330137800 : 3 stores
Line 0xea2063ab240 : 1 stores
Line 0xe8035e3c8f00 : 1 stores
Line 0xd79e629817c0 : 2 stores
Line 0x8ad3301378c0 : 3 stores
Line 0xea2063ab300 : 1 stores
Line 0xe8035e392f80 : 3 stores
Line 0x8ad3301368c0 : 5 stores
Line 0xea2063aa300 : 1 stores
Line 0xe8035e3c9000 : 2 stores
Line 0xd79e629818c0 : 4 stores
Line 0xe8035e394080 : 1 stores
Line 0x8ad3301379c0 : 2 stores
Line 0xea2063ab400 : 3 stores
Line 0x8ad3301369c0 : 1 stores
Line 0xea2063aa400 : 2 stores
Line 0xe8035e3c8fc0 : 2 stores
Line 0xd79e62981880 : 5 stores
Line 0xe8035e3c9780 : 2 stores
Line 0xd79e62982040 : 3 stores
Line 0xe8035e3ca780 : 2 stores
Line 0xd79e62983040 : 4 stores
Line 0x8ad330136940 : 2 stores
Line 0xea2063aa380 : 1 stores
Line 0xe8035e372ac0 : 2 stores
Line 0xea206389e40 : 1 stores
Line 0xe8035e3c9080 : 1 stores
Line 0xd79e62981940 : 6 stores
Line 0xe8035e3c9800 : 1 stores
Line 0xd79e629820c0 : 2 stores
Line 0xe8035e3ca800 : 1 stores
Line 0xd79e629830c0 : 2 stores
Line 0xe8035e394000 : 2 stores
Line 0x8ad330137940 : 3 stores
Line 0xea2063ab380 : 1 stores
Line 0xe8035e3c9040 : 2 stores
Line 0xd79e62981900 : 2 stores
Line 0xe8035e3940c0 : 5 stores
Line 0x8ad330137a00 : 3 stores
Line 0xea2063ab440 : 1 stores
Line 0x8ad330136a00 : 5 stores
Line 0xea2063aa440 : 1 stores
Line 0xe8035e3c9140 : 2 stores
Line 0xd79e62981a00 : 4 stores
Line 0xe8035e3c98c0 : 2 stores
Line 0xd79e62982180 : 3 stores
Line 0xe8035e3ca8c0 : 2 stores
Line 0xd79e62983180 : 4 stores
Line 0xe8035e3941c0 : 1 stores
Line 0x8ad330137b00 : 2 stores
Line 0xea2063ab540 : 3 stores
Line 0x8ad330136b00 : 1 stores
Line 0xea2063aa540 : 2 stores
Line 0xe8035e3c9100 : 1 stores
Line 0xd79e629819c0 : 5 stores
Line 0x8ad330136a80 : 2 stores
Line 0xea2063aa4c0 : 1 stores
Line 0xe8035e3c91c0 : 1 stores
Line 0xd79e62981a80 : 6 stores
Line 0xe8035e372c00 : 2 stores
Line 0xea206389f80 : 1 stores
Line 0xe8035e3ca940 : 1 stores
Line 0xd79e62983200 : 2 stores
Line 0xe8035e3c9940 : 1 stores
Line 0xd79e62982200 : 2 stores
Line 0xe8035e394140 : 2 stores
Line 0x8ad330137a80 : 3 stores
Line 0xea2063ab4c0 : 1 stores
Line 0xe8035e3c9180 : 2 stores
Line 0xd79e62981a40 : 2 stores
Line 0x8ad330136b40 : 5 stores
Line 0xea2063aa580 : 1 stores
Line 0xe8035e394200 : 5 stores
Line 0x8ad330137b40 : 3 stores
Line 0xea2063ab580 : 1 stores
Line 0xe8035e3c9280 : 2 stores
Line 0xd79e62981b40 : 4 stores
Line 0xe8035e3caa00 : 2 stores
Line 0xd79e629832c0 : 4 stores
Line 0xe8035e3c9a00 : 2 stores
Line 0xd79e629822c0 : 3 stores
Line 0x8ad330136c40 : 1 stores
Line 0xea2063aa680 : 2 stores
Line 0xe8035e394300 : 1 stores
Line 0x8ad330137c40 : 2 stores
Line 0xea2063ab680 : 3 stores
Line 0xe8035e3c9240 : 1 stores
Line 0xd79e62981b00 : 5 stores
Line 0x8ad330136bc0 : 2 stores
Line 0xea2063aa600 : 1 stores
Line 0xe8035e3c9300 : 1 stores
Line 0xd79e62981bc0 : 6 stores
Line 0xe8035e375d40 : 1 stores
Line 0x98f5690b6e80 : 1 stores
Line 0xea20638d0c0 : 1 stores
Line 0xe8035e3caa80 : 1 stores
Line 0xd79e62983340 : 2 stores
Line 0xe8035e3c9a80 : 1 stores
Line 0xd79e62982340 : 2 stores
Line 0xe8035e394280 : 2 stores
Line 0x8ad330137bc0 : 3 stores
Line 0xea2063ab600 : 1 stores
Line 0xe8035e3c92c0 : 2 stores
Line 0xd79e62981b80 : 2 stores
Line 0x8ad330136c80 : 5 stores
Line 0xea2063aa6c0 : 1 stores
Line 0xe8035e394340 : 5 stores
Line 0x8ad330137c80 : 3 stores
Line 0xea2063ab6c0 : 1 stores
Line 0xe8035e3c93c0 : 2 stores
Line 0xd79e62981c80 : 4 stores
Line 0xe8035e3cab40 : 2 stores
Line 0xd79e62983400 : 4 stores
Line 0xe8035e3c9b40 : 2 stores
Line 0xd79e62982400 : 3 stores
Line 0x8ad330136d80 : 1 stores
Line 0xea2063aa7c0 : 2 stores
Line 0xe8035e394440 : 1 stores
Line 0x8ad330137d80 : 2 stores
Line 0xea2063ab7c0 : 3 stores
Line 0xe8035e3c9380 : 1 stores
Line 0xd79e62981c40 : 5 stores
Line 0x8ad330136d00 : 2 stores
Line 0xea2063aa740 : 1 stores
Line 0xe8035e3c9440 : 1 stores
Line 0xd79e62981d00 : 6 stores
Line 0xe8035e375e80 : 1 stores
Line 0x98f5690b6fc0 : 1 stores
Line 0xea20638d200 : 1 stores
Line 0xe8035e3cabc0 : 1 stores
Line 0xd79e62983480 : 2 stores
Line 0xe8035e3c9bc0 : 1 stores
Line 0xd79e62982480 : 2 stores
Line 0xe8035e3943c0 : 2 stores
Line 0x8ad330137d00 : 3 stores
Line 0xea2063ab740 : 1 stores
Line 0xe8035e3c9400 : 2 stores
Line 0xd79e62981cc0 : 2 stores
Line 0x8ad330136dc0 : 5 stores
Line 0xea2063aa800 : 1 stores
Line 0xe8035e394480 : 5 stores
Line 0x8ad330137dc0 : 3 stores
Line 0xea2063ab800 : 1 stores
Line 0xe8035e3c9500 : 2 stores
Line 0xd79e62981dc0 : 4 stores
Line 0xe8035e3cac80 : 2 stores
Line 0xd79e62983540 : 4 stores
Line 0xe8035e3c9c80 : 2 stores
Line 0xd79e62982540 : 3 stores
Line 0x8ad330136ec0 : 1 stores
Line 0xea2063aa900 : 2 stores
Line 0xe8035e394580 : 1 stores
Line 0x8ad330137ec0 : 2 stores
Line 0xea2063ab900 : 3 stores
Line 0xe8035e3c94c0 : 1 stores
Line 0xd79e62981d80 : 5 stores
Line 0x8ad330136e40 : 2 stores
Line 0xea2063aa880 : 1 stores
Line 0xe8035e3c9580 : 1 stores
Line 0xd79e62981e40 : 6 stores
Line 0xe8035e375fc0 : 1 stores
Line 0xea20638d340 : 1 stores
Line 0xe8035e3cad00 : 1 stores
Line 0xd79e629835c0 : 2 stores
Line 0xe8035e3c9d00 : 1 stores
Line 0xd79e629825c0 : 2 stores
Line 0xe8035e394500 : 2 stores
Line 0x8ad330137e40 : 3 stores
Line 0xea2063ab880 : 1 stores
Line 0xe8035e3c9540 : 2 stores
Line 0xd79e62981e00 : 2 stores
Line 0xe8035e3945c0 : 5 stores
Line 0x8ad330137f00 : 3 stores
Line 0xea2063ab940 : 1 stores
Line 0x8ad330136f00 : 5 stores
Line 0xea2063aa940 : 1 stores
Line 0xe8035e3c9640 : 2 stores
Line 0xd79e62981f00 : 4 stores
Line 0xe8035e3c9dc0 : 2 stores
Line 0xd79e62982680 : 3 stores
Line 0xe8035e3cadc0 : 2 stores
Line 0xd79e62983680 : 4 stores
Line 0xe8035e3946c0 : 1 stores
Line 0x8ad330138000 : 2 stores
Line 0xea2063aba40 : 3 stores
Line 0x8ad330137000 : 3 stores
Line 0xea2063aaa40 : 2 stores
Line 0xe8035e3c9600 : 1 stores
Line 0xd79e62981ec0 : 5 stores
Line 0x8ad330136f80 : 2 stores
Line 0xea2063aa9c0 : 1 stores
Line 0xe8035e376100 : 2 stores
Line 0xea20638d480 : 1 stores
Line 0xe8035e3c96c0 : 1 stores
Line 0xd79e62981f80 : 6 stores
Line 0xe8035e3c9e40 : 1 stores
Line 0xd79e62982700 : 2 stores
Line 0xe8035e3cae40 : 1 stores
Line 0xd79e62983700 : 2 stores
Line 0xe8035e394640 : 2 stores
Line 0x8ad330137f80 : 3 stores
Line 0xea2063ab9c0 : 1 stores
Line 0xe8035e3c9680 : 2 stores
Line 0xd79e62981f40 : 2 stores
Line 0xe8035e394700 : 5 stores
Line 0x8ad330138040 : 1 stores
Line 0xea2063aba80 : 1 stores
Line 0x8ad330137040 : 1 stores
Line 0xea2063aaa80 : 1 stores
Line 0xe8035e3c9f00 : 2 stores
Line 0xd79e629827c0 : 3 stores
Line 0xe8035e3caf00 : 2 stores
Line 0xd79e629837c0 : 4 stores
Line 0xe8035e394800 : 1 stores
Line 0x8ad330138140 : 2 stores
Line 0xea2063abb80 : 3 stores
Line 0x8ad330137140 : 3 stores
Line 0xea2063aab80 : 2 stores
Line 0xe8035e3cc780 : 6 stores
Line 0xd79e62985040 : 4 stores
Line 0xe8035e3cc740 : 2 stores
Line 0xd79e62985000 : 5 stores
Line 0x8ad3301370c0 : 1 stores
Line 0xea2063aab00 : 1 stores
Line 0xe8035e376240 : 2 stores
Line 0xea20638d5c0 : 1 stores
Line 0xe8035e3cc800 : 5 stores
Line 0xd79e629850c0 : 6 stores
Line 0xe8035e3c9f80 : 1 stores
Line 0xd79e62982840 : 2 stores
Line 0xe8035e3caf80 : 1 stores
Line 0xd79e62983840 : 2 stores
Line 0xe8035e394780 : 2 stores
Line 0x8ad3301380c0 : 1 stores
Line 0xea2063abb00 : 1 stores
Line 0xe8035e3cc7c0 : 1 stores
Line 0xd79e62985080 : 2 stores
Line 0xe8035e394840 : 5 stores
Line 0x8ad330138180 : 1 stores
Line 0xea2063abbc0 : 1 stores
Line 0x8ad330137180 : 1 stores
Line 0xea2063aabc0 : 1 stores
Line 0xe8035e3cc8c0 : 6 stores
Line 0xd79e62985180 : 4 stores
Line 0xe8035e3ca040 : 3 stores
Line 0xd79e62982900 : 3 stores
Line 0xd79e62983900 : 4 stores
Line 0xe8035e394940 : 1 stores
Line 0x8ad330138280 : 2 stores
Line 0xea2063abcc0 : 3 stores
Line 0x8ad330137280 : 3 stores
Line 0xea2063aacc0 : 2 stores
Line 0xe8035e3cc880 : 2 stores
Line 0xd79e62985140 : 5 stores
Line 0x8ad330137200 : 1 stores
Line 0xea2063aac40 : 1 stores
Line 0xe8035e376380 : 2 stores
Line 0xea20638d700 : 1 stores
Line 0xe8035e3cc940 : 5 stores
Line 0xd79e62985200 : 6 stores
Line 0xe8035e3ca0c0 : 3 stores
Line 0xd79e62982980 : 2 stores
Line 0xd79e62983980 : 2 stores
Line 0xe8035e3948c0 : 2 stores
Line 0x8ad330138200 : 1 stores
Line 0xea2063abc40 : 1 stores
Line 0xe8035e3cc900 : 1 stores
Line 0xd79e629851c0 : 2 stores
Line 0xe8035e394980 : 5 stores
Line 0x8ad3301382c0 : 1 stores
Line 0xea2063abd00 : 1 stores
Line 0x8ad3301372c0 : 1 stores
Line 0xea2063aad00 : 1 stores
Line 0xe8035e3cca00 : 6 stores
Line 0xd79e629852c0 : 4 stores
Line 0xe8035e3ca180 : 3 stores
Line 0xd79e62982a40 : 3 stores
Line 0xd79e62983a40 : 4 stores
Line 0xe8035e394a80 : 1 stores
Line 0x8ad3301383c0 : 2 stores
Line 0xea2063abe00 : 3 stores
Line 0x8ad3301373c0 : 3 stores
Line 0xea2063aae00 : 2 stores
Line 0xe8035e3cc9c0 : 2 stores
Line 0xd79e62985280 : 5 stores
Line 0x8ad330137340 : 1 stores
Line 0xea2063aad80 : 1 stores
Line 0xe8035e3764c0 : 2 stores
Line 0xea20638d840 : 1 stores
Line 0xe8035e3cca80 : 5 stores
Line 0xd79e62985340 : 6 stores
Line 0xe8035e3ca200 : 3 stores
Line 0xd79e62982ac0 : 2 stores
Line 0xd79e62983ac0 : 2 stores
Line 0xe8035e394a00 : 2 stores
Line 0x8ad330138340 : 1 stores
Line 0xea2063abd80 : 1 stores
Line 0xe8035e3cca40 : 1 stores
Line 0xd79e62985300 : 2 stores
Line 0xe8035e394ac0 : 5 stores
Line 0x8ad330138400 : 1 stores
Line 0xea2063abe40 : 1 stores
Line 0x8ad330137400 : 1 stores
Line 0xea2063aae40 : 1 stores
Line 0xe8035e3ca2c0 : 3 stores
Line 0xd79e62982b80 : 3 stores
Line 0xd79e62983b80 : 4 stores
Line 0xe8035e394bc0 : 1 stores
Line 0x8ad330138500 : 2 stores
Line 0xea2063abf40 : 3 stores
Line 0x8ad330137500 : 3 stores
Line 0xea2063aaf40 : 2 stores
Line 0xe8035e3ccb00 : 2 stores
Line 0xd79e629853c0 : 5 stores
Line 0x8ad330137480 : 1 stores
Line 0xea2063aaec0 : 1 stores
Line 0xe8035e376600 : 2 stores
Line 0xea20638d980 : 1 stores
Line 0xe8035e3ccbc0 : 5 stores
Line 0xd79e62985480 : 6 stores
Line 0xe8035e3ca340 : 3 stores
Line 0xd79e62982c00 : 2 stores
Line 0xd79e62983c00 : 2 stores
Line 0xe8035e394b40 : 2 stores
Line 0x8ad330138480 : 1 stores
Line 0xea2063abec0 : 1 stores
Line 0xe8035e3ccb80 : 1 stores
Line 0xd79e62985440 : 2 stores
Line 0xe8035e394c00 : 5 stores
Line 0x8ad330138540 : 1 stores
Line 0xea2063abf80 : 1 stores
Line 0x8ad330137540 : 1 stores
Line 0xea2063aaf80 : 1 stores
Line 0xe8035e3ca400 : 3 stores
Line 0xd79e62982cc0 : 3 stores
Line 0xd79e62983cc0 : 4 stores
Line 0x8ad33013b640 : 2 stores
Line 0xea2063af080 : 3 stores
Line 0xe8035e396d00 : 2 stores
Line 0x8ad33013a640 : 1 stores
Line 0xea2063ae080 : 2 stores
Line 0xe8035e3ccc40 : 2 stores
Line 0xd79e62985500 : 5 stores
Line 0xe8035e396c80 : 4 stores
Line 0x8ad33013a5c0 : 2 stores
Line 0xea2063ae000 : 1 stores
Line 0xe8035e3ccd00 : 5 stores
Line 0xd79e629855c0 : 6 stores
Line 0xe8035e376740 : 2 stores
Line 0xea20638dac0 : 1 stores
Line 0xd79e62983d40 : 2 stores
Line 0xe8035e3ca480 : 3 stores
Line 0xd79e62982d40 : 2 stores
Line 0x8ad33013b5c0 : 3 stores
Line 0xea2063af000 : 1 stores
Line 0xe8035e3cccc0 : 1 stores
Line 0xd79e62985580 : 2 stores
Line 0xe8035e396d40 : 2 stores
Line 0x8ad33013a680 : 5 stores
Line 0xea2063ae0c0 : 1 stores
Line 0x8ad33013b680 : 3 stores
Line 0xea2063af0c0 : 1 stores
Line 0xd79e62983e00 : 4 stores
Line 0xe8035e3ca540 : 3 stores
Line 0xd79e62982e00 : 3 stores
Line 0xe8035e396e40 : 2 stores
Line 0x8ad33013a780 : 1 stores
Line 0xea2063ae1c0 : 2 stores
Line 0x8ad33013b780 : 2 stores
Line 0xea2063af1c0 : 3 stores
Line 0xe8035e3ccd80 : 2 stores
Line 0xd79e62985640 : 5 stores
Line 0xe8035e396dc0 : 4 stores
Line 0x8ad33013a700 : 2 stores
Line 0xea2063ae140 : 1 stores
Line 0xe8035e3cce40 : 5 stores
Line 0xd79e62985700 : 6 stores
Line 0xe8035e376880 : 2 stores
Line 0xea20638dc00 : 1 stores
Line 0xd79e62983e80 : 2 stores
Line 0xe8035e3ca5c0 : 3 stores
Line 0xd79e62982e80 : 2 stores
Line 0x8ad33013b700 : 3 stores
Line 0xea2063af140 : 1 stores
Line 0xe8035e3cce00 : 1 stores
Line 0xd79e629856c0 : 2 stores
Line 0xe8035e396e80 : 2 stores
Line 0x8ad33013a7c0 : 5 stores
Line 0xea2063ae200 : 1 stores
Line 0x8ad33013b7c0 : 3 stores
Line 0xea2063af200 : 1 stores
Line 0xd79e62983f40 : 4 stores
Line 0xe8035e3ca680 : 3 stores
Line 0xd79e62982f40 : 3 stores
Line 0xe8035e396f80 : 2 stores
Line 0x8ad33013a8c0 : 1 stores
Line 0xea2063ae300 : 2 stores
Line 0x8ad33013b8c0 : 2 stores
Line 0xea2063af300 : 3 stores
Line 0xe8035e3ccec0 : 2 stores
Line 0xd79e62985780 : 5 stores
Line 0xe8035e396f00 : 4 stores
Line 0x8ad33013a840 : 2 stores
Line 0xea2063ae280 : 1 stores
Line 0xe8035e3ccf80 : 5 stores
Line 0xd79e62985840 : 6 stores
Line 0xe8035e3769c0 : 2 stores
Line 0xea20638dd40 : 1 stores
Line 0xd79e62983fc0 : 2 stores
Line 0xe8035e3ca700 : 3 stores
Line 0xd79e62982fc0 : 2 stores
Line 0x8ad33013b840 : 3 stores
Line 0xea2063af280 : 1 stores
Line 0xe8035e3ccf40 : 1 stores
Line 0xd79e62985800 : 2 stores
Line 0xe8035e396fc0 : 2 stores
Line 0x8ad33013a900 : 5 stores
Line 0xea2063ae340 : 1 stores
Line 0x8ad33013b900 : 3 stores
Line 0xea2063af340 : 1 stores
Line 0xe8035e3ce7c0 : 2 stores
Line 0xd79e62987080 : 3 stores
Line 0x8ad33013aa00 : 1 stores
Line 0xea2063ae440 : 2 stores
Line 0xe8035e3980c0 : 1 stores
Line 0x8ad33013ba00 : 2 stores
Line 0xea2063af440 : 3 stores
Line 0xe8035e3cd000 : 1 stores
Line 0xd79e629858c0 : 5 stores
Line 0x8ad33013a980 : 2 stores
Line 0xea2063ae3c0 : 1 stores
Line 0xe8035e376b00 : 2 stores
Line 0xea20638de80 : 1 stores
Line 0xe8035e3cd0c0 : 1 stores
Line 0xd79e62985980 : 6 stores
Line 0xe8035e3ce840 : 1 stores
Line 0xd79e62987100 : 2 stores
Line 0xe8035e3cd840 : 1 stores
Line 0xd79e62986100 : 2 stores
Line 0xe8035e398040 : 2 stores
Line 0x8ad33013b980 : 3 stores
Line 0xea2063af3c0 : 1 stores
Line 0xe8035e3cd080 : 3 stores
Line 0xd79e62985940 : 2 stores
Line 0xe8035e398100 : 5 stores
Line 0x8ad33013ba40 : 3 stores
Line 0xea2063af480 : 1 stores
Line 0x8ad33013aa40 : 5 stores
Line 0xea2063ae480 : 1 stores
Line 0xe8035e3ce900 : 2 stores
Line 0xd79e629871c0 : 3 stores
Line 0xe8035e398200 : 1 stores
Line 0x8ad33013bb40 : 2 stores
Line 0xea2063af580 : 3 stores
Line 0x8ad33013ab40 : 1 stores
Line 0xea2063ae580 : 2 stores
Line 0xe8035e3cd140 : 1 stores
Line 0xd79e62985a00 : 5 stores
Line 0x8ad33013aac0 : 2 stores
Line 0xea2063ae500 : 1 stores
Line 0xe8035e376c40 : 2 stores
Line 0xea20638dfc0 : 1 stores
Line 0xe8035e3cd200 : 1 stores
Line 0xd79e62985ac0 : 6 stores
Line 0xe8035e3ce980 : 1 stores
Line 0xd79e62987240 : 2 stores
Line 0xe8035e3cd980 : 1 stores
Line 0xd79e62986240 : 2 stores
Line 0xe8035e398180 : 2 stores
Line 0x8ad33013bac0 : 3 stores
Line 0xea2063af500 : 1 stores
Line 0xe8035e3cd1c0 : 3 stores
Line 0xd79e62985a80 : 2 stores
Line 0xe8035e398240 : 5 stores
Line 0x8ad33013bb80 : 3 stores
Line 0xea2063af5c0 : 1 stores
Line 0x8ad33013ab80 : 5 stores
Line 0xea2063ae5c0 : 1 stores
Line 0xe8035e398340 : 1 stores
Line 0x8ad33013bc80 : 2 stores
Line 0xea2063af6c0 : 3 stores
Line 0x8ad33013ac80 : 1 stores
Line 0xea2063ae6c0 : 2 stores
Line 0xe8035e3cd280 : 1 stores
Line 0xd79e62985b40 : 5 stores
Line 0x8ad33013ac00 : 2 stores
Line 0xea2063ae640 : 1 stores
Line 0xe8035e379d80 : 1 stores
Line 0x98f5690baec0 : 1 stores
Line 0xea206391100 : 1 stores
Line 0xe8035e3cd340 : 1 stores
Line 0xd79e62985c00 : 6 stores
Line 0xe8035e3ceac0 : 1 stores
Line 0xd79e62987380 : 2 stores
Line 0xe8035e3982c0 : 2 stores
Line 0x8ad33013bc00 : 3 stores
Line 0xea2063af640 : 1 stores
Line 0xe8035e3cd300 : 3 stores
Line 0xd79e62985bc0 : 2 stores
Line 0xe8035e398380 : 5 stores
Line 0x8ad33013bcc0 : 3 stores
Line 0xea2063af700 : 1 stores
Line 0x8ad33013acc0 : 5 stores
Line 0xea2063ae700 : 1 stores
Line 0xe8035e3ceb80 : 2 stores
Line 0xd79e62987440 : 3 stores
Line 0xe8035e398480 : 1 stores
Line 0x8ad33013bdc0 : 2 stores
Line 0xea2063af800 : 3 stores
Line 0x8ad33013adc0 : 1 stores
Line 0xea2063ae800 : 2 stores
Line 0xe8035e3cd3c0 : 1 stores
Line 0xd79e62985c80 : 5 stores
Line 0x8ad33013ad40 : 2 stores
Line 0xea2063ae780 : 1 stores
Line 0xe8035e379ec0 : 1 stores
Line 0xea206391240 : 1 stores
Line 0xe8035e3cd480 : 1 stores
Line 0xd79e62985d40 : 6 stores
Line 0xe8035e3cec00 : 1 stores
Line 0xd79e629874c0 : 2 stores
Line 0xe8035e398400 : 2 stores
Line 0x8ad33013bd40 : 3 stores
Line 0xea2063af780 : 1 stores
Line 0xe8035e3cd440 : 3 stores
Line 0xd79e62985d00 : 2 stores
Line 0xe8035e3984c0 : 5 stores
Line 0x8ad33013be00 : 3 stores
Line 0xea2063af840 : 1 stores
Line 0x8ad33013ae00 : 5 stores
Line 0xea2063ae840 : 1 stores
Line 0xe8035e3cecc0 : 2 stores
Line 0xd79e62987580 : 3 stores
Line 0xe8035e3985c0 : 1 stores
Line 0x8ad33013bf00 : 2 stores
Line 0xea2063af940 : 3 stores
Line 0x8ad33013af00 : 1 stores
Line 0xea2063ae940 : 2 stores
Line 0xe8035e3cd500 : 1 stores
Line 0xd79e62985dc0 : 5 stores
Line 0x8ad33013ae80 : 2 stores
Line 0xea2063ae8c0 : 1 stores
Line 0xe8035e37a000 : 2 stores
Line 0xea206391380 : 1 stores
Line 0xe8035e3cd5c0 : 1 stores
Line 0xd79e62985e80 : 6 stores
Line 0xe8035e3ced40 : 1 stores
Line 0xd79e62987600 : 2 stores
Line 0xe8035e398540 : 2 stores
Line 0x8ad33013be80 : 3 stores
Line 0xea2063af8c0 : 1 stores
Line 0xe8035e3cd580 : 3 stores
Line 0xd79e62985e40 : 2 stores
Line 0xe8035e398600 : 5 stores
Line 0x8ad33013bf40 : 3 stores
Line 0xea2063af980 : 1 stores
Line 0x8ad33013af40 : 5 stores
Line 0xea2063ae980 : 1 stores
Line 0xe8035e3cee00 : 2 stores
Line 0xd79e629876c0 : 3 stores
Line 0xe8035e398700 : 1 stores
Line 0x8ad33013c040 : 2 stores
Line 0xea2063afa80 : 3 stores
Line 0x8ad33013b040 : 3 stores
Line 0xea2063aea80 : 2 stores
Line 0xe8035e3cd640 : 1 stores
Line 0xd79e62985f00 : 5 stores
Line 0x8ad33013afc0 : 2 stores
Line 0xea2063aea00 : 1 stores
Line 0xe8035e37a140 : 2 stores
Line 0xea2063914c0 : 1 stores
Line 0xe8035e3cd700 : 1 stores
Line 0xd79e62985fc0 : 6 stores
Line 0xe8035e3cee80 : 1 stores
Line 0xd79e62987740 : 2 stores
Line 0xe8035e398680 : 2 stores
Line 0x8ad33013bfc0 : 3 stores
Line 0xea2063afa00 : 1 stores
Line 0xe8035e3cd6c0 : 3 stores
Line 0xd79e62985f80 : 2 stores
Line 0xe8035e398740 : 5 stores
Line 0x8ad33013c080 : 1 stores
Line 0xea2063afac0 : 1 stores
Line 0x8ad33013b080 : 1 stores
Line 0xea2063aeac0 : 1 stores
Line 0xe8035e3cef40 : 2 stores
Line 0xd79e62987800 : 3 stores
Line 0xe8035e398840 : 1 stores
Line 0x8ad33013c180 : 2 stores
Line 0xea2063afbc0 : 3 stores
Line 0x8ad33013b180 : 3 stores
Line 0xea2063aebc0 : 2 stores
Line 0xe8035e3d07c0 : 6 stores
Line 0xd79e62989080 : 4 stores
Line 0xe8035e3d0780 : 2 stores
Line 0xd79e62989040 : 5 stores
Line 0x8ad33013b100 : 1 stores
Line 0xea2063aeb40 : 1 stores
Line 0xe8035e37a280 : 2 stores
Line 0xea206391600 : 1 stores
Line 0xe8035e3d0840 : 5 stores
Line 0xd79e62989100 : 6 stores
Line 0xe8035e3cefc0 : 1 stores
Line 0xd79e62987880 : 2 stores
Line 0xe8035e3987c0 : 2 stores
Line 0x8ad33013c100 : 1 stores
Line 0xea2063afb40 : 1 stores
Line 0xe8035e3d0800 : 1 stores
Line 0xd79e629890c0 : 2 stores
Line 0x8ad33013b1c0 : 1 stores
Line 0xea2063aec00 : 1 stores
Line 0xe8035e398880 : 5 stores
Line 0x8ad33013c1c0 : 1 stores
Line 0xea2063afc00 : 1 stores
Line 0xe8035e3d0900 : 6 stores
Line 0xd79e629891c0 : 4 stores
Line 0xd79e62987940 : 3 stores
Line 0x8ad33013b2c0 : 3 stores
Line 0xea2063aed00 : 2 stores
Line 0xe8035e398980 : 1 stores
Line 0x8ad33013c2c0 : 2 stores
Line 0xea2063afd00 : 3 stores
Line 0xe8035e3d08c0 : 2 stores
Line 0xd79e62989180 : 5 stores
Line 0x8ad33013b240 : 1 stores
Line 0xea2063aec80 : 1 stores
Line 0xe8035e3d0980 : 5 stores
Line 0xd79e62989240 : 6 stores
Line 0xe8035e37a3c0 : 2 stores
Line 0xea206391740 : 1 stores
Line 0xd79e629879c0 : 2 stores
Line 0xe8035e398900 : 2 stores
Line 0x8ad33013c240 : 1 stores
Line 0xea2063afc80 : 1 stores
Line 0xe8035e3d0940 : 1 stores
Line 0xd79e62989200 : 2 stores
Line 0x8ad33013b300 : 1 stores
Line 0xea2063aed40 : 1 stores
Line 0xe8035e3989c0 : 5 stores
Line 0x8ad33013c300 : 1 stores
Line 0xea2063afd40 : 1 stores
Line 0xe8035e3d0a40 : 6 stores
Line 0xd79e62989300 : 4 stores
Line 0xd79e62987a80 : 3 stores
Line 0x8ad33013b400 : 3 stores
Line 0xea2063aee40 : 2 stores
Line 0xe8035e398ac0 : 1 stores
Line 0x8ad33013c400 : 2 stores
Line 0xea2063afe40 : 3 stores
Line 0xe8035e3d0a00 : 2 stores
Line 0xd79e629892c0 : 5 stores
Line 0x8ad33013b380 : 1 stores
Line 0xea2063aedc0 : 1 stores
Line 0xe8035e3d0ac0 : 5 stores
Line 0xd79e62989380 : 6 stores
Line 0xe8035e37a500 : 2 stores
Line 0xea206391880 : 1 stores
Line 0xd79e62987b00 : 2 stores
Line 0xe8035e398a40 : 2 stores
Line 0x8ad33013c380 : 1 stores
Line 0xea2063afdc0 : 1 stores
Line 0xe8035e3d0a80 : 1 stores
Line 0xd79e62989340 : 2 stores
Line 0x8ad33013b440 : 1 stores
Line 0xea2063aee80 : 1 stores
Line 0xe8035e398b00 : 5 stores
Line 0x8ad33013c440 : 1 stores
Line 0xea2063afe80 : 1 stores
Line 0xe8035e3d0b80 : 6 stores
Line 0xd79e62989440 : 4 stores
Line 0xd79e62987bc0 : 3 stores
Line 0x8ad33013b540 : 3 stores
Line 0xea2063aef80 : 2 stores
Line 0xe8035e398c00 : 1 stores
Line 0x8ad33013c540 : 2 stores
Line 0xea2063aff80 : 3 stores
Line 0xe8035e3d0b40 : 2 stores
Line 0xd79e62989400 : 5 stores
Line 0x8ad33013b4c0 : 1 stores
Line 0xea2063aef00 : 1 stores
Line 0xe8035e3d0c00 : 5 stores
Line 0xd79e629894c0 : 6 stores
Line 0xe8035e37a640 : 2 stores
Line 0xea2063919c0 : 1 stores
Line 0xd79e62987c40 : 2 stores
Line 0xe8035e398b80 : 2 stores
Line 0x8ad33013c4c0 : 1 stores
Line 0xea2063aff00 : 1 stores
Line 0xe8035e3d0bc0 : 1 stores
Line 0xd79e62989480 : 2 stores
Line 0x8ad33013b580 : 1 stores
Line 0xea2063aefc0 : 1 stores
Line 0xe8035e398c40 : 5 stores
Line 0x8ad33013c580 : 1 stores
Line 0xea2063affc0 : 1 stores
Line 0xe8035e3d0cc0 : 6 stores
Line 0xd79e62989580 : 4 stores
Line 0xd79e62987d00 : 3 stores
Line 0xa1abd7f320c0 : 2 stores
Line 0xe8035e3d0c80 : 2 stores
Line 0xd79e62989540 : 5 stores
Line 0xa1abd7f32040 : 1 stores
Line 0xe8035e3d0d40 : 5 stores
Line 0xd79e62989600 : 6 stores
Line 0xe8035e37a780 : 2 stores
Line 0xea206391b00 : 1 stores
Line 0xd79e62987d80 : 2 stores
Line 0xe8035e3d0d00 : 1 stores
Line 0xd79e629895c0 : 2 stores
Line 0xa1abd7f32100 : 1 stores
Line 0xe8035e3d0e00 : 6 stores
Line 0xd79e629896c0 : 4 stores
Line 0xd79e62987e40 : 3 stores
Line 0xa1abd7f32200 : 2 stores
Line 0xe8035e3d0dc0 : 2 stores
Line 0xd79e62989680 : 5 stores
Line 0xa1abd7f32180 : 1 stores
Line 0xe8035e3d0e80 : 5 stores
Line 0xd79e62989740 : 6 stores
Line 0xe8035e37a8c0 : 2 stores
Line 0xea206391c40 : 1 stores
Line 0xd79e62987ec0 : 2 stores
Line 0xe8035e3d0e40 : 1 stores
Line 0xd79e62989700 : 2 stores
Line 0xa1abd7f32240 : 1 stores
Line 0xe8035e3d0f40 : 6 stores
Line 0xd79e62989800 : 4 stores
Line 0xd79e62987f80 : 3 stores
Line 0xa1abd7f32340 : 2 stores
Line 0xe8035e3d0f00 : 2 stores
Line 0xd79e629897c0 : 5 stores
Line 0xa1abd7f322c0 : 1 stores
Line 0xe8035e3d0fc0 : 5 stores
Line 0xd79e62989880 : 6 stores
Line 0xe8035e37aa00 : 2 stores
Line 0xea206391d80 : 1 stores
Line 0xe8035e3d1740 : 1 stores
Line 0xd79e6298a000 : 2 stores
Line 0xe8035e3d2740 : 1 stores
Line 0xd79e6298b000 : 2 stores
Line 0xe8035e3d0f80 : 1 stores
Line 0xd79e62989840 : 2 stores
Line 0xa1abd7f32380 : 1 stores
Line 0xe8035e3d1080 : 2 stores
Line 0xd79e62989940 : 4 stores
Line 0xe8035e3d1800 : 2 stores
Line 0xd79e6298a0c0 : 4 stores
Line 0xe8035e3d2800 : 2 stores
Line 0xd79e6298b0c0 : 3 stores
Line 0xa1abd7f32480 : 2 stores
Line 0xe8035e3d1040 : 1 stores
Line 0xd79e62989900 : 5 stores
Line 0xa1abd7f32400 : 1 stores
Line 0xe8035e3d1100 : 1 stores
Line 0xd79e629899c0 : 6 stores
Line 0xe8035e37ab40 : 2 stores
Line 0xea206391ec0 : 1 stores
Line 0xe8035e3d1880 : 1 stores
Line 0xd79e6298a140 : 2 stores
Line 0xe8035e3d2880 : 1 stores
Line 0xd79e6298b140 : 2 stores
Line 0xe8035e3d10c0 : 2 stores
Line 0xd79e62989980 : 2 stores
Line 0xa1abd7f324c0 : 1 stores
Line 0xe8035e3d11c0 : 2 stores
Line 0xd79e62989a80 : 4 stores
Line 0xe8035e3d1940 : 2 stores
Line 0xd79e6298a200 : 4 stores
Line 0xa1abd7f325c0 : 2 stores
Line 0xe8035e3d1180 : 1 stores
Line 0xd79e62989a40 : 5 stores
Line 0xa1abd7f32540 : 1 stores
Line 0xe8035e37dc80 : 1 stores
Line 0xea206395000 : 1 stores
Line 0xe8035e3d1240 : 1 stores
Line 0xd79e62989b00 : 6 stores
Line 0xe8035e3d19c0 : 1 stores
Line 0xd79e6298a280 : 2 stores
Line 0xe8035e3d1200 : 2 stores
Line 0xd79e62989ac0 : 2 stores
Line 0xa1abd7f32600 : 1 stores
Line 0xe8035e3d1300 : 2 stores
Line 0xd79e62989bc0 : 4 stores
Line 0xe8035e3d1a80 : 2 stores
Line 0xd79e6298a340 : 4 stores
Line 0xa1abd7f32700 : 2 stores
Line 0xe8035e3d12c0 : 1 stores
Line 0xd79e62989b80 : 5 stores
Line 0xa1abd7f32680 : 1 stores
Line 0xe8035e37ddc0 : 1 stores
Line 0xea206395140 : 1 stores
Line 0xe8035e3d1380 : 1 stores
Line 0xd79e62989c40 : 6 stores
Line 0xe8035e3d1b00 : 1 stores
Line 0xd79e6298a3c0 : 2 stores
Line 0xe8035e3d1340 : 2 stores
Line 0xd79e62989c00 : 2 stores
Line 0xa1abd7f32740 : 1 stores
Line 0xe8035e3d1440 : 2 stores
Line 0xd79e62989d00 : 4 stores
Line 0xe8035e3d1bc0 : 2 stores
Line 0xd79e6298a480 : 4 stores
Line 0xa1abd7f32840 : 2 stores
Line 0xe8035e3d1400 : 1 stores
Line 0xd79e62989cc0 : 5 stores
Line 0xa1abd7f327c0 : 1 stores
Line 0xe8035e37df00 : 1 stores
Line 0xea206395280 : 1 stores
Line 0xe8035e3d14c0 : 1 stores
Line 0xd79e62989d80 : 6 stores
Line 0xe8035e3d1c40 : 1 stores
Line 0xd79e6298a500 : 2 stores
Line 0xe8035e3d1480 : 2 stores
Line 0xd79e62989d40 : 2 stores
Line 0xa1abd7f32880 : 1 stores
Line 0xe8035e3d1580 : 2 stores
Line 0xd79e62989e40 : 4 stores
Line 0xe8035e3d1d00 : 2 stores
Line 0xd79e6298a5c0 : 4 stores
Line 0xe8035e3d1540 : 1 stores
Line 0xd79e62989e00 : 5 stores
Line 0xe8035e37e040 : 2 stores
Line 0xea2063953c0 : 1 stores
Line 0xe8035e3d1600 : 1 stores
Line 0xd79e62989ec0 : 6 stores
Line 0xe8035e3d1d80 : 1 stores
Line 0xd79e6298a640 : 2 stores
Line 0xe8035e3d15c0 : 2 stores
Line 0xd79e62989e80 : 2 stores
Line 0xe8035e3d16c0 : 2 stores
Line 0xd79e62989f80 : 4 stores
Line 0xe8035e3d1e40 : 2 stores
Line 0xd79e6298a700 : 4 stores
Line 0xe8035e3d1680 : 1 stores
Line 0xd79e62989f40 : 5 stores
Line 0xe8035e37e180 : 2 stores
Line 0xea206395500 : 1 stores
Line 0xe8035e3d1ec0 : 1 stores
Line 0xd79e6298a780 : 2 stores
Line 0xe8035e3d4740 : 5 stores
Line 0xd79e6298d000 : 6 stores
Line 0xe8035e3d1700 : 2 stores
Line 0xd79e62989fc0 : 2 stores
Line 0xe8035e3d4800 : 6 stores
Line 0xd79e6298d0c0 : 4 stores
Line 0xe8035e3d1f80 : 2 stores
Line 0xd79e6298a840 : 4 stores
Line 0xe8035e3d47c0 : 2 stores
Line 0xd79e6298d080 : 5 stores
Line 0xe8035e3d4880 : 5 stores
Line 0xd79e6298d140 : 6 stores
Line 0xe8035e37e2c0 : 2 stores
Line 0xea206395640 : 1 stores
Line 0xe8035e3d2000 : 3 stores
Line 0xd79e6298a8c0 : 2 stores
Line 0xe8035e3d4840 : 1 stores
Line 0xd79e6298d100 : 2 stores
Line 0xe8035e3d20c0 : 3 stores
Line 0xd79e6298a980 : 4 stores
Line 0xe8035e37e400 : 2 stores
Line 0xea206395780 : 1 stores
Line 0xe8035e3d2140 : 3 stores
Line 0xd79e6298aa00 : 2 stores
Line 0xe8035e3d2200 : 3 stores
Line 0xd79e6298aac0 : 4 stores
Line 0xe8035e37e540 : 2 stores
Line 0xea2063958c0 : 1 stores
Line 0xe8035e3d2280 : 3 stores
Line 0xd79e6298ab40 : 2 stores
Line 0xe8035e3d2340 : 3 stores
Line 0xd79e6298ac00 : 4 stores
Line 0xe8035e37e680 : 2 stores
Line 0xea206395a00 : 1 stores
Line 0xe8035e3d23c0 : 3 stores
Line 0xd79e6298ac80 : 2 stores
Line 0xa1abd7f36000 : 1 stores
Line 0xe8035e3d2480 : 3 stores
Line 0xd79e6298ad40 : 4 stores
Line 0xa1abd7f36100 : 2 stores
Line 0xa1abd7f36080 : 1 stores
Line 0xe8035e37e7c0 : 2 stores
Line 0xea206395b40 : 1 stores
Line 0xe8035e3d2500 : 3 stores
Line 0xd79e6298adc0 : 2 stores
Line 0xa1abd7f36140 : 1 stores
Line 0xe8035e3d25c0 : 3 stores
Line 0xd79e6298ae80 : 4 stores
Line 0xa1abd7f36240 : 2 stores
Line 0xa1abd7f361c0 : 1 stores
Line 0xe8035e37e900 : 2 stores
Line 0xea206395c80 : 1 stores
Line 0xe8035e3d2640 : 3 stores
Line 0xd79e6298af00 : 2 stores
Line 0xa1abd7f36280 : 1 stores
Line 0xe8035e3d2700 : 3 stores
Line 0xd79e6298afc0 : 4 stores
Line 0xa1abd7f36380 : 2 stores
Line 0xa1abd7f36300 : 1 stores
Line 0xe8035e37ea40 : 2 stores
Line 0xea206395dc0 : 1 stores
Line 0xa1abd7f363c0 : 1 stores
Line 0xa1abd7f364c0 : 2 stores
Line 0xa1abd7f36440 : 1 stores
Line 0xe8035e37eb80 : 2 stores
Line 0xea206395f00 : 1 stores
Line 0xa1abd7f36500 : 1 stores
Line 0xa1abd7f36600 : 2 stores
Line 0xa1abd7f36580 : 1 stores
Line 0xe8035e381cc0 : 1 stores
Line 0xea206399040 : 1 stores
Line 0xa1abd7f36640 : 1 stores
Line 0xa1abd7f36740 : 2 stores
Line 0xa1abd7f366c0 : 1 stores
Line 0xe8035e381e00 : 1 stores
Line 0xea206399180 : 1 stores
Line 0xa1abd7f36780 : 1 stores
Line 0xa1abd7f36880 : 2 stores
Line 0xa1abd7f36800 : 1 stores
Line 0xa1abd7f368c0 : 1 stores
Line 0xe8035e3d8780 : 5 stores
Line 0xd79e62991040 : 6 stores
Line 0xe8035e3d8740 : 1 stores
Line 0xd79e62991000 : 2 stores
Line 0xe8035e3d8840 : 6 stores
Line 0xd79e62991100 : 4 stores
Line 0xe8035e3d8800 : 2 stores
Line 0xd79e629910c0 : 5 stores
Line 0xe8035e3d8880 : 1 stores
Line 0xd79e62991140 : 2 stores
Line 0x98f5690a1040 : 2 stores
Line 0xea206377280 : 4 stores
Line 0x6c6f1e455000 : 2 stores
Line 0x98f5690a2040 : 2 stores
Line 0x6c6f1e456000 : 3 stores
Line 0x98f5690a1080 : 2 stores
Line 0xea2063772c0 : 1 stores
Line 0x6c6f1e455040 : 1 stores
Line 0x98f5690a2080 : 3 stores
Line 0x6c6f1e456040 : 1 stores
Line 0x98f5690a1180 : 2 stores
Line 0xea2063773c0 : 4 stores
Line 0x6c6f1e455140 : 2 stores
Line 0x98f5690a2180 : 2 stores
Line 0x6c6f1e456140 : 3 stores
Line 0x98f5690a1100 : 4 stores
Line 0xea206377340 : 2 stores
Line 0x6c6f1e4550c0 : 1 stores
Line 0x98f5690a2100 : 3 stores
Line 0x6c6f1e4560c0 : 1 stores
Line 0x98f5690a11c0 : 2 stores
Line 0xea206377400 : 1 stores
Line 0x6c6f1e455180 : 1 stores
Line 0x98f5690a21c0 : 3 stores
Line 0x6c6f1e456180 : 1 stores
Line 0x98f5690a12c0 : 2 stores
Line 0xea206377500 : 4 stores
Line 0x6c6f1e455280 : 2 stores
Line 0x98f5690a22c0 : 2 stores
Line 0x6c6f1e456280 : 3 stores
Line 0x98f5690a1240 : 4 stores
Line 0xea206377480 : 2 stores
Line 0x6c6f1e455200 : 1 stores
Line 0x98f5690a2240 : 3 stores
Line 0x6c6f1e456200 : 1 stores
Line 0x98f5690a2300 : 3 stores
Line 0x6c6f1e4562c0 : 1 stores
Line 0x98f5690a1300 : 2 stores
Line 0xea206377540 : 1 stores
Line 0x6c6f1e4552c0 : 1 stores
Line 0x98f5690a2400 : 2 stores
Line 0x6c6f1e4563c0 : 3 stores
Line 0x98f5690a1400 : 2 stores
Line 0xea206377640 : 4 stores
Line 0x6c6f1e4553c0 : 2 stores
Line 0x98f5690a1380 : 4 stores
Line 0xea2063775c0 : 2 stores
Line 0x6c6f1e455340 : 1 stores

Total unique cache lines stored to: 32007
Total CPU store executions: 186790
Maximum stores to one cache line: 34366

DRAM Statistics
 CHANNEL 0
 RQ ROW_BUFFER_HIT:      19448  ROW_BUFFER_MISS:      17596
 DBUS_CONGESTED:       7663
 WQ ROW_BUFFER_HIT:       1329  ROW_BUFFER_MISS:       6074  FULL:          0

 AVG_CONGESTED_CYCLE: 5

CPU 0 Branch Prediction Accuracy: 95.6962% MPKI: 0.646 Average ROB Occupancy at Mispredict: 254.537

Branch types
NOT_BRANCH: 984912 98.4912%
BRANCH_DIRECT_JUMP: 1750 0.175%
BRANCH_INDIRECT: 0 0%
BRANCH_CONDITIONAL: 13260 1.326%
BRANCH_DIRECT_CALL: 0 0%
BRANCH_INDIRECT_CALL: 0 0%
BRANCH_RETURN: 0 0%
BRANCH_OTHER: 0 0%

